review_id,employee_id,employee_name,department,system,access_level,reviewer,approved,review_date
AR000001,EMP00295,Kristen Howell,IT,AWS,Admin,Carol Davis,False,2026-05-25 16:29:28.686840
AR000002,EMP00163,Misty Rice,IT,ServiceNow,Read,Alice Johnson,True,2025-08-14 16:29:28.686840
AR000003,EMP00410,Jesse Watkins,IT,Active Directory,Read,Alice Johnson,True,2026-04-13 16:29:28.686840
AR000004,EMP00406,Kyle Rojas,Human Resources,GitHub,Write,David Brown,True,2026-03-02 16:29:28.686840
AR000005,EMP00318,Traci Edwards,Security,ServiceNow,Write,Carol Davis,False,2026-07-26 16:29:28.686840
AR000006,EMP00402,Clayton Baker,IT,GitHub,Read,Carol Davis,False,2026-03-20 16:29:28.686840
AR000007,EMP00242,George Yoder,Finance,Azure,Write,Carol Davis,False,2026-03-23 16:29:28.686840
AR000008,EMP00032,Jeremiah Bryant,Human Resources,ServiceNow,Read,Carol Davis,False,2025-08-07 16:29:28.686840
AR000009,EMP00164,Mary Meyer,IT,ServiceNow,Admin,Alice Johnson,False,2026-07-04 16:29:28.686840
AR000010,EMP00006,Austin Benson,Legal,AWS,Write,Carol Davis,True,2025-10-31 16:29:28.686840
AR000011,EMP00324,Donna Smith,Finance,Azure,Admin,Alice Johnson,False,2025-10-02 16:29:28.686840
AR000012,EMP00245,Sarah Jefferson,Operations,Azure,Write,Bob Smith,False,2026-03-18 16:29:28.686840
AR000013,EMP00455,James Pierce,Finance,Azure,Admin,Alice Johnson,True,2026-03-27 16:29:28.686840
AR000014,EMP00141,William Durham,Finance,AWS,Admin,Alice Johnson,True,2026-06-08 16:29:28.686840
AR000015,EMP00468,Angela Irwin,IT,Active Directory,Admin,Carol Davis,True,2025-10-22 16:29:28.686840
AR000016,EMP00447,Kevin Frederick,Security,Azure,Read,Alice Johnson,False,2026-02-21 16:29:28.686840
AR000017,EMP00328,Stacey Barajas,Engineering,Active Directory,Read,Alice Johnson,False,2025-11-08 16:29:28.686840
AR000018,EMP00071,William Maldonado,Human Resources,AWS,Write,David Brown,False,2026-05-31 16:29:28.686840
AR000019,EMP00141,William Durham,Finance,Salesforce,Write,Carol Davis,False,2026-05-06 16:29:28.686840
AR000020,EMP00171,Kelly Flores,Finance,AWS,Read,David Brown,True,2025-09-20 16:29:28.686840
AR000021,EMP00457,Erik Reyes,Operations,Azure,Admin,Alice Johnson,False,2026-04-23 16:29:28.686840
AR000022,EMP00403,Alexandra Hansen,Security,AWS,Write,Bob Smith,True,2026-05-02 16:29:28.686840
AR000023,EMP00380,Dennis Garrett,IT,Active Directory,Read,Alice Johnson,False,2026-02-06 16:29:28.686840
AR000024,EMP00291,Mario Bailey,Engineering,AWS,Admin,David Brown,False,2025-08-20 16:29:28.686840
AR000025,EMP00092,Micheal Barajas,Security,AWS,Admin,Alice Johnson,False,2025-11-15 16:29:28.686840
AR000026,EMP00150,Kyle Cain,Security,Active Directory,Admin,Alice Johnson,True,2026-04-11 16:29:28.686840
AR000027,EMP00496,Jason Lam,Finance,Azure,Write,Bob Smith,False,2026-07-01 16:29:28.686840
AR000028,EMP00266,Stephen Lloyd,IT,Active Directory,Read,David Brown,True,2026-06-16 16:29:28.686840
AR000029,EMP00187,Marie Bates,Human Resources,Salesforce,Write,Alice Johnson,True,2026-02-02 16:29:28.686840
AR000030,EMP00346,Alicia Howard,Legal,Active Directory,Write,Bob Smith,True,2026-04-07 16:29:28.686840
AR000031,EMP00339,Paul Jenkins,Finance,GitHub,Admin,Alice Johnson,False,2026-04-02 16:29:28.686840
AR000032,EMP00363,Leslie Johnson,Operations,AWS,Write,Bob Smith,True,2025-11-10 16:29:28.686840
AR000033,EMP00344,Kent Carter,Finance,Active Directory,Admin,Bob Smith,False,2025-09-25 16:29:28.686840
AR000034,EMP00073,William Velasquez,Human Resources,GitHub,Admin,Bob Smith,True,2025-11-10 16:29:28.686840
AR000035,EMP00284,David Miller,IT,ServiceNow,Write,Bob Smith,False,2026-04-04 16:29:28.686840
AR000036,EMP00078,Deborah Cooper MD,Security,AWS,Write,Bob Smith,False,2025-10-07 16:29:28.686840
AR000037,EMP00333,Tara Armstrong,Engineering,GitHub,Read,Alice Johnson,True,2025-09-01 16:29:28.686840
AR000038,EMP00435,Ronald Rogers,Legal,AWS,Read,David Brown,True,2025-11-03 16:29:28.686840
AR000039,EMP00157,Nicole Knox,Legal,GitHub,Write,David Brown,False,2026-02-04 16:29:28.686840
AR000040,EMP00081,Paul Patterson,Legal,ServiceNow,Write,Bob Smith,True,2025-09-17 16:29:28.686840
AR000041,EMP00130,Michele Thomas,IT,AWS,Read,Alice Johnson,False,2026-01-24 16:29:28.686840
AR000042,EMP00272,Shannon Hicks,Human Resources,GitHub,Read,Bob Smith,True,2025-08-21 16:29:28.686840
AR000043,EMP00260,Thomas Allen,Human Resources,Salesforce,Admin,David Brown,True,2026-02-26 16:29:28.686840
AR000044,EMP00343,Dominique Franklin,Security,Active Directory,Read,Alice Johnson,True,2025-10-09 16:29:28.686840
AR000045,EMP00498,Ricky Cook,Operations,ServiceNow,Admin,Carol Davis,True,2025-11-29 16:29:28.686840
AR000046,EMP00482,Jennifer Patel DVM,Engineering,Active Directory,Read,Alice Johnson,False,2025-10-03 16:29:28.686840
AR000047,EMP00226,Lynn Mercado,Operations,AWS,Read,Alice Johnson,True,2026-05-14 16:29:28.686840
AR000048,EMP00133,Cynthia Woodward,Operations,AWS,Read,Bob Smith,True,2025-10-20 16:29:28.686840
AR000049,EMP00100,Terry Rios,Legal,ServiceNow,Admin,Bob Smith,True,2026-07-28 16:29:28.686840
AR000050,EMP00179,Miguel Weber,Engineering,GitHub,Read,Carol Davis,False,2025-10-24 16:29:28.686840
AR000051,EMP00208,Kimberly Walker,Operations,Salesforce,Admin,Alice Johnson,True,2026-07-15 16:29:28.686840
AR000052,EMP00493,Edward Ferrell,Finance,Active Directory,Read,Carol Davis,True,2025-12-12 16:29:28.686840
AR000053,EMP00436,Jill Patterson,IT,GitHub,Admin,David Brown,False,2026-06-03 16:29:28.686840
AR000054,EMP00087,Steven Schneider,Operations,AWS,Read,Bob Smith,True,2026-03-18 16:29:28.686840
AR000055,EMP00418,Adam Brown,IT,Active Directory,Read,Alice Johnson,False,2025-10-14 16:29:28.686840
AR000056,EMP00092,Micheal Barajas,Security,AWS,Write,Alice Johnson,True,2026-02-17 16:29:28.686840
AR000057,EMP00014,Samantha Valdez,Operations,Active Directory,Write,David Brown,False,2025-08-20 16:29:28.686840
AR000058,EMP00253,Richard Bailey,Engineering,Active Directory,Read,David Brown,False,2026-07-25 16:29:28.686840
AR000059,EMP00303,Judith Wright,Security,ServiceNow,Write,Alice Johnson,False,2025-09-18 16:29:28.686840
AR000060,EMP00307,Theresa Summers,Engineering,Salesforce,Read,David Brown,True,2026-01-24 16:29:28.686840
AR000061,EMP00418,Adam Brown,IT,Azure,Write,David Brown,False,2025-10-09 16:29:28.686840
AR000062,EMP00460,Maureen Lopez,Security,AWS,Admin,Bob Smith,True,2026-02-17 16:29:28.686840
AR000063,EMP00126,Isabel Perez,Engineering,AWS,Admin,David Brown,True,2026-03-26 16:29:28.686840
AR000064,EMP00428,Jaime Baker,Legal,ServiceNow,Read,Alice Johnson,True,2026-03-01 16:29:28.686840
AR000065,EMP00432,Jennifer Torres,Human Resources,Active Directory,Read,David Brown,True,2025-11-04 16:29:28.686840
AR000066,EMP00475,Heather Jones,Operations,GitHub,Write,Alice Johnson,False,2025-11-06 16:29:28.686840
AR000067,EMP00318,Traci Edwards,Security,AWS,Write,Alice Johnson,True,2026-07-01 16:29:28.686840
AR000068,EMP00226,Lynn Mercado,Operations,AWS,Admin,David Brown,True,2026-03-13 16:29:28.686840
AR000069,EMP00081,Paul Patterson,Legal,Salesforce,Read,Carol Davis,False,2025-11-14 16:29:28.686840
AR000070,EMP00014,Samantha Valdez,Operations,GitHub,Write,David Brown,False,2025-09-03 16:29:28.686840
AR000071,EMP00018,Katherine Adams,Human Resources,Salesforce,Admin,Bob Smith,False,2026-05-27 16:29:28.686840
AR000072,EMP00436,Jill Patterson,IT,AWS,Admin,Bob Smith,True,2026-02-19 16:29:28.686840
AR000073,EMP00313,Darren Middleton,Human Resources,ServiceNow,Write,Carol Davis,False,2025-09-07 16:29:28.686840
AR000074,EMP00298,Patricia Potter,Human Resources,GitHub,Read,David Brown,False,2026-03-25 16:29:28.686840
AR000075,EMP00269,Travis Johnson,Security,GitHub,Write,David Brown,True,2026-06-15 16:29:28.686840
AR000076,EMP00203,Colleen Walker,Engineering,Azure,Write,Alice Johnson,False,2026-05-05 16:29:28.686840
AR000077,EMP00159,Andrew Roberts,Operations,ServiceNow,Read,David Brown,False,2026-01-20 16:29:28.686840
AR000078,EMP00487,Jason Richardson,IT,Azure,Admin,David Brown,False,2026-05-17 16:29:28.686840
AR000079,EMP00096,Lauren Jensen,Human Resources,Salesforce,Admin,David Brown,True,2025-10-24 16:29:28.686840
AR000080,EMP00068,Sean Reyes,Human Resources,AWS,Admin,David Brown,True,2026-06-21 16:29:28.686840
AR000081,EMP00177,Brett Murray,Finance,Salesforce,Write,Carol Davis,True,2025-08-25 16:29:28.686840
AR000082,EMP00118,Nicole Orr,Finance,Azure,Read,Carol Davis,False,2026-05-13 16:29:28.686840
AR000083,EMP00141,William Durham,Finance,AWS,Read,Alice Johnson,True,2026-04-15 16:29:28.686840
AR000084,EMP00207,Robert Ford,Legal,AWS,Admin,David Brown,False,2026-04-04 16:29:28.686840
AR000085,EMP00327,Joel Peters,Legal,GitHub,Write,Alice Johnson,False,2025-11-30 16:29:28.686840
AR000086,EMP00151,Paige Harrington,Operations,ServiceNow,Read,David Brown,True,2026-02-06 16:29:28.686840
AR000087,EMP00496,Jason Lam,Finance,AWS,Admin,Alice Johnson,True,2026-02-01 16:29:28.686840
AR000088,EMP00427,Thomas Tucker,Engineering,GitHub,Admin,Bob Smith,False,2026-01-23 16:29:28.686840
AR000089,EMP00438,Michael Fisher,IT,Azure,Read,Bob Smith,False,2026-03-22 16:29:28.686840
AR000090,EMP00255,Monica Lee,IT,Azure,Read,Bob Smith,False,2026-03-06 16:29:28.686840
AR000091,EMP00210,Meredith Atkinson DVM,Operations,Azure,Read,Bob Smith,True,2025-11-19 16:29:28.686840
AR000092,EMP00154,Robert Howell,Legal,Active Directory,Admin,Carol Davis,False,2026-03-29 16:29:28.686840
AR000093,EMP00463,Justin Webster,Human Resources,Salesforce,Read,Bob Smith,True,2025-11-11 16:29:28.686840
AR000094,EMP00309,Marcus Schwartz,Human Resources,Salesforce,Admin,Carol Davis,True,2025-11-01 16:29:28.686840
AR000095,EMP00154,Robert Howell,Legal,Salesforce,Read,David Brown,True,2025-10-06 16:29:28.686840
AR000096,EMP00045,Jose Williams,Engineering,GitHub,Admin,Bob Smith,False,2025-10-15 16:29:28.686840
AR000097,EMP00364,Eric Wilcox,IT,ServiceNow,Admin,Alice Johnson,True,2025-12-20 16:29:28.686840
AR000098,EMP00261,Michael Carpenter,Human Resources,Salesforce,Admin,Alice Johnson,True,2026-05-24 16:29:28.686840
AR000099,EMP00090,Leonard Brown,IT,Salesforce,Read,Carol Davis,False,2026-02-27 16:29:28.686840
AR000100,EMP00037,Harold Oliver,Operations,AWS,Admin,David Brown,True,2025-09-21 16:29:28.686840
AR000101,EMP00423,Roberto Thomas,Security,Azure,Admin,Bob Smith,True,2025-08-12 16:29:28.686840
AR000102,EMP00240,Randy Gordon,Legal,Active Directory,Admin,David Brown,False,2025-11-14 16:29:28.686840
AR000103,EMP00056,Jose Johnson,IT,ServiceNow,Write,Alice Johnson,True,2025-11-04 16:29:28.686840
AR000104,EMP00433,Tyler Garcia,Operations,ServiceNow,Write,Bob Smith,False,2025-11-12 16:29:28.686840
AR000105,EMP00130,Michele Thomas,IT,ServiceNow,Admin,Alice Johnson,False,2026-03-05 16:29:28.686840
AR000106,EMP00116,Penny Frazier,Human Resources,AWS,Read,David Brown,False,2025-09-11 16:29:28.686840
AR000107,EMP00268,Justin Blankenship,Human Resources,GitHub,Read,Bob Smith,False,2026-07-08 16:29:28.686840
AR000108,EMP00013,Sarah Silva,Legal,Salesforce,Write,Alice Johnson,False,2025-09-03 16:29:28.686840
AR000109,EMP00320,David Ayala,Security,Active Directory,Write,Alice Johnson,True,2025-11-12 16:29:28.686840
AR000110,EMP00045,Jose Williams,Engineering,Salesforce,Read,Bob Smith,False,2025-11-24 16:29:28.686840
AR000111,EMP00018,Katherine Adams,Human Resources,Active Directory,Write,Carol Davis,False,2025-11-05 16:29:28.686840
AR000112,EMP00086,Kimberly Castillo,Security,Active Directory,Write,Bob Smith,False,2025-11-04 16:29:28.686840
AR000113,EMP00266,Stephen Lloyd,IT,Active Directory,Admin,David Brown,False,2026-07-01 16:29:28.686840
AR000114,EMP00332,David Francis,Security,Azure,Admin,David Brown,True,2026-02-14 16:29:28.686840
AR000115,EMP00434,Dean Mayo,Human Resources,Active Directory,Write,Carol Davis,True,2026-03-25 16:29:28.686840
AR000116,EMP00247,David Shah,Finance,Salesforce,Read,Bob Smith,False,2026-04-04 16:29:28.686840
AR000117,EMP00102,Jake Barker,Security,Salesforce,Admin,Carol Davis,True,2025-08-30 16:29:28.686840
AR000118,EMP00136,Luke Marshall,Finance,AWS,Write,Alice Johnson,False,2026-06-17 16:29:28.686840
AR000119,EMP00102,Jake Barker,Security,Salesforce,Write,Alice Johnson,True,2025-10-09 16:29:28.686840
AR000120,EMP00305,Benjamin Stewart,Human Resources,Salesforce,Write,David Brown,True,2025-11-10 16:29:28.686840
AR000121,EMP00474,Ricardo Perez,Legal,ServiceNow,Read,Carol Davis,True,2026-06-16 16:29:28.686840
AR000122,EMP00115,Benjamin Thompson,IT,GitHub,Write,Carol Davis,False,2026-01-19 16:29:28.686840
AR000123,EMP00104,Leonard Davis,Security,GitHub,Write,Alice Johnson,True,2026-07-23 16:29:28.686840
AR000124,EMP00163,Misty Rice,IT,ServiceNow,Write,David Brown,False,2026-02-10 16:29:28.686840
AR000125,EMP00081,Paul Patterson,Legal,GitHub,Admin,David Brown,True,2025-09-01 16:29:28.686840
AR000126,EMP00443,Michelle Richardson,Human Resources,AWS,Write,Alice Johnson,True,2026-07-09 16:29:28.686840
AR000127,EMP00287,Donna Ramirez,Operations,GitHub,Read,David Brown,False,2025-09-10 16:29:28.686840
AR000128,EMP00294,Shannon Roy,Security,GitHub,Read,Alice Johnson,False,2026-06-28 16:29:28.686840
AR000129,EMP00493,Edward Ferrell,Finance,Salesforce,Read,Alice Johnson,False,2026-05-23 16:29:28.686840
AR000130,EMP00263,Alexis Roberts,Finance,AWS,Write,Carol Davis,True,2026-04-28 16:29:28.686840
AR000131,EMP00359,Michael Barajas,Operations,ServiceNow,Write,Bob Smith,True,2026-02-03 16:29:28.686840
AR000132,EMP00033,Matthew Moody,IT,GitHub,Read,Carol Davis,False,2025-11-15 16:29:28.686840
AR000133,EMP00308,Christopher Grant,Finance,Active Directory,Write,Alice Johnson,False,2025-12-28 16:29:28.686840
AR000134,EMP00152,Amber Maddox,Operations,Salesforce,Admin,Bob Smith,False,2026-04-24 16:29:28.686840
AR000135,EMP00451,James Watson,Legal,Active Directory,Admin,Alice Johnson,True,2026-07-23 16:29:28.686840
AR000136,EMP00410,Jesse Watkins,IT,GitHub,Admin,Carol Davis,False,2026-05-17 16:29:28.686840
AR000137,EMP00082,Ian Wright,Finance,Salesforce,Admin,Bob Smith,False,2026-06-15 16:29:28.686840
AR000138,EMP00197,Brandon West,Finance,AWS,Read,Carol Davis,False,2025-12-15 16:29:28.686840
AR000139,EMP00191,Kristy Cruz,Security,Azure,Admin,David Brown,False,2025-09-12 16:29:28.686840
AR000140,EMP00421,Michael Johnson,Security,GitHub,Read,David Brown,True,2026-03-01 16:29:28.686840
AR000141,EMP00322,Michael Arias,Operations,ServiceNow,Admin,Carol Davis,True,2025-12-19 16:29:28.686840
AR000142,EMP00439,Mia Davis,IT,ServiceNow,Admin,Bob Smith,True,2026-05-19 16:29:28.686840
AR000143,EMP00418,Adam Brown,IT,GitHub,Admin,Carol Davis,True,2026-05-17 16:29:28.686840
AR000144,EMP00254,Larry Garcia,IT,Azure,Admin,Alice Johnson,False,2026-06-27 16:29:28.686840
AR000145,EMP00464,Sarah David,Legal,Active Directory,Admin,Carol Davis,False,2026-03-20 16:29:28.686840
AR000146,EMP00330,Sharon Crawford,Legal,Azure,Admin,Bob Smith,False,2025-08-15 16:29:28.686840
AR000147,EMP00369,Robert French,Human Resources,GitHub,Write,Alice Johnson,False,2025-09-27 16:29:28.686840
AR000148,EMP00140,Samantha Erickson,Finance,Salesforce,Read,Bob Smith,False,2026-02-19 16:29:28.686840
AR000149,EMP00337,Jared Reyes,Human Resources,Active Directory,Read,David Brown,True,2026-01-22 16:29:28.686840
AR000150,EMP00361,Michael Thomas,Security,Salesforce,Admin,Bob Smith,False,2026-06-23 16:29:28.686840
AR000151,EMP00418,Adam Brown,IT,Active Directory,Admin,Carol Davis,False,2025-08-21 16:29:28.686840
AR000152,EMP00189,Joseph Austin,Legal,Salesforce,Admin,David Brown,False,2026-02-06 16:29:28.686840
AR000153,EMP00127,Frank Roy,Human Resources,ServiceNow,Read,Alice Johnson,True,2025-12-28 16:29:28.686840
AR000154,EMP00380,Dennis Garrett,IT,ServiceNow,Read,Bob Smith,False,2026-03-22 16:29:28.686840
AR000155,EMP00135,Steven Dunn,Engineering,Azure,Read,Carol Davis,False,2025-11-16 16:29:28.686840
AR000156,EMP00152,Amber Maddox,Operations,AWS,Admin,Bob Smith,True,2026-04-29 16:29:28.686840
AR000157,EMP00430,Victor Everett,Engineering,AWS,Read,David Brown,True,2025-09-29 16:29:28.686840
AR000158,EMP00268,Justin Blankenship,Human Resources,AWS,Write,Bob Smith,False,2026-04-14 16:29:28.686840
AR000159,EMP00271,Lori Lamb,Operations,ServiceNow,Admin,Carol Davis,False,2025-12-27 16:29:28.686840
AR000160,EMP00444,Sarah Shelton,Operations,Salesforce,Admin,David Brown,False,2025-11-23 16:29:28.686840
AR000161,EMP00277,Jonathan Davis,Operations,ServiceNow,Admin,Bob Smith,False,2026-06-05 16:29:28.686840
AR000162,EMP00195,Aaron Anderson,Human Resources,Salesforce,Admin,Alice Johnson,False,2025-09-06 16:29:28.686840
AR000163,EMP00332,David Francis,Security,GitHub,Read,Alice Johnson,True,2025-09-11 16:29:28.686840
AR000164,EMP00420,Jeremy Lopez,Legal,GitHub,Read,Alice Johnson,True,2026-03-11 16:29:28.686840
AR000165,EMP00180,Andrea Castillo,Engineering,Azure,Read,Alice Johnson,True,2025-10-07 16:29:28.686840
AR000166,EMP00337,Jared Reyes,Human Resources,Azure,Write,Carol Davis,True,2025-09-09 16:29:28.686840
AR000167,EMP00205,Michael Hunt,Operations,AWS,Write,Bob Smith,True,2025-10-01 16:29:28.686840
AR000168,EMP00371,Karen Harper,Finance,Active Directory,Read,David Brown,False,2025-08-24 16:29:28.686840
AR000169,EMP00402,Clayton Baker,IT,Active Directory,Admin,Bob Smith,False,2026-07-06 16:29:28.686840
AR000170,EMP00035,Jonathan Solis,Human Resources,Active Directory,Admin,Bob Smith,True,2025-12-06 16:29:28.686840
AR000171,EMP00019,Alan Yu,IT,ServiceNow,Read,David Brown,True,2025-12-31 16:29:28.686840
AR000172,EMP00361,Michael Thomas,Security,GitHub,Write,Alice Johnson,False,2025-10-19 16:29:28.686840
AR000173,EMP00164,Mary Meyer,IT,AWS,Write,Alice Johnson,False,2026-07-28 16:29:28.686840
AR000174,EMP00133,Cynthia Woodward,Operations,Azure,Read,Alice Johnson,True,2026-04-03 16:29:28.686840
AR000175,EMP00130,Michele Thomas,IT,ServiceNow,Admin,Alice Johnson,False,2026-07-04 16:29:28.686840
AR000176,EMP00156,Michelle Thompson,Human Resources,GitHub,Read,Bob Smith,False,2025-10-16 16:29:28.686840
AR000177,EMP00197,Brandon West,Finance,Azure,Read,David Brown,True,2026-06-01 16:29:28.686840
AR000178,EMP00495,Sarah Woods,Finance,ServiceNow,Read,Bob Smith,False,2026-05-24 16:29:28.686840
AR000179,EMP00490,Brandon Bradford,Human Resources,Salesforce,Admin,Alice Johnson,True,2026-07-02 16:29:28.686840
AR000180,EMP00409,Jessica Warner,Security,AWS,Write,Bob Smith,False,2025-09-04 16:29:28.686840
AR000181,EMP00056,Jose Johnson,IT,Active Directory,Read,Carol Davis,False,2025-09-21 16:29:28.686840
AR000182,EMP00339,Paul Jenkins,Finance,AWS,Write,Alice Johnson,True,2026-01-09 16:29:28.686840
AR000183,EMP00389,Elizabeth Patel,Security,Salesforce,Write,Alice Johnson,False,2026-02-05 16:29:28.686840
AR000184,EMP00343,Dominique Franklin,Security,GitHub,Admin,Bob Smith,False,2025-10-04 16:29:28.686840
AR000185,EMP00038,Raymond Berry,Legal,AWS,Read,Carol Davis,True,2026-05-22 16:29:28.686840
AR000186,EMP00285,Heather Carter,Human Resources,Azure,Admin,Bob Smith,False,2026-01-10 16:29:28.686840
AR000187,EMP00286,Andrea Rice,Security,Azure,Read,David Brown,False,2025-11-24 16:29:28.686840
AR000188,EMP00420,Jeremy Lopez,Legal,Salesforce,Admin,Carol Davis,True,2026-04-23 16:29:28.686840
AR000189,EMP00104,Leonard Davis,Security,AWS,Admin,Carol Davis,True,2026-01-12 16:29:28.686840
AR000190,EMP00445,Patricia Joseph,Finance,GitHub,Write,Bob Smith,False,2026-01-06 16:29:28.686840
AR000191,EMP00259,Margaret Allen,Legal,Active Directory,Write,Alice Johnson,True,2025-11-18 16:29:28.686840
AR000192,EMP00064,Dr. Roberto Garner,Engineering,Azure,Write,Carol Davis,False,2026-04-11 16:29:28.686840
AR000193,EMP00179,Miguel Weber,Engineering,Salesforce,Read,David Brown,False,2026-01-26 16:29:28.686840
AR000194,EMP00363,Leslie Johnson,Operations,Active Directory,Read,Alice Johnson,False,2025-12-25 16:29:28.686840
AR000195,EMP00282,David Hawkins,IT,GitHub,Write,Carol Davis,False,2026-02-14 16:29:28.686840
AR000196,EMP00395,Darlene Padilla,Engineering,Azure,Admin,Bob Smith,True,2026-04-16 16:29:28.686840
AR000197,EMP00312,Rachael Fisher,Engineering,Azure,Admin,Carol Davis,False,2025-12-18 16:29:28.686840
AR000198,EMP00066,Steven English,Engineering,Salesforce,Read,David Brown,False,2026-04-11 16:29:28.686840
AR000199,EMP00115,Benjamin Thompson,IT,Azure,Write,Alice Johnson,True,2025-12-28 16:29:28.686840
AR000200,EMP00060,Lydia Huffman,Finance,Azure,Admin,Carol Davis,False,2026-06-26 16:29:28.686840
AR000201,EMP00146,Pam Reyes,Operations,Azure,Write,David Brown,False,2026-04-12 16:29:28.686840
AR000202,EMP00410,Jesse Watkins,IT,ServiceNow,Write,Alice Johnson,False,2026-06-05 16:29:28.686840
AR000203,EMP00155,Kenneth Miranda,Engineering,Azure,Read,David Brown,False,2026-03-13 16:29:28.686840
AR000204,EMP00286,Andrea Rice,Security,GitHub,Read,David Brown,True,2026-04-22 16:29:28.686840
AR000205,EMP00335,Paul Hansen,Finance,Active Directory,Read,Bob Smith,True,2026-01-09 16:29:28.686840
AR000206,EMP00201,Becky Ferguson,IT,Azure,Read,Alice Johnson,True,2026-04-29 16:29:28.686840
AR000207,EMP00459,Katrina Murphy,Legal,Azure,Write,Carol Davis,False,2026-06-03 16:29:28.686840
AR000208,EMP00465,Carmen Davis,Human Resources,GitHub,Write,Alice Johnson,True,2026-02-10 16:29:28.686840
AR000209,EMP00127,Frank Roy,Human Resources,Salesforce,Read,Bob Smith,False,2026-06-03 16:29:28.686840
AR000210,EMP00243,Patricia Simpson,Engineering,Azure,Read,Alice Johnson,False,2025-09-13 16:29:28.686840
AR000211,EMP00152,Amber Maddox,Operations,AWS,Admin,Alice Johnson,True,2026-03-30 16:29:28.686840
AR000212,EMP00455,James Pierce,Finance,ServiceNow,Admin,Carol Davis,True,2026-04-04 16:29:28.686840
AR000213,EMP00066,Steven English,Engineering,ServiceNow,Read,Carol Davis,True,2025-10-13 16:29:28.686840
AR000214,EMP00099,Destiny Spencer,Human Resources,ServiceNow,Admin,David Brown,False,2026-07-03 16:29:28.686840
AR000215,EMP00102,Jake Barker,Security,Salesforce,Admin,Carol Davis,True,2026-01-19 16:29:28.686840
AR000216,EMP00488,Christopher Perez,Security,ServiceNow,Read,Carol Davis,True,2026-05-22 16:29:28.686840
AR000217,EMP00088,Tracey Rodriguez,Human Resources,GitHub,Read,David Brown,False,2025-09-09 16:29:28.686840
AR000218,EMP00429,Jessica Nunez,Engineering,AWS,Read,Alice Johnson,True,2025-11-19 16:29:28.686840
AR000219,EMP00193,Christina Richardson,Operations,GitHub,Read,Carol Davis,True,2026-02-23 16:29:28.686840
AR000220,EMP00063,Tricia Moody,Operations,GitHub,Admin,Carol Davis,True,2025-12-22 16:29:28.686840
AR000221,EMP00259,Margaret Allen,Legal,Salesforce,Admin,Bob Smith,False,2026-05-18 16:29:28.686840
AR000222,EMP00039,Deborah Marks,Operations,Azure,Read,Bob Smith,False,2025-11-21 16:29:28.686840
AR000223,EMP00184,Courtney Lewis,Finance,Azure,Read,Carol Davis,False,2026-04-22 16:29:28.686840
AR000224,EMP00078,Deborah Cooper MD,Security,Active Directory,Admin,David Brown,True,2026-04-17 16:29:28.686840
AR000225,EMP00496,Jason Lam,Finance,Azure,Admin,David Brown,True,2026-01-28 16:29:28.686840
AR000226,EMP00288,Christopher Young,Legal,ServiceNow,Write,Bob Smith,True,2025-09-29 16:29:28.686840
AR000227,EMP00337,Jared Reyes,Human Resources,ServiceNow,Write,David Brown,True,2026-01-01 16:29:28.686840
AR000228,EMP00306,Kristi Atkins,Security,Azure,Read,Carol Davis,False,2026-06-07 16:29:28.686840
AR000229,EMP00016,Stacey Jenkins,Engineering,GitHub,Write,David Brown,True,2026-06-27 16:29:28.686840
AR000230,EMP00273,Matthew Lozano,Finance,ServiceNow,Write,Bob Smith,True,2026-02-05 16:29:28.686840
AR000231,EMP00378,Norman Jackson,Human Resources,AWS,Admin,Carol Davis,False,2026-07-02 16:29:28.686840
AR000232,EMP00041,Jody Burton,Engineering,Salesforce,Write,Carol Davis,False,2026-06-01 16:29:28.686840
AR000233,EMP00070,Brooke Proctor,Engineering,AWS,Read,Bob Smith,True,2026-03-04 16:29:28.686840
AR000234,EMP00455,James Pierce,Finance,Active Directory,Admin,Alice Johnson,True,2025-08-10 16:29:28.686840
AR000235,EMP00207,Robert Ford,Legal,AWS,Read,Alice Johnson,False,2026-07-26 16:29:28.686840
AR000236,EMP00107,Brittany Adams,Engineering,GitHub,Admin,David Brown,True,2025-10-16 16:29:28.686840
AR000237,EMP00378,Norman Jackson,Human Resources,Salesforce,Read,David Brown,True,2025-09-02 16:29:28.686840
AR000238,EMP00121,Richard Maldonado,Human Resources,GitHub,Write,Bob Smith,False,2026-03-30 16:29:28.686840
AR000239,EMP00403,Alexandra Hansen,Security,Azure,Write,Carol Davis,True,2026-03-08 16:29:28.686840
AR000240,EMP00025,David Everett,Human Resources,Active Directory,Admin,David Brown,True,2026-05-03 16:29:28.686840
AR000241,EMP00129,Leslie Preston,Security,Salesforce,Write,Carol Davis,True,2026-02-27 16:29:28.686840
AR000242,EMP00197,Brandon West,Finance,GitHub,Write,Alice Johnson,False,2026-02-23 16:29:28.686840
AR000243,EMP00387,Joshua Phillips,Operations,Salesforce,Admin,Alice Johnson,False,2026-05-19 16:29:28.686840
AR000244,EMP00414,Michael Bishop,Operations,Active Directory,Read,Alice Johnson,True,2025-08-21 16:29:28.686840
AR000245,EMP00214,Robin Smith,Human Resources,Azure,Admin,David Brown,True,2026-02-17 16:29:28.686840
AR000246,EMP00285,Heather Carter,Human Resources,AWS,Read,Bob Smith,False,2025-08-09 16:29:28.686840
AR000247,EMP00293,Cristian Harris,Human Resources,Active Directory,Admin,Alice Johnson,True,2026-05-05 16:29:28.686840
AR000248,EMP00086,Kimberly Castillo,Security,Salesforce,Read,Alice Johnson,False,2025-10-17 16:29:28.686840
AR000249,EMP00395,Darlene Padilla,Engineering,AWS,Write,Alice Johnson,True,2025-11-17 16:29:28.686840
AR000250,EMP00151,Paige Harrington,Operations,AWS,Read,David Brown,True,2026-03-13 16:29:28.686840
AR000251,EMP00224,Gina Williams,Finance,ServiceNow,Write,Carol Davis,False,2025-08-03 16:29:28.686840
AR000252,EMP00230,Michael Morales,IT,Salesforce,Write,Carol Davis,False,2025-12-05 16:29:28.686840
AR000253,EMP00483,Shannon Peterson,Operations,Azure,Admin,Alice Johnson,True,2026-03-16 16:29:28.686840
AR000254,EMP00013,Sarah Silva,Legal,GitHub,Read,Alice Johnson,False,2026-04-15 16:29:28.686840
AR000255,EMP00252,Nicholas Taylor,Security,AWS,Admin,Bob Smith,False,2025-08-01 16:29:28.686840
AR000256,EMP00044,Rebecca Glenn,Finance,Active Directory,Write,Carol Davis,False,2025-10-16 16:29:28.686840
AR000257,EMP00144,Joseph Bryant,Operations,Active Directory,Admin,David Brown,False,2025-11-26 16:29:28.686840
AR000258,EMP00072,Austin Miller,Security,ServiceNow,Write,Alice Johnson,True,2025-10-15 16:29:28.686840
AR000259,EMP00105,David Rose,IT,Azure,Write,Carol Davis,False,2025-11-13 16:29:28.686840
AR000260,EMP00082,Ian Wright,Finance,Active Directory,Admin,David Brown,True,2026-07-06 16:29:28.686840
AR000261,EMP00194,Samantha Whitaker,IT,GitHub,Admin,David Brown,False,2026-03-14 16:29:28.686840
AR000262,EMP00268,Justin Blankenship,Human Resources,ServiceNow,Write,David Brown,True,2025-09-01 16:29:28.686840
AR000263,EMP00378,Norman Jackson,Human Resources,Azure,Write,David Brown,True,2026-05-19 16:29:28.686840
AR000264,EMP00089,Andrew Schmidt,Human Resources,ServiceNow,Write,Bob Smith,False,2025-10-04 16:29:28.686840
AR000265,EMP00004,Lisa Pierce,IT,Azure,Admin,Carol Davis,False,2026-02-06 16:29:28.686840
AR000266,EMP00007,Jessica Atkins,Finance,ServiceNow,Write,Alice Johnson,False,2026-05-27 16:29:28.686840
AR000267,EMP00016,Stacey Jenkins,Engineering,ServiceNow,Read,Alice Johnson,False,2026-02-04 16:29:28.686840
AR000268,EMP00366,Stacey Jimenez,Security,Salesforce,Admin,Alice Johnson,True,2026-04-02 16:29:28.686840
AR000269,EMP00418,Adam Brown,IT,Salesforce,Admin,Carol Davis,True,2025-08-09 16:29:28.686840
AR000270,EMP00022,Jim Cox,Human Resources,AWS,Read,Alice Johnson,True,2026-06-16 16:29:28.686840
AR000271,EMP00248,Breanna Gomez,Operations,Azure,Write,Carol Davis,False,2026-04-03 16:29:28.686840
AR000272,EMP00063,Tricia Moody,Operations,Salesforce,Admin,David Brown,True,2026-07-28 16:29:28.686840
AR000273,EMP00441,Anthony Zimmerman,Security,Azure,Admin,David Brown,False,2026-03-24 16:29:28.686840
AR000274,EMP00125,Felicia Rocha,Human Resources,AWS,Read,Bob Smith,False,2026-03-15 16:29:28.686840
AR000275,EMP00308,Christopher Grant,Finance,Azure,Admin,Alice Johnson,True,2025-09-18 16:29:28.686840
AR000276,EMP00082,Ian Wright,Finance,Active Directory,Read,Carol Davis,True,2026-06-27 16:29:28.686840
AR000277,EMP00006,Austin Benson,Legal,Salesforce,Read,Carol Davis,True,2025-11-05 16:29:28.686840
AR000278,EMP00343,Dominique Franklin,Security,GitHub,Write,Carol Davis,True,2026-02-19 16:29:28.686840
AR000279,EMP00023,Deanna Stephens,Legal,Active Directory,Admin,Alice Johnson,False,2025-12-22 16:29:28.686840
AR000280,EMP00368,Melissa Michael,Finance,Azure,Write,David Brown,True,2026-07-27 16:29:28.686840
AR000281,EMP00114,Megan Flowers,IT,Azure,Write,Alice Johnson,True,2026-03-31 16:29:28.686840
AR000282,EMP00002,Curtis Archer,Security,Salesforce,Write,Carol Davis,True,2025-11-01 16:29:28.686840
AR000283,EMP00241,Jacob Powell Jr.,Legal,AWS,Write,Bob Smith,False,2025-11-30 16:29:28.686840
AR000284,EMP00492,Jonathan Reese,Operations,Salesforce,Write,Carol Davis,False,2026-04-11 16:29:28.686840
AR000285,EMP00058,Brian Velasquez,Operations,GitHub,Read,Carol Davis,False,2025-12-24 16:29:28.686840
AR000286,EMP00169,Joseph Young,Security,GitHub,Read,Carol Davis,True,2026-03-12 16:29:28.686840
AR000287,EMP00282,David Hawkins,IT,Active Directory,Admin,Bob Smith,False,2025-10-15 16:29:28.686840
AR000288,EMP00263,Alexis Roberts,Finance,GitHub,Read,Alice Johnson,True,2025-08-29 16:29:28.686840
AR000289,EMP00383,Christopher Bonilla,Legal,GitHub,Write,Alice Johnson,False,2026-06-08 16:29:28.686840
AR000290,EMP00273,Matthew Lozano,Finance,GitHub,Read,David Brown,True,2026-03-14 16:29:28.686840
AR000291,EMP00482,Jennifer Patel DVM,Engineering,GitHub,Write,Carol Davis,True,2026-02-26 16:29:28.686840
AR000292,EMP00324,Donna Smith,Finance,ServiceNow,Admin,Carol Davis,False,2026-07-20 16:29:28.686840
AR000293,EMP00234,Kaitlin Martinez,Engineering,GitHub,Write,David Brown,False,2025-10-21 16:29:28.686840
AR000294,EMP00244,William Jackson,IT,Salesforce,Read,Alice Johnson,True,2025-08-29 16:29:28.686840
AR000295,EMP00074,Melissa Monroe,Human Resources,AWS,Write,Carol Davis,True,2026-03-17 16:29:28.686840
AR000296,EMP00126,Isabel Perez,Engineering,Salesforce,Admin,David Brown,False,2026-02-28 16:29:28.686840
AR000297,EMP00174,Emily Church,Human Resources,Azure,Admin,Bob Smith,True,2026-01-25 16:29:28.686840
AR000298,EMP00297,Jonathan Hampton,Finance,Salesforce,Write,Alice Johnson,True,2026-04-01 16:29:28.686840
AR000299,EMP00284,David Miller,IT,Active Directory,Admin,Carol Davis,True,2025-10-19 16:29:28.686840
AR000300,EMP00471,Daniel Harris,Engineering,AWS,Read,David Brown,False,2025-10-28 16:29:28.686840
AR000301,EMP00079,Michael Oliver,Operations,Active Directory,Admin,Bob Smith,False,2026-04-25 16:29:28.686840
AR000302,EMP00167,Peter Contreras,Finance,AWS,Read,David Brown,False,2025-11-25 16:29:28.686840
AR000303,EMP00162,Erica Garcia,Legal,Salesforce,Read,Carol Davis,True,2025-11-24 16:29:28.686840
AR000304,EMP00034,Mark Mason,Security,Azure,Read,Carol Davis,True,2025-08-26 16:29:28.686840
AR000305,EMP00365,Mary Jones,Human Resources,Azure,Write,David Brown,True,2025-12-17 16:29:28.686840
AR000306,EMP00214,Robin Smith,Human Resources,Active Directory,Admin,Bob Smith,True,2025-07-29 16:29:28.686840
AR000307,EMP00363,Leslie Johnson,Operations,GitHub,Read,David Brown,True,2025-10-21 16:29:28.686840
AR000308,EMP00101,Kirk Cortez,Legal,Azure,Admin,Carol Davis,True,2026-04-21 16:29:28.686840
AR000309,EMP00479,Jennifer Salazar,Security,Salesforce,Admin,David Brown,False,2026-02-07 16:29:28.686840
AR000310,EMP00490,Brandon Bradford,Human Resources,Salesforce,Admin,Carol Davis,False,2026-01-13 16:29:28.686840
AR000311,EMP00046,Jorge Fisher,Legal,Azure,Write,Carol Davis,True,2026-03-07 16:29:28.686840
AR000312,EMP00056,Jose Johnson,IT,GitHub,Read,David Brown,False,2026-06-27 16:29:28.686840
AR000313,EMP00452,Maurice Martinez,Engineering,AWS,Read,Bob Smith,False,2026-07-08 16:29:28.686840
AR000314,EMP00024,Michael Roberts,Human Resources,Azure,Admin,Bob Smith,True,2026-05-02 16:29:28.686840
AR000315,EMP00048,Brian Travis,Security,AWS,Admin,Carol Davis,True,2026-03-18 16:29:28.686840
AR000316,EMP00034,Mark Mason,Security,Active Directory,Admin,Bob Smith,True,2026-02-02 16:29:28.686840
AR000317,EMP00436,Jill Patterson,IT,Salesforce,Admin,David Brown,True,2026-04-26 16:29:28.686840
AR000318,EMP00247,David Shah,Finance,Salesforce,Read,Bob Smith,True,2026-04-10 16:29:28.686840
AR000319,EMP00050,Mr. Ronald Wright,IT,Salesforce,Read,Bob Smith,True,2026-05-23 16:29:28.686840
AR000320,EMP00092,Micheal Barajas,Security,Salesforce,Read,Alice Johnson,True,2026-01-25 16:29:28.686840
AR000321,EMP00359,Michael Barajas,Operations,ServiceNow,Write,Carol Davis,True,2025-08-24 16:29:28.686840
AR000322,EMP00079,Michael Oliver,Operations,GitHub,Write,Alice Johnson,True,2026-02-12 16:29:28.686840
AR000323,EMP00195,Aaron Anderson,Human Resources,Active Directory,Read,Bob Smith,True,2026-05-29 16:29:28.686840
AR000324,EMP00199,Terry Henson,Legal,Azure,Read,David Brown,False,2026-04-06 16:29:28.686840
AR000325,EMP00246,Jennifer Bates,Legal,ServiceNow,Admin,Alice Johnson,True,2026-02-06 16:29:28.686840
AR000326,EMP00397,William Cook,Finance,Active Directory,Admin,David Brown,False,2025-10-10 16:29:28.686840
AR000327,EMP00438,Michael Fisher,IT,ServiceNow,Write,Carol Davis,False,2026-07-06 16:29:28.686840
AR000328,EMP00441,Anthony Zimmerman,Security,Azure,Admin,Alice Johnson,False,2026-01-05 16:29:28.686840
AR000329,EMP00387,Joshua Phillips,Operations,Azure,Admin,Bob Smith,True,2025-08-26 16:29:28.686840
AR000330,EMP00343,Dominique Franklin,Security,Azure,Write,Alice Johnson,True,2025-09-20 16:29:28.686840
AR000331,EMP00325,Joshua Cook,IT,GitHub,Read,Carol Davis,True,2026-07-08 16:29:28.686840
AR000332,EMP00021,Brandi Smith,Operations,Active Directory,Write,Bob Smith,False,2026-04-18 16:29:28.686840
AR000333,EMP00073,William Velasquez,Human Resources,GitHub,Write,Bob Smith,True,2025-09-11 16:29:28.686840
AR000334,EMP00231,Tracy Sanders,Finance,GitHub,Read,Alice Johnson,False,2026-05-17 16:29:28.686840
AR000335,EMP00085,Kathleen Lynch,Human Resources,Active Directory,Write,David Brown,False,2026-05-17 16:29:28.686840
AR000336,EMP00364,Eric Wilcox,IT,GitHub,Read,David Brown,False,2025-07-28 16:29:28.686840
AR000337,EMP00105,David Rose,IT,Active Directory,Write,Bob Smith,True,2026-04-04 16:29:28.686840
AR000338,EMP00263,Alexis Roberts,Finance,Active Directory,Admin,David Brown,False,2025-10-01 16:29:28.686840
AR000339,EMP00335,Paul Hansen,Finance,Salesforce,Read,Bob Smith,False,2026-01-31 16:29:28.686840
AR000340,EMP00249,Deborah George,Finance,ServiceNow,Read,David Brown,True,2025-08-16 16:29:28.686840
AR000341,EMP00260,Thomas Allen,Human Resources,ServiceNow,Admin,Alice Johnson,False,2026-04-27 16:29:28.686840
AR000342,EMP00275,Michael Gutierrez,IT,AWS,Write,David Brown,True,2025-12-26 16:29:28.686840
AR000343,EMP00162,Erica Garcia,Legal,Active Directory,Read,Carol Davis,True,2025-09-05 16:29:28.686840
AR000344,EMP00395,Darlene Padilla,Engineering,GitHub,Admin,Carol Davis,False,2026-05-13 16:29:28.686840
AR000345,EMP00029,Jeffrey Sullivan,IT,Active Directory,Admin,Carol Davis,True,2026-05-10 16:29:28.686840
AR000346,EMP00229,Michael Blevins,Human Resources,GitHub,Admin,David Brown,False,2026-04-18 16:29:28.686840
AR000347,EMP00301,Craig Simpson,Security,ServiceNow,Read,Alice Johnson,True,2026-04-27 16:29:28.686840
AR000348,EMP00468,Angela Irwin,IT,Active Directory,Read,David Brown,True,2025-12-30 16:29:28.686840
AR000349,EMP00138,Felicia Carroll,Legal,Azure,Read,David Brown,False,2025-09-01 16:29:28.686840
AR000350,EMP00054,Shelly Rios,IT,Azure,Admin,Bob Smith,True,2025-08-01 16:29:28.686840
AR000351,EMP00035,Jonathan Solis,Human Resources,GitHub,Write,David Brown,False,2026-06-20 16:29:28.686840
AR000352,EMP00017,Taylor Mccormick,Engineering,GitHub,Read,David Brown,False,2026-01-27 16:29:28.686840
AR000353,EMP00036,Rose Henderson,Human Resources,Salesforce,Read,Bob Smith,False,2026-02-11 16:29:28.686840
AR000354,EMP00292,Annette Figueroa,Engineering,Salesforce,Admin,Alice Johnson,False,2026-02-14 16:29:28.686840
AR000355,EMP00439,Mia Davis,IT,Azure,Read,Carol Davis,False,2026-06-23 16:29:28.686840
AR000356,EMP00320,David Ayala,Security,GitHub,Read,Alice Johnson,False,2026-05-15 16:29:28.686840
AR000357,EMP00145,Michael Adams,Finance,AWS,Admin,Bob Smith,False,2026-05-28 16:29:28.686840
AR000358,EMP00084,Stephanie Wyatt,Security,Azure,Admin,Bob Smith,False,2025-10-24 16:29:28.686840
AR000359,EMP00451,James Watson,Legal,Active Directory,Write,Carol Davis,False,2026-03-14 16:29:28.686840
AR000360,EMP00027,Anthony Walton,Security,Active Directory,Admin,Bob Smith,False,2025-10-12 16:29:28.686840
AR000361,EMP00304,Martin Whitaker,IT,Salesforce,Admin,David Brown,False,2025-08-23 16:29:28.686840
AR000362,EMP00415,Dave Gutierrez,Human Resources,Azure,Write,David Brown,False,2025-08-01 16:29:28.686840
AR000363,EMP00020,Jonathan Davis,IT,Active Directory,Admin,Alice Johnson,False,2026-07-23 16:29:28.686840
AR000364,EMP00045,Jose Williams,Engineering,ServiceNow,Read,Bob Smith,True,2025-08-24 16:29:28.686840
AR000365,EMP00179,Miguel Weber,Engineering,Azure,Write,Bob Smith,False,2025-12-09 16:29:28.686840
AR000366,EMP00245,Sarah Jefferson,Operations,ServiceNow,Admin,Carol Davis,False,2026-04-25 16:29:28.686840
AR000367,EMP00196,Melissa Dudley,Engineering,Salesforce,Admin,Alice Johnson,True,2026-01-25 16:29:28.686840
AR000368,EMP00282,David Hawkins,IT,ServiceNow,Write,Carol Davis,False,2025-11-03 16:29:28.686840
AR000369,EMP00430,Victor Everett,Engineering,GitHub,Write,Bob Smith,True,2026-06-15 16:29:28.686840
AR000370,EMP00328,Stacey Barajas,Engineering,AWS,Read,David Brown,True,2025-10-30 16:29:28.686840
AR000371,EMP00477,William Pearson,Legal,GitHub,Write,Carol Davis,True,2025-12-29 16:29:28.686840
AR000372,EMP00497,Melissa Andrade,Operations,ServiceNow,Write,Alice Johnson,True,2026-01-25 16:29:28.686840
AR000373,EMP00186,Kelly Calhoun,IT,Salesforce,Admin,Bob Smith,False,2026-05-09 16:29:28.686840
AR000374,EMP00241,Jacob Powell Jr.,Legal,Active Directory,Write,Carol Davis,False,2026-01-01 16:29:28.686840
AR000375,EMP00423,Roberto Thomas,Security,Salesforce,Admin,Bob Smith,True,2025-08-22 16:29:28.686840
AR000376,EMP00399,Jennifer Richardson,Legal,AWS,Admin,Carol Davis,True,2025-12-02 16:29:28.686840
AR000377,EMP00237,Deborah Hall,Security,Salesforce,Write,Alice Johnson,True,2026-02-25 16:29:28.686840
AR000378,EMP00122,Caitlin Williams,Legal,GitHub,Read,Bob Smith,False,2026-06-25 16:29:28.686840
AR000379,EMP00484,Joseph Gomez,Finance,AWS,Admin,Carol Davis,False,2025-09-01 16:29:28.686840
AR000380,EMP00186,Kelly Calhoun,IT,Salesforce,Write,Alice Johnson,True,2026-06-21 16:29:28.686840
AR000381,EMP00241,Jacob Powell Jr.,Legal,GitHub,Read,David Brown,True,2026-06-13 16:29:28.686840
AR000382,EMP00329,Danielle Anderson MD,Engineering,Azure,Read,Bob Smith,False,2025-08-11 16:29:28.686840
AR000383,EMP00241,Jacob Powell Jr.,Legal,ServiceNow,Write,Bob Smith,False,2026-02-04 16:29:28.686840
AR000384,EMP00451,James Watson,Legal,Active Directory,Read,Alice Johnson,True,2026-04-14 16:29:28.686840
AR000385,EMP00285,Heather Carter,Human Resources,Azure,Write,Alice Johnson,False,2026-06-17 16:29:28.686840
AR000386,EMP00030,Alexandra Wilson,Finance,Active Directory,Admin,Bob Smith,False,2026-05-23 16:29:28.686840
AR000387,EMP00447,Kevin Frederick,Security,Salesforce,Write,David Brown,False,2026-05-06 16:29:28.686840
AR000388,EMP00463,Justin Webster,Human Resources,Active Directory,Read,Carol Davis,True,2026-07-05 16:29:28.686840
AR000389,EMP00042,Tabitha Cook,Legal,GitHub,Admin,Alice Johnson,False,2026-04-20 16:29:28.686840
AR000390,EMP00079,Michael Oliver,Operations,Azure,Write,Carol Davis,True,2026-02-17 16:29:28.686840
AR000391,EMP00200,Matthew Warren,Security,ServiceNow,Write,Alice Johnson,True,2025-12-02 16:29:28.686840
AR000392,EMP00180,Andrea Castillo,Engineering,Azure,Write,Alice Johnson,True,2025-10-17 16:29:28.686840
AR000393,EMP00127,Frank Roy,Human Resources,GitHub,Read,Alice Johnson,True,2026-01-02 16:29:28.686840
AR000394,EMP00285,Heather Carter,Human Resources,ServiceNow,Admin,David Brown,True,2026-02-08 16:29:28.686840
AR000395,EMP00003,Natasha Obrien,Engineering,Azure,Write,Bob Smith,False,2026-02-20 16:29:28.686840
AR000396,EMP00085,Kathleen Lynch,Human Resources,Azure,Write,Carol Davis,True,2026-07-17 16:29:28.686840
AR000397,EMP00333,Tara Armstrong,Engineering,ServiceNow,Write,Alice Johnson,True,2025-09-09 16:29:28.686840
AR000398,EMP00476,Rebecca Taylor,IT,Active Directory,Read,Bob Smith,True,2025-11-30 16:29:28.686840
AR000399,EMP00440,Tiffany Brown,Legal,GitHub,Read,Bob Smith,True,2025-09-09 16:29:28.686840
AR000400,EMP00428,Jaime Baker,Legal,Azure,Read,David Brown,True,2026-04-18 16:29:28.686840
AR000401,EMP00286,Andrea Rice,Security,GitHub,Admin,David Brown,True,2026-01-24 16:29:28.686840
AR000402,EMP00295,Kristen Howell,IT,Active Directory,Admin,David Brown,True,2025-09-14 16:29:28.686840
AR000403,EMP00316,Richard Carter,Security,GitHub,Write,David Brown,True,2026-05-18 16:29:28.686840
AR000404,EMP00075,James White,Legal,ServiceNow,Write,David Brown,False,2026-01-15 16:29:28.686840
AR000405,EMP00316,Richard Carter,Security,Active Directory,Admin,Alice Johnson,False,2025-09-26 16:29:28.686840
AR000406,EMP00239,Jimmy Hernandez,Operations,ServiceNow,Write,Carol Davis,False,2025-12-16 16:29:28.686840
AR000407,EMP00150,Kyle Cain,Security,GitHub,Admin,Bob Smith,True,2025-08-27 16:29:28.686840
AR000408,EMP00322,Michael Arias,Operations,Salesforce,Write,Bob Smith,False,2026-01-24 16:29:28.686840
AR000409,EMP00480,Joshua Davis,Engineering,Azure,Admin,Carol Davis,True,2025-09-25 16:29:28.686840
AR000410,EMP00113,Richard Lambert,Legal,GitHub,Admin,David Brown,False,2026-06-07 16:29:28.686840
AR000411,EMP00002,Curtis Archer,Security,GitHub,Admin,Carol Davis,True,2026-03-14 16:29:28.686840
AR000412,EMP00393,Omar Williams,Finance,GitHub,Write,Bob Smith,False,2026-03-22 16:29:28.686840
AR000413,EMP00346,Alicia Howard,Legal,ServiceNow,Write,David Brown,True,2026-03-12 16:29:28.686840
AR000414,EMP00231,Tracy Sanders,Finance,Azure,Admin,Alice Johnson,False,2026-07-21 16:29:28.686840
AR000415,EMP00339,Paul Jenkins,Finance,AWS,Write,Bob Smith,False,2025-09-04 16:29:28.686840
AR000416,EMP00108,Veronica Novak,Human Resources,GitHub,Write,David Brown,True,2025-12-28 16:29:28.686840
AR000417,EMP00072,Austin Miller,Security,Salesforce,Read,David Brown,False,2026-07-09 16:29:28.686840
AR000418,EMP00361,Michael Thomas,Security,GitHub,Admin,David Brown,False,2025-12-19 16:29:28.686840
AR000419,EMP00296,Richard Richardson,Finance,ServiceNow,Read,Alice Johnson,False,2025-12-21 16:29:28.686840
AR000420,EMP00102,Jake Barker,Security,Active Directory,Write,Alice Johnson,False,2025-10-13 16:29:28.686840
AR000421,EMP00095,Steven Gardner,Engineering,Salesforce,Write,Bob Smith,False,2025-09-12 16:29:28.686840
AR000422,EMP00426,Brian Woodard,Legal,Azure,Admin,David Brown,True,2026-02-25 16:29:28.686840
AR000423,EMP00177,Brett Murray,Finance,ServiceNow,Read,Bob Smith,True,2025-09-12 16:29:28.686840
AR000424,EMP00189,Joseph Austin,Legal,Active Directory,Read,Bob Smith,False,2026-05-26 16:29:28.686840
AR000425,EMP00439,Mia Davis,IT,Active Directory,Admin,Carol Davis,True,2025-09-18 16:29:28.686840
AR000426,EMP00436,Jill Patterson,IT,ServiceNow,Write,David Brown,True,2025-08-12 16:29:28.686840
AR000427,EMP00465,Carmen Davis,Human Resources,Salesforce,Admin,David Brown,False,2025-12-13 16:29:28.686840
AR000428,EMP00471,Daniel Harris,Engineering,Active Directory,Read,Alice Johnson,False,2026-06-22 16:29:28.686840
AR000429,EMP00104,Leonard Davis,Security,GitHub,Read,Carol Davis,True,2026-04-13 16:29:28.686840
AR000430,EMP00055,Benjamin White,IT,Azure,Admin,Alice Johnson,True,2026-06-13 16:29:28.686840
AR000431,EMP00148,Jeremy Bailey,Human Resources,GitHub,Write,Bob Smith,False,2025-10-29 16:29:28.686840
AR000432,EMP00030,Alexandra Wilson,Finance,Active Directory,Admin,David Brown,False,2026-04-30 16:29:28.686840
AR000433,EMP00475,Heather Jones,Operations,GitHub,Write,Bob Smith,True,2025-10-18 16:29:28.686840
AR000434,EMP00298,Patricia Potter,Human Resources,Salesforce,Read,Carol Davis,True,2026-01-13 16:29:28.686840
AR000435,EMP00472,Thomas Calderon,Human Resources,Azure,Admin,Alice Johnson,True,2025-08-11 16:29:28.686840
AR000436,EMP00375,Tina Ochoa,Legal,GitHub,Admin,Carol Davis,False,2026-01-27 16:29:28.686840
AR000437,EMP00401,Tammy Chavez,Security,Active Directory,Write,Alice Johnson,True,2026-06-10 16:29:28.686840
AR000438,EMP00020,Jonathan Davis,IT,AWS,Read,Alice Johnson,False,2026-07-15 16:29:28.686840
AR000439,EMP00054,Shelly Rios,IT,Active Directory,Admin,David Brown,True,2026-02-07 16:29:28.686840
AR000440,EMP00015,John Tate,Operations,AWS,Read,Bob Smith,True,2026-02-16 16:29:28.686840
AR000441,EMP00199,Terry Henson,Legal,Salesforce,Write,Carol Davis,True,2025-08-02 16:29:28.686840
AR000442,EMP00431,Mark King,Human Resources,Salesforce,Admin,Bob Smith,True,2026-04-09 16:29:28.686840
AR000443,EMP00020,Jonathan Davis,IT,Azure,Read,Alice Johnson,False,2026-02-24 16:29:28.686840
AR000444,EMP00208,Kimberly Walker,Operations,GitHub,Admin,Alice Johnson,False,2026-03-02 16:29:28.686840
AR000445,EMP00229,Michael Blevins,Human Resources,AWS,Admin,Alice Johnson,True,2025-12-13 16:29:28.686840
AR000446,EMP00451,James Watson,Legal,Active Directory,Read,Bob Smith,False,2026-03-29 16:29:28.686840
AR000447,EMP00232,David Henson,Engineering,Salesforce,Write,David Brown,True,2026-07-11 16:29:28.686840
AR000448,EMP00362,Nancy Boyd,Operations,AWS,Read,Carol Davis,False,2026-02-27 16:29:28.686840
AR000449,EMP00476,Rebecca Taylor,IT,GitHub,Admin,Alice Johnson,False,2025-12-30 16:29:28.686840
AR000450,EMP00333,Tara Armstrong,Engineering,GitHub,Write,David Brown,False,2025-11-03 16:29:28.686840
AR000451,EMP00231,Tracy Sanders,Finance,Azure,Write,David Brown,False,2026-03-04 16:29:28.686840
AR000452,EMP00494,Claudia Andrews,Legal,Active Directory,Write,Alice Johnson,False,2026-07-07 16:29:28.686840
AR000453,EMP00274,Stephanie Landry,Security,GitHub,Admin,Alice Johnson,False,2025-10-07 16:29:28.686840
AR000454,EMP00463,Justin Webster,Human Resources,Azure,Read,Bob Smith,True,2025-12-25 16:29:28.686840
AR000455,EMP00192,Jennifer Hogan,Human Resources,Azure,Admin,David Brown,True,2026-01-01 16:29:28.686840
AR000456,EMP00466,Jody Hoffman,Security,ServiceNow,Admin,David Brown,False,2026-03-13 16:29:28.686840
AR000457,EMP00360,Haley Peterson,Security,Salesforce,Read,Carol Davis,False,2025-11-07 16:29:28.686840
AR000458,EMP00006,Austin Benson,Legal,Active Directory,Read,David Brown,False,2026-04-26 16:29:28.686840
AR000459,EMP00258,Denise Williams,Human Resources,ServiceNow,Admin,David Brown,True,2026-01-16 16:29:28.686840
AR000460,EMP00266,Stephen Lloyd,IT,ServiceNow,Read,Carol Davis,False,2026-04-04 16:29:28.686840
AR000461,EMP00335,Paul Hansen,Finance,Azure,Admin,David Brown,True,2025-11-01 16:29:28.686840
AR000462,EMP00160,Tammy Rodriguez,Legal,Salesforce,Read,David Brown,True,2026-01-08 16:29:28.686840
AR000463,EMP00383,Christopher Bonilla,Legal,AWS,Admin,David Brown,True,2026-02-25 16:29:28.686840
AR000464,EMP00406,Kyle Rojas,Human Resources,ServiceNow,Admin,Bob Smith,True,2025-07-29 16:29:28.686840
AR000465,EMP00074,Melissa Monroe,Human Resources,GitHub,Read,Carol Davis,False,2026-03-22 16:29:28.686840
AR000466,EMP00318,Traci Edwards,Security,Salesforce,Admin,Carol Davis,True,2025-11-11 16:29:28.686840
AR000467,EMP00214,Robin Smith,Human Resources,ServiceNow,Read,David Brown,True,2026-06-01 16:29:28.686840
AR000468,EMP00253,Richard Bailey,Engineering,GitHub,Admin,Alice Johnson,True,2026-06-08 16:29:28.686840
AR000469,EMP00424,Monica Miller,Human Resources,Active Directory,Admin,David Brown,True,2026-06-24 16:29:28.686840
AR000470,EMP00377,Vanessa Winters,Operations,GitHub,Read,Carol Davis,True,2025-12-03 16:29:28.686840
AR000471,EMP00284,David Miller,IT,Azure,Admin,David Brown,False,2026-02-15 16:29:28.686840
AR000472,EMP00469,Brian Pham,IT,AWS,Admin,Bob Smith,True,2026-04-13 16:29:28.686840
AR000473,EMP00281,Randy Cortez DVM,Finance,Azure,Write,Alice Johnson,False,2025-10-02 16:29:28.686840
AR000474,EMP00275,Michael Gutierrez,IT,AWS,Write,Alice Johnson,False,2026-03-15 16:29:28.686840
AR000475,EMP00238,Vincent Morris,IT,ServiceNow,Admin,David Brown,False,2025-11-19 16:29:28.686840
AR000476,EMP00400,Cheryl Ballard,Human Resources,Salesforce,Write,Carol Davis,False,2026-06-19 16:29:28.686840
AR000477,EMP00216,Elizabeth Sellers,Legal,GitHub,Write,David Brown,False,2025-09-06 16:29:28.686840
AR000478,EMP00243,Patricia Simpson,Engineering,ServiceNow,Read,Carol Davis,True,2026-06-10 16:29:28.686840
AR000479,EMP00314,Charles Tucker,Human Resources,GitHub,Write,Bob Smith,False,2026-02-17 16:29:28.686840
AR000480,EMP00027,Anthony Walton,Security,Salesforce,Admin,David Brown,True,2025-11-13 16:29:28.686840
AR000481,EMP00260,Thomas Allen,Human Resources,GitHub,Read,David Brown,False,2026-01-07 16:29:28.686840
AR000482,EMP00382,Elizabeth Lang,Human Resources,AWS,Write,David Brown,True,2025-12-08 16:29:28.686840
AR000483,EMP00107,Brittany Adams,Engineering,ServiceNow,Admin,Alice Johnson,False,2025-08-12 16:29:28.686840
AR000484,EMP00288,Christopher Young,Legal,Azure,Read,Alice Johnson,False,2025-11-15 16:29:28.686840
AR000485,EMP00024,Michael Roberts,Human Resources,Azure,Admin,David Brown,True,2026-06-11 16:29:28.686840
AR000486,EMP00097,Mary Wyatt,Engineering,Salesforce,Write,David Brown,True,2025-11-08 16:29:28.686840
AR000487,EMP00210,Meredith Atkinson DVM,Operations,Salesforce,Admin,Alice Johnson,False,2025-11-10 16:29:28.686840
AR000488,EMP00413,John Foster,IT,Salesforce,Admin,Bob Smith,True,2026-01-22 16:29:28.686840
AR000489,EMP00270,Dr. Michael Stevens,IT,ServiceNow,Write,Bob Smith,False,2026-02-22 16:29:28.686840
AR000490,EMP00411,Renee Davis,Operations,Salesforce,Write,Carol Davis,True,2025-08-29 16:29:28.686840
AR000491,EMP00432,Jennifer Torres,Human Resources,GitHub,Write,Bob Smith,False,2026-06-16 16:29:28.686840
AR000492,EMP00490,Brandon Bradford,Human Resources,Active Directory,Write,David Brown,False,2026-06-18 16:29:28.686840
AR000493,EMP00091,Daniel Ramos,Operations,Salesforce,Read,Bob Smith,False,2025-10-29 16:29:28.686840
AR000494,EMP00294,Shannon Roy,Security,GitHub,Write,Bob Smith,True,2026-03-31 16:29:28.686840
AR000495,EMP00478,Charles Henderson,IT,AWS,Admin,Alice Johnson,False,2026-02-04 16:29:28.686840
AR000496,EMP00119,Misty Brandt,Finance,Azure,Read,David Brown,False,2025-12-11 16:29:28.686840
AR000497,EMP00053,Daniel Durham,Finance,ServiceNow,Read,David Brown,True,2025-12-19 16:29:28.686840
AR000498,EMP00153,Jennifer Freeman,Security,ServiceNow,Read,Carol Davis,True,2026-06-24 16:29:28.686840
AR000499,EMP00170,Scott Smith,Operations,Active Directory,Write,David Brown,True,2026-07-03 16:29:28.686840
AR000500,EMP00225,Sarah Anthony,Operations,GitHub,Write,Bob Smith,True,2026-02-13 16:29:28.686840
AR000501,EMP00251,Amy Merritt,Finance,Salesforce,Admin,David Brown,True,2026-07-11 16:29:28.686840
AR000502,EMP00166,Robert Patterson,Engineering,AWS,Read,Alice Johnson,True,2026-03-23 16:29:28.686840
AR000503,EMP00177,Brett Murray,Finance,Active Directory,Read,Carol Davis,False,2026-03-21 16:29:28.686840
AR000504,EMP00386,Shawn Leblanc,Human Resources,Active Directory,Read,David Brown,False,2025-10-28 16:29:28.686840
AR000505,EMP00413,John Foster,IT,Active Directory,Admin,Carol Davis,False,2026-05-28 16:29:28.686840
AR000506,EMP00044,Rebecca Glenn,Finance,GitHub,Read,Bob Smith,False,2026-02-21 16:29:28.686840
AR000507,EMP00110,Steven Nichols,Security,Azure,Read,Alice Johnson,False,2025-12-17 16:29:28.686840
AR000508,EMP00362,Nancy Boyd,Operations,GitHub,Read,Carol Davis,True,2026-05-16 16:29:28.686840
AR000509,EMP00203,Colleen Walker,Engineering,Salesforce,Admin,Alice Johnson,True,2026-03-10 16:29:28.686840
AR000510,EMP00016,Stacey Jenkins,Engineering,ServiceNow,Admin,David Brown,False,2026-01-29 16:29:28.686840
AR000511,EMP00282,David Hawkins,IT,Active Directory,Write,Alice Johnson,False,2026-05-28 16:29:28.686840
AR000512,EMP00240,Randy Gordon,Legal,Active Directory,Admin,Carol Davis,True,2025-09-11 16:29:28.686840
AR000513,EMP00311,Mark Deleon,Security,Azure,Write,David Brown,False,2025-10-22 16:29:28.686840
AR000514,EMP00470,Teresa Guerrero,Finance,Active Directory,Admin,Carol Davis,True,2025-12-29 16:29:28.686840
AR000515,EMP00473,Zachary Martinez,Human Resources,Azure,Write,Bob Smith,False,2025-10-10 16:29:28.686840
AR000516,EMP00119,Misty Brandt,Finance,Active Directory,Admin,Alice Johnson,True,2026-06-14 16:29:28.686840
AR000517,EMP00418,Adam Brown,IT,GitHub,Write,Alice Johnson,False,2025-08-17 16:29:28.686840
AR000518,EMP00243,Patricia Simpson,Engineering,Active Directory,Write,Carol Davis,False,2025-12-01 16:29:28.686840
AR000519,EMP00354,Monica Craig,Human Resources,GitHub,Write,Alice Johnson,True,2026-06-20 16:29:28.686840
AR000520,EMP00134,Marilyn Garcia,Operations,GitHub,Admin,Alice Johnson,True,2026-02-12 16:29:28.686840
AR000521,EMP00327,Joel Peters,Legal,GitHub,Admin,Carol Davis,False,2026-05-20 16:29:28.686840
AR000522,EMP00107,Brittany Adams,Engineering,AWS,Write,David Brown,True,2025-12-05 16:29:28.686840
AR000523,EMP00422,Matthew Wright,Operations,Active Directory,Read,Bob Smith,False,2026-01-05 16:29:28.686840
AR000524,EMP00463,Justin Webster,Human Resources,Azure,Read,David Brown,False,2026-01-07 16:29:28.686840
AR000525,EMP00322,Michael Arias,Operations,Salesforce,Admin,Bob Smith,True,2026-01-20 16:29:28.686840
AR000526,EMP00472,Thomas Calderon,Human Resources,ServiceNow,Read,Carol Davis,True,2025-10-23 16:29:28.686840
AR000527,EMP00338,Alexander Dudley,Security,AWS,Admin,Bob Smith,False,2026-02-24 16:29:28.686840
AR000528,EMP00004,Lisa Pierce,IT,GitHub,Read,Alice Johnson,True,2026-07-05 16:29:28.686840
AR000529,EMP00244,William Jackson,IT,Azure,Write,Bob Smith,True,2026-06-05 16:29:28.686840
AR000530,EMP00104,Leonard Davis,Security,GitHub,Read,Alice Johnson,False,2026-03-06 16:29:28.686840
AR000531,EMP00450,Sheryl Stone,Engineering,GitHub,Write,Bob Smith,True,2026-07-01 16:29:28.686840
AR000532,EMP00231,Tracy Sanders,Finance,ServiceNow,Read,Alice Johnson,False,2026-03-30 16:29:28.686840
AR000533,EMP00128,Harry Green,Security,Salesforce,Admin,Bob Smith,False,2025-10-07 16:29:28.686840
AR000534,EMP00053,Daniel Durham,Finance,GitHub,Read,David Brown,False,2025-12-21 16:29:28.686840
AR000535,EMP00114,Megan Flowers,IT,Active Directory,Write,Bob Smith,False,2025-08-01 16:29:28.686840
AR000536,EMP00495,Sarah Woods,Finance,Salesforce,Admin,Bob Smith,False,2026-01-25 16:29:28.686840
AR000537,EMP00327,Joel Peters,Legal,Azure,Admin,Carol Davis,False,2025-10-20 16:29:28.686840
AR000538,EMP00076,Barbara Reynolds,Human Resources,Azure,Admin,David Brown,False,2026-01-22 16:29:28.686840
AR000539,EMP00279,Christian Gomez,Finance,Azure,Read,Alice Johnson,True,2026-07-10 16:29:28.686840
AR000540,EMP00252,Nicholas Taylor,Security,ServiceNow,Admin,Alice Johnson,True,2026-03-30 16:29:28.686840
AR000541,EMP00189,Joseph Austin,Legal,Salesforce,Write,Alice Johnson,False,2026-01-01 16:29:28.686840
AR000542,EMP00412,Charles Rogers,Operations,Azure,Write,David Brown,False,2025-10-17 16:29:28.686840
AR000543,EMP00429,Jessica Nunez,Engineering,ServiceNow,Read,Bob Smith,True,2026-04-14 16:29:28.686840
AR000544,EMP00001,John Lopez,Human Resources,AWS,Admin,Bob Smith,True,2025-10-29 16:29:28.686840
AR000545,EMP00017,Taylor Mccormick,Engineering,AWS,Write,David Brown,True,2026-06-08 16:29:28.686840
AR000546,EMP00125,Felicia Rocha,Human Resources,GitHub,Admin,Alice Johnson,True,2025-09-18 16:29:28.686840
AR000547,EMP00322,Michael Arias,Operations,Azure,Admin,Alice Johnson,False,2025-09-23 16:29:28.686840
AR000548,EMP00465,Carmen Davis,Human Resources,Salesforce,Write,Carol Davis,True,2026-01-03 16:29:28.686840
AR000549,EMP00174,Emily Church,Human Resources,ServiceNow,Read,Carol Davis,True,2025-09-29 16:29:28.686840
AR000550,EMP00407,Rebecca Flores,Legal,Salesforce,Read,David Brown,True,2026-05-01 16:29:28.686840
AR000551,EMP00422,Matthew Wright,Operations,Salesforce,Admin,Alice Johnson,True,2025-12-31 16:29:28.686840
AR000552,EMP00187,Marie Bates,Human Resources,ServiceNow,Read,Bob Smith,True,2025-12-27 16:29:28.686840
AR000553,EMP00271,Lori Lamb,Operations,Salesforce,Admin,Carol Davis,False,2026-06-18 16:29:28.686840
AR000554,EMP00289,Sean Hernandez,Finance,GitHub,Read,Bob Smith,True,2026-04-05 16:29:28.686840
AR000555,EMP00467,Elaine Rice,Security,AWS,Read,Bob Smith,False,2025-08-12 16:29:28.686840
AR000556,EMP00312,Rachael Fisher,Engineering,ServiceNow,Admin,Alice Johnson,True,2025-08-02 16:29:28.686840
AR000557,EMP00494,Claudia Andrews,Legal,ServiceNow,Admin,Alice Johnson,True,2026-03-08 16:29:28.686840
AR000558,EMP00029,Jeffrey Sullivan,IT,Active Directory,Admin,David Brown,True,2025-11-15 16:29:28.686840
AR000559,EMP00130,Michele Thomas,IT,GitHub,Write,David Brown,True,2026-02-11 16:29:28.686840
AR000560,EMP00381,Terry Morgan,IT,Azure,Read,Alice Johnson,False,2026-02-01 16:29:28.686840
AR000561,EMP00112,Natalie Friedman,Security,Azure,Write,Bob Smith,False,2026-07-01 16:29:28.686840
AR000562,EMP00037,Harold Oliver,Operations,Salesforce,Admin,Alice Johnson,True,2026-05-06 16:29:28.686840
AR000563,EMP00229,Michael Blevins,Human Resources,GitHub,Write,Alice Johnson,True,2026-03-10 16:29:28.686840
AR000564,EMP00450,Sheryl Stone,Engineering,Salesforce,Write,Carol Davis,False,2025-12-24 16:29:28.686840
AR000565,EMP00328,Stacey Barajas,Engineering,ServiceNow,Read,Carol Davis,False,2026-04-18 16:29:28.686840
AR000566,EMP00182,Megan Harris,Finance,Active Directory,Admin,David Brown,False,2025-10-07 16:29:28.686840
AR000567,EMP00234,Kaitlin Martinez,Engineering,GitHub,Read,Bob Smith,True,2026-03-03 16:29:28.686840
AR000568,EMP00077,Melissa Hill,Human Resources,ServiceNow,Admin,Carol Davis,True,2026-06-04 16:29:28.686840
AR000569,EMP00362,Nancy Boyd,Operations,Salesforce,Read,Alice Johnson,False,2025-12-31 16:29:28.686840
AR000570,EMP00306,Kristi Atkins,Security,Salesforce,Write,David Brown,False,2025-10-29 16:29:28.686840
AR000571,EMP00411,Renee Davis,Operations,Active Directory,Admin,Alice Johnson,False,2026-02-21 16:29:28.686840
AR000572,EMP00319,William Thomas MD,Human Resources,ServiceNow,Read,Bob Smith,True,2026-04-20 16:29:28.686840
AR000573,EMP00001,John Lopez,Human Resources,ServiceNow,Admin,Bob Smith,False,2026-07-03 16:29:28.686840
AR000574,EMP00014,Samantha Valdez,Operations,ServiceNow,Write,Bob Smith,False,2025-12-04 16:29:28.686840
AR000575,EMP00485,Anthony Gaines,Operations,AWS,Write,Bob Smith,True,2026-06-14 16:29:28.686840
AR000576,EMP00051,Richard Velez,Legal,GitHub,Read,David Brown,False,2025-08-26 16:29:28.686840
AR000577,EMP00036,Rose Henderson,Human Resources,ServiceNow,Admin,David Brown,True,2026-06-28 16:29:28.686840
AR000578,EMP00498,Ricky Cook,Operations,AWS,Write,Alice Johnson,True,2026-04-20 16:29:28.686840
AR000579,EMP00041,Jody Burton,Engineering,Azure,Admin,Carol Davis,True,2026-03-23 16:29:28.686840
AR000580,EMP00219,Robert Smith,Legal,Azure,Write,Alice Johnson,True,2025-12-10 16:29:28.686840
AR000581,EMP00204,Charles Wilcox,Human Resources,Azure,Write,Bob Smith,False,2025-10-10 16:29:28.686840
AR000582,EMP00481,Gene Bryant,Human Resources,Azure,Admin,David Brown,True,2026-04-15 16:29:28.686840
AR000583,EMP00323,Tyler Grant,Security,GitHub,Write,David Brown,True,2025-12-08 16:29:28.686840
AR000584,EMP00409,Jessica Warner,Security,GitHub,Write,Bob Smith,True,2025-08-30 16:29:28.686840
AR000585,EMP00369,Robert French,Human Resources,AWS,Admin,Bob Smith,False,2025-09-09 16:29:28.686840
AR000586,EMP00371,Karen Harper,Finance,GitHub,Write,Carol Davis,False,2026-01-30 16:29:28.686840
AR000587,EMP00487,Jason Richardson,IT,Salesforce,Read,David Brown,False,2026-02-19 16:29:28.686840
AR000588,EMP00151,Paige Harrington,Operations,Azure,Admin,David Brown,True,2026-05-16 16:29:28.686840
AR000589,EMP00443,Michelle Richardson,Human Resources,Active Directory,Admin,David Brown,False,2026-02-23 16:29:28.686840
AR000590,EMP00259,Margaret Allen,Legal,Azure,Read,Carol Davis,False,2026-07-26 16:29:28.686840
AR000591,EMP00057,Tyler Levine,Operations,ServiceNow,Read,Carol Davis,False,2025-12-08 16:29:28.686840
AR000592,EMP00067,Jennifer Richardson,Engineering,Azure,Read,David Brown,True,2026-06-25 16:29:28.686840
AR000593,EMP00199,Terry Henson,Legal,Azure,Read,Bob Smith,True,2026-06-23 16:29:28.686840
AR000594,EMP00123,Jocelyn Anderson,Finance,Salesforce,Admin,Bob Smith,True,2025-08-01 16:29:28.686840
AR000595,EMP00115,Benjamin Thompson,IT,Active Directory,Read,Bob Smith,True,2025-12-27 16:29:28.686840
AR000596,EMP00352,Ashley Koch,Engineering,Azure,Admin,David Brown,True,2025-11-02 16:29:28.686840
AR000597,EMP00184,Courtney Lewis,Finance,Active Directory,Write,Alice Johnson,False,2025-09-22 16:29:28.686840
AR000598,EMP00403,Alexandra Hansen,Security,GitHub,Read,Alice Johnson,False,2025-09-05 16:29:28.686840
AR000599,EMP00026,Shelly Mclaughlin,Finance,ServiceNow,Write,David Brown,True,2026-01-27 16:29:28.686840
AR000600,EMP00227,Bethany Patel,Human Resources,Salesforce,Read,Carol Davis,False,2025-09-04 16:29:28.686840
AR000601,EMP00053,Daniel Durham,Finance,AWS,Read,Alice Johnson,False,2026-02-13 16:29:28.686840
AR000602,EMP00355,Terry Alexander,IT,ServiceNow,Write,Alice Johnson,True,2025-09-27 16:29:28.686840
AR000603,EMP00319,William Thomas MD,Human Resources,Azure,Read,Carol Davis,True,2026-04-05 16:29:28.686840
AR000604,EMP00141,William Durham,Finance,Salesforce,Read,David Brown,True,2025-08-16 16:29:28.686840
AR000605,EMP00328,Stacey Barajas,Engineering,ServiceNow,Write,Alice Johnson,True,2026-05-10 16:29:28.686840
AR000606,EMP00196,Melissa Dudley,Engineering,AWS,Read,Carol Davis,True,2026-06-18 16:29:28.686840
AR000607,EMP00045,Jose Williams,Engineering,AWS,Read,Carol Davis,False,2026-03-06 16:29:28.686840
AR000608,EMP00073,William Velasquez,Human Resources,ServiceNow,Read,Carol Davis,True,2025-09-07 16:29:28.686840
AR000609,EMP00235,Patty Camacho,IT,AWS,Read,David Brown,False,2026-02-23 16:29:28.686840
AR000610,EMP00356,Veronica Diaz,Human Resources,GitHub,Read,David Brown,True,2025-10-24 16:29:28.686840
AR000611,EMP00160,Tammy Rodriguez,Legal,GitHub,Admin,Alice Johnson,True,2025-11-27 16:29:28.686840
AR000612,EMP00452,Maurice Martinez,Engineering,Salesforce,Read,David Brown,True,2025-10-19 16:29:28.686840
AR000613,EMP00108,Veronica Novak,Human Resources,Azure,Write,Carol Davis,True,2026-02-02 16:29:28.686840
AR000614,EMP00196,Melissa Dudley,Engineering,Active Directory,Write,David Brown,False,2026-03-06 16:29:28.686840
AR000615,EMP00343,Dominique Franklin,Security,Salesforce,Admin,David Brown,True,2026-05-18 16:29:28.686840
AR000616,EMP00318,Traci Edwards,Security,ServiceNow,Write,David Brown,False,2026-03-24 16:29:28.686840
AR000617,EMP00309,Marcus Schwartz,Human Resources,GitHub,Read,Bob Smith,True,2026-03-29 16:29:28.686840
AR000618,EMP00359,Michael Barajas,Operations,Azure,Admin,Carol Davis,False,2026-01-22 16:29:28.686840
AR000619,EMP00318,Traci Edwards,Security,ServiceNow,Admin,David Brown,False,2026-05-18 16:29:28.686840
AR000620,EMP00278,Matthew Perez,Human Resources,Azure,Admin,Alice Johnson,False,2025-09-15 16:29:28.686840
AR000621,EMP00166,Robert Patterson,Engineering,GitHub,Admin,Carol Davis,True,2026-01-22 16:29:28.686840
AR000622,EMP00326,Jennifer Miller,Security,Active Directory,Write,Bob Smith,True,2025-11-23 16:29:28.686840
AR000623,EMP00230,Michael Morales,IT,Salesforce,Admin,David Brown,True,2026-05-20 16:29:28.686840
AR000624,EMP00099,Destiny Spencer,Human Resources,AWS,Read,Carol Davis,False,2026-02-24 16:29:28.686840
AR000625,EMP00038,Raymond Berry,Legal,Azure,Read,Alice Johnson,False,2025-08-16 16:29:28.686840
AR000626,EMP00030,Alexandra Wilson,Finance,GitHub,Admin,Carol Davis,True,2025-11-20 16:29:28.686840
AR000627,EMP00394,Matthew Dyer,Legal,ServiceNow,Write,Bob Smith,True,2026-02-01 16:29:28.686840
AR000628,EMP00046,Jorge Fisher,Legal,Azure,Write,Carol Davis,True,2026-05-15 16:29:28.686840
AR000629,EMP00331,Amanda Bailey MD,Human Resources,AWS,Write,Bob Smith,True,2025-12-01 16:29:28.686840
AR000630,EMP00198,Crystal Flores,IT,GitHub,Read,Carol Davis,False,2026-07-15 16:29:28.686840
AR000631,EMP00014,Samantha Valdez,Operations,Azure,Admin,Alice Johnson,False,2026-06-12 16:29:28.686840
AR000632,EMP00115,Benjamin Thompson,IT,AWS,Read,Alice Johnson,False,2026-02-21 16:29:28.686840
AR000633,EMP00490,Brandon Bradford,Human Resources,ServiceNow,Write,David Brown,True,2026-05-05 16:29:28.686840
AR000634,EMP00104,Leonard Davis,Security,Azure,Admin,Alice Johnson,False,2026-06-12 16:29:28.686840
AR000635,EMP00490,Brandon Bradford,Human Resources,Salesforce,Write,Carol Davis,False,2026-01-04 16:29:28.686840
AR000636,EMP00323,Tyler Grant,Security,Active Directory,Read,Bob Smith,False,2025-10-07 16:29:28.686840
AR000637,EMP00362,Nancy Boyd,Operations,Active Directory,Write,Bob Smith,True,2025-10-15 16:29:28.686840
AR000638,EMP00025,David Everett,Human Resources,GitHub,Admin,David Brown,True,2026-01-24 16:29:28.690555
AR000639,EMP00397,William Cook,Finance,Active Directory,Read,Alice Johnson,False,2025-07-29 16:29:28.690555
AR000640,EMP00131,Ronald Hale,Engineering,ServiceNow,Admin,Carol Davis,False,2026-04-19 16:29:28.690555
AR000641,EMP00352,Ashley Koch,Engineering,Salesforce,Admin,David Brown,False,2026-06-22 16:29:28.690555
AR000642,EMP00207,Robert Ford,Legal,Active Directory,Write,Alice Johnson,True,2025-11-03 16:29:28.690555
AR000643,EMP00259,Margaret Allen,Legal,Salesforce,Write,Carol Davis,False,2025-12-20 16:29:28.690555
AR000644,EMP00414,Michael Bishop,Operations,GitHub,Admin,Carol Davis,True,2026-04-04 16:29:28.690555
AR000645,EMP00409,Jessica Warner,Security,Active Directory,Write,Bob Smith,True,2025-10-12 16:29:28.690555
AR000646,EMP00257,James Payne,Engineering,Active Directory,Write,Bob Smith,True,2025-08-28 16:29:28.690555
AR000647,EMP00050,Mr. Ronald Wright,IT,Salesforce,Admin,David Brown,False,2025-12-06 16:29:28.690555
AR000648,EMP00482,Jennifer Patel DVM,Engineering,Salesforce,Write,Carol Davis,False,2025-08-01 16:29:28.690555
AR000649,EMP00472,Thomas Calderon,Human Resources,GitHub,Write,Carol Davis,False,2026-03-18 16:29:28.690555
AR000650,EMP00164,Mary Meyer,IT,GitHub,Write,David Brown,False,2026-07-12 16:29:28.690555
AR000651,EMP00345,William Lewis,Engineering,Salesforce,Admin,Alice Johnson,False,2026-02-28 16:29:28.690555
AR000652,EMP00450,Sheryl Stone,Engineering,Azure,Write,Alice Johnson,True,2025-11-19 16:29:28.690555
AR000653,EMP00108,Veronica Novak,Human Resources,Azure,Write,David Brown,False,2026-01-02 16:29:28.690555
AR000654,EMP00354,Monica Craig,Human Resources,Azure,Read,David Brown,True,2026-05-29 16:29:28.690555
AR000655,EMP00336,Kelsey Kramer,Security,Azure,Write,Alice Johnson,True,2026-03-18 16:29:28.690555
AR000656,EMP00467,Elaine Rice,Security,Salesforce,Admin,Alice Johnson,False,2025-12-16 16:29:28.690555
AR000657,EMP00349,Brian Rowland,Legal,Azure,Read,Carol Davis,False,2026-01-06 16:29:28.690555
AR000658,EMP00193,Christina Richardson,Operations,Salesforce,Admin,Carol Davis,False,2025-11-26 16:29:28.690555
AR000659,EMP00325,Joshua Cook,IT,Active Directory,Read,Carol Davis,False,2026-01-05 16:29:28.690555
AR000660,EMP00146,Pam Reyes,Operations,ServiceNow,Write,Bob Smith,False,2025-08-16 16:29:28.690555
AR000661,EMP00063,Tricia Moody,Operations,Salesforce,Write,Alice Johnson,False,2025-12-23 16:29:28.690555
AR000662,EMP00176,Anthony Burns,Security,Active Directory,Write,Bob Smith,False,2026-06-27 16:29:28.690555
AR000663,EMP00122,Caitlin Williams,Legal,Salesforce,Read,Bob Smith,False,2025-08-24 16:29:28.690555
AR000664,EMP00116,Penny Frazier,Human Resources,AWS,Read,Carol Davis,False,2026-07-21 16:29:28.690555
AR000665,EMP00322,Michael Arias,Operations,Salesforce,Write,Alice Johnson,False,2026-05-31 16:29:28.690555
AR000666,EMP00499,Ryan Cummings,Human Resources,Salesforce,Write,Carol Davis,True,2025-12-08 16:29:28.690555
AR000667,EMP00005,Jennifer Sanders,Legal,AWS,Read,Carol Davis,False,2026-02-18 16:29:28.690555
AR000668,EMP00470,Teresa Guerrero,Finance,AWS,Write,Alice Johnson,True,2026-01-23 16:29:28.690555
AR000669,EMP00280,Benjamin Gray,Legal,AWS,Admin,David Brown,False,2026-05-26 16:29:28.690555
AR000670,EMP00087,Steven Schneider,Operations,Salesforce,Admin,Bob Smith,True,2026-02-09 16:29:28.690555
AR000671,EMP00073,William Velasquez,Human Resources,Active Directory,Admin,Bob Smith,False,2026-05-20 16:29:28.690555
AR000672,EMP00280,Benjamin Gray,Legal,Active Directory,Admin,David Brown,True,2026-01-23 16:29:28.690555
AR000673,EMP00276,Christopher Cuevas,Engineering,GitHub,Admin,Alice Johnson,True,2025-09-25 16:29:28.690555
AR000674,EMP00477,William Pearson,Legal,Active Directory,Admin,Carol Davis,False,2026-02-12 16:29:28.690555
AR000675,EMP00199,Terry Henson,Legal,ServiceNow,Admin,Bob Smith,False,2026-03-10 16:29:28.690555
AR000676,EMP00184,Courtney Lewis,Finance,ServiceNow,Write,David Brown,True,2025-12-28 16:29:28.690555
AR000677,EMP00125,Felicia Rocha,Human Resources,AWS,Read,Alice Johnson,True,2026-03-30 16:29:28.690555
AR000678,EMP00252,Nicholas Taylor,Security,ServiceNow,Read,Alice Johnson,False,2025-12-25 16:29:28.690555
AR000679,EMP00433,Tyler Garcia,Operations,Azure,Write,David Brown,False,2025-12-02 16:29:28.690555
AR000680,EMP00118,Nicole Orr,Finance,GitHub,Read,Bob Smith,True,2025-12-05 16:29:28.690555
AR000681,EMP00479,Jennifer Salazar,Security,AWS,Read,Alice Johnson,True,2025-11-29 16:29:28.690555
AR000682,EMP00358,Martha Mcgee,IT,ServiceNow,Admin,David Brown,True,2026-01-25 16:29:28.690555
AR000683,EMP00243,Patricia Simpson,Engineering,Azure,Write,Bob Smith,True,2025-08-14 16:29:28.690555
AR000684,EMP00377,Vanessa Winters,Operations,Active Directory,Read,Bob Smith,False,2026-03-26 16:29:28.690555
AR000685,EMP00342,Lisa Cooper,Engineering,AWS,Admin,Bob Smith,False,2025-10-29 16:29:28.690555
AR000686,EMP00150,Kyle Cain,Security,Active Directory,Admin,Carol Davis,True,2026-02-25 16:29:28.690555
AR000687,EMP00297,Jonathan Hampton,Finance,Active Directory,Read,Bob Smith,True,2026-02-04 16:29:28.690555
AR000688,EMP00060,Lydia Huffman,Finance,Azure,Admin,Carol Davis,True,2026-07-06 16:29:28.690555
AR000689,EMP00400,Cheryl Ballard,Human Resources,Azure,Admin,Carol Davis,False,2025-10-14 16:29:28.690555
AR000690,EMP00219,Robert Smith,Legal,GitHub,Admin,Carol Davis,False,2025-11-13 16:29:28.690555
AR000691,EMP00357,Kimberly Scott,Operations,AWS,Admin,Alice Johnson,False,2026-05-01 16:29:28.690555
AR000692,EMP00420,Jeremy Lopez,Legal,ServiceNow,Write,Bob Smith,True,2026-07-16 16:29:28.690555
AR000693,EMP00130,Michele Thomas,IT,Salesforce,Read,David Brown,True,2025-08-19 16:29:28.690555
AR000694,EMP00107,Brittany Adams,Engineering,ServiceNow,Write,Carol Davis,False,2025-08-10 16:29:28.690555
AR000695,EMP00311,Mark Deleon,Security,Salesforce,Read,Carol Davis,False,2025-12-26 16:29:28.690555
AR000696,EMP00077,Melissa Hill,Human Resources,AWS,Admin,David Brown,True,2026-04-11 16:29:28.690555
AR000697,EMP00132,Megan Scott,Finance,AWS,Write,Bob Smith,False,2025-09-07 16:29:28.690555
AR000698,EMP00331,Amanda Bailey MD,Human Resources,Azure,Admin,Carol Davis,True,2026-07-20 16:29:28.690555
AR000699,EMP00134,Marilyn Garcia,Operations,ServiceNow,Admin,Bob Smith,False,2026-05-12 16:29:28.690555
AR000700,EMP00121,Richard Maldonado,Human Resources,GitHub,Admin,Carol Davis,True,2026-07-14 16:29:28.690555
AR000701,EMP00309,Marcus Schwartz,Human Resources,Active Directory,Admin,Bob Smith,True,2025-10-15 16:29:28.690555
AR000702,EMP00364,Eric Wilcox,IT,Active Directory,Admin,Bob Smith,True,2025-12-11 16:29:28.690555
AR000703,EMP00397,William Cook,Finance,Active Directory,Admin,Bob Smith,False,2025-12-14 16:29:28.690555
AR000704,EMP00346,Alicia Howard,Legal,Azure,Write,David Brown,True,2026-05-15 16:29:28.690555
AR000705,EMP00318,Traci Edwards,Security,AWS,Read,David Brown,True,2026-04-08 16:29:28.690555
AR000706,EMP00188,Melissa Hubbard,Human Resources,Azure,Read,David Brown,True,2025-08-07 16:29:28.690555
AR000707,EMP00063,Tricia Moody,Operations,Azure,Read,Bob Smith,False,2025-12-10 16:29:28.690555
AR000708,EMP00323,Tyler Grant,Security,Azure,Write,David Brown,False,2026-05-19 16:29:28.690555
AR000709,EMP00126,Isabel Perez,Engineering,Salesforce,Write,David Brown,True,2026-02-04 16:29:28.690555
AR000710,EMP00025,David Everett,Human Resources,GitHub,Write,Bob Smith,True,2026-01-05 16:29:28.690555
AR000711,EMP00325,Joshua Cook,IT,ServiceNow,Write,Bob Smith,True,2026-02-05 16:29:28.690555
AR000712,EMP00431,Mark King,Human Resources,Azure,Admin,Carol Davis,True,2026-02-09 16:29:28.690555
AR000713,EMP00216,Elizabeth Sellers,Legal,ServiceNow,Read,Carol Davis,False,2026-07-17 16:29:28.690555
AR000714,EMP00037,Harold Oliver,Operations,Azure,Write,Alice Johnson,True,2025-11-30 16:29:28.690555
AR000715,EMP00097,Mary Wyatt,Engineering,GitHub,Read,David Brown,True,2026-07-08 16:29:28.690555
AR000716,EMP00085,Kathleen Lynch,Human Resources,Salesforce,Admin,David Brown,True,2025-11-18 16:29:28.690555
AR000717,EMP00228,Nancy Orozco,Finance,Active Directory,Admin,Carol Davis,False,2026-03-18 16:29:28.690555
AR000718,EMP00433,Tyler Garcia,Operations,GitHub,Admin,Bob Smith,True,2025-12-06 16:29:28.690555
AR000719,EMP00376,George Hutchinson,Engineering,GitHub,Read,Carol Davis,False,2026-06-19 16:29:28.690555
AR000720,EMP00340,Brett Turner,Engineering,Salesforce,Read,Carol Davis,True,2025-12-25 16:29:28.690555
AR000721,EMP00217,Monica Castillo,Legal,Active Directory,Write,Alice Johnson,True,2026-02-04 16:29:28.690555
AR000722,EMP00442,Autumn Taylor,Operations,GitHub,Write,Carol Davis,True,2025-12-22 16:29:28.690555
AR000723,EMP00182,Megan Harris,Finance,GitHub,Read,Bob Smith,True,2026-04-18 16:29:28.690555
AR000724,EMP00018,Katherine Adams,Human Resources,AWS,Admin,Carol Davis,False,2026-01-09 16:29:28.690555
AR000725,EMP00306,Kristi Atkins,Security,Azure,Read,Carol Davis,False,2026-05-01 16:29:28.690555
AR000726,EMP00320,David Ayala,Security,Azure,Admin,Alice Johnson,True,2025-10-20 16:29:28.690555
AR000727,EMP00045,Jose Williams,Engineering,Active Directory,Read,Bob Smith,False,2026-05-11 16:29:28.690555
AR000728,EMP00092,Micheal Barajas,Security,ServiceNow,Read,Bob Smith,False,2026-07-22 16:29:28.690555
AR000729,EMP00406,Kyle Rojas,Human Resources,GitHub,Read,David Brown,False,2025-09-13 16:29:28.690555
AR000730,EMP00246,Jennifer Bates,Legal,Azure,Read,Bob Smith,False,2025-08-26 16:29:28.690555
AR000731,EMP00253,Richard Bailey,Engineering,Azure,Read,Alice Johnson,True,2025-11-01 16:29:28.690555
AR000732,EMP00026,Shelly Mclaughlin,Finance,AWS,Admin,Bob Smith,True,2025-08-14 16:29:28.690555
AR000733,EMP00229,Michael Blevins,Human Resources,Azure,Write,David Brown,True,2025-10-13 16:29:28.690555
AR000734,EMP00121,Richard Maldonado,Human Resources,Salesforce,Admin,Alice Johnson,True,2025-09-24 16:29:28.690555
AR000735,EMP00172,Susan Hanson,Security,Salesforce,Write,David Brown,False,2025-10-07 16:29:28.690555
AR000736,EMP00237,Deborah Hall,Security,Azure,Admin,David Brown,True,2026-07-24 16:29:28.690555
AR000737,EMP00276,Christopher Cuevas,Engineering,ServiceNow,Read,Alice Johnson,False,2026-05-03 16:29:28.690555
AR000738,EMP00076,Barbara Reynolds,Human Resources,Salesforce,Write,Bob Smith,True,2026-04-25 16:29:28.690555
AR000739,EMP00344,Kent Carter,Finance,ServiceNow,Read,Carol Davis,False,2026-03-29 16:29:28.690555
AR000740,EMP00423,Roberto Thomas,Security,GitHub,Read,Bob Smith,False,2026-01-05 16:29:28.690555
AR000741,EMP00278,Matthew Perez,Human Resources,AWS,Write,Carol Davis,False,2026-03-08 16:29:28.690555
AR000742,EMP00446,Mrs. Autumn Wyatt,Legal,ServiceNow,Read,David Brown,False,2026-01-07 16:29:28.690555
AR000743,EMP00202,Shirley Baird,Human Resources,Salesforce,Write,David Brown,False,2025-11-20 16:29:28.690555
AR000744,EMP00235,Patty Camacho,IT,Active Directory,Read,Alice Johnson,True,2026-06-12 16:29:28.690555
AR000745,EMP00350,Brandon Allison,Engineering,ServiceNow,Write,Bob Smith,True,2026-04-09 16:29:28.690555
AR000746,EMP00205,Michael Hunt,Operations,Azure,Read,Alice Johnson,True,2025-11-08 16:29:28.690555
AR000747,EMP00120,Scott Lopez,Engineering,Salesforce,Write,Bob Smith,True,2026-05-24 16:29:28.690555
AR000748,EMP00238,Vincent Morris,IT,Azure,Read,Alice Johnson,True,2025-08-20 16:29:28.690555
AR000749,EMP00111,Jasmine Howell,Engineering,Active Directory,Admin,Bob Smith,True,2026-01-24 16:29:28.690555
AR000750,EMP00428,Jaime Baker,Legal,Azure,Read,Alice Johnson,True,2026-01-10 16:29:28.690555
AR000751,EMP00489,Nicholas Gonzales,Security,Azure,Admin,Carol Davis,True,2026-03-11 16:29:28.690555
AR000752,EMP00100,Terry Rios,Legal,Azure,Read,Bob Smith,False,2026-04-13 16:29:28.690555
AR000753,EMP00323,Tyler Grant,Security,Active Directory,Admin,David Brown,True,2026-07-07 16:29:28.690555
AR000754,EMP00227,Bethany Patel,Human Resources,Salesforce,Admin,Alice Johnson,False,2025-09-10 16:29:28.690555
AR000755,EMP00482,Jennifer Patel DVM,Engineering,Azure,Read,Bob Smith,True,2026-01-14 16:29:28.690555
AR000756,EMP00026,Shelly Mclaughlin,Finance,Salesforce,Write,Carol Davis,True,2026-04-17 16:29:28.690555
AR000757,EMP00215,Jenny Mckinney,Security,Active Directory,Read,Alice Johnson,False,2026-05-24 16:29:28.690555
AR000758,EMP00168,Maxwell Munoz,IT,Active Directory,Admin,Carol Davis,True,2026-02-02 16:29:28.690555
AR000759,EMP00328,Stacey Barajas,Engineering,Azure,Write,Bob Smith,True,2025-09-01 16:29:28.690555
AR000760,EMP00082,Ian Wright,Finance,Azure,Read,David Brown,False,2026-04-11 16:29:28.690555
AR000761,EMP00404,Nicole Garcia,Security,GitHub,Admin,David Brown,False,2026-04-15 16:29:28.690555
AR000762,EMP00163,Misty Rice,IT,Azure,Admin,David Brown,False,2026-07-18 16:29:28.690555
AR000763,EMP00499,Ryan Cummings,Human Resources,ServiceNow,Admin,Carol Davis,True,2026-07-05 16:29:28.690555
AR000764,EMP00121,Richard Maldonado,Human Resources,Salesforce,Write,David Brown,False,2026-01-26 16:29:28.690555
AR000765,EMP00475,Heather Jones,Operations,GitHub,Write,Alice Johnson,True,2025-07-28 16:29:28.690555
AR000766,EMP00258,Denise Williams,Human Resources,Active Directory,Admin,Bob Smith,True,2025-09-05 16:29:28.690555
AR000767,EMP00255,Monica Lee,IT,Active Directory,Read,Carol Davis,False,2026-02-07 16:29:28.690555
AR000768,EMP00255,Monica Lee,IT,ServiceNow,Write,David Brown,True,2026-03-26 16:29:28.690555
AR000769,EMP00273,Matthew Lozano,Finance,Azure,Read,Carol Davis,False,2026-06-23 16:29:28.690555
AR000770,EMP00284,David Miller,IT,ServiceNow,Admin,David Brown,True,2026-05-05 16:29:28.690555
AR000771,EMP00094,Victoria Austin,Engineering,Azure,Admin,Carol Davis,False,2026-06-08 16:29:28.690555
AR000772,EMP00249,Deborah George,Finance,Salesforce,Write,Carol Davis,True,2025-12-23 16:29:28.690555
AR000773,EMP00023,Deanna Stephens,Legal,AWS,Write,Alice Johnson,True,2026-04-11 16:29:28.690555
AR000774,EMP00123,Jocelyn Anderson,Finance,Active Directory,Admin,David Brown,False,2025-10-11 16:29:28.690555
AR000775,EMP00370,Terry Parker,Security,GitHub,Write,Bob Smith,False,2026-05-29 16:29:28.690555
AR000776,EMP00262,Lisa White,Human Resources,Salesforce,Write,Bob Smith,True,2026-04-30 16:29:28.690555
AR000777,EMP00414,Michael Bishop,Operations,Azure,Admin,Alice Johnson,False,2025-10-01 16:29:28.690555
AR000778,EMP00271,Lori Lamb,Operations,Salesforce,Write,David Brown,True,2026-06-25 16:29:28.690555
AR000779,EMP00425,Kara Parker,Human Resources,ServiceNow,Write,David Brown,True,2025-12-25 16:29:28.690555
AR000780,EMP00397,William Cook,Finance,Azure,Read,Bob Smith,True,2025-09-17 16:29:28.690555
AR000781,EMP00374,Patricia Patel,Security,Active Directory,Write,David Brown,True,2025-11-10 16:29:28.690555
AR000782,EMP00206,Laura Cook,Operations,Azure,Admin,Carol Davis,False,2026-07-17 16:29:28.690555
AR000783,EMP00356,Veronica Diaz,Human Resources,Salesforce,Read,Alice Johnson,False,2026-04-27 16:29:28.690555
AR000784,EMP00326,Jennifer Miller,Security,Salesforce,Admin,Bob Smith,False,2025-09-17 16:29:28.690555
AR000785,EMP00493,Edward Ferrell,Finance,AWS,Admin,David Brown,True,2026-05-03 16:29:28.690555
AR000786,EMP00197,Brandon West,Finance,ServiceNow,Read,David Brown,False,2025-11-22 16:29:28.690555
AR000787,EMP00440,Tiffany Brown,Legal,AWS,Write,Bob Smith,False,2025-10-04 16:29:28.690555
AR000788,EMP00374,Patricia Patel,Security,ServiceNow,Admin,David Brown,True,2026-03-24 16:29:28.690555
AR000789,EMP00054,Shelly Rios,IT,ServiceNow,Admin,Alice Johnson,False,2026-07-28 16:29:28.690555
AR000790,EMP00372,Jessica Hill,Engineering,Active Directory,Read,Bob Smith,False,2026-01-04 16:29:28.690555
AR000791,EMP00255,Monica Lee,IT,ServiceNow,Read,David Brown,True,2025-08-12 16:29:28.690555
AR000792,EMP00115,Benjamin Thompson,IT,ServiceNow,Read,Alice Johnson,True,2025-10-25 16:29:28.690555
AR000793,EMP00024,Michael Roberts,Human Resources,AWS,Admin,Alice Johnson,False,2025-11-25 16:29:28.690555
AR000794,EMP00278,Matthew Perez,Human Resources,AWS,Read,Alice Johnson,False,2025-11-13 16:29:28.690555
AR000795,EMP00227,Bethany Patel,Human Resources,AWS,Write,Bob Smith,True,2026-07-22 16:29:28.690555
AR000796,EMP00339,Paul Jenkins,Finance,Active Directory,Admin,Carol Davis,True,2025-08-16 16:29:28.690555
AR000797,EMP00141,William Durham,Finance,Salesforce,Admin,Carol Davis,True,2026-07-11 16:29:28.690555
AR000798,EMP00251,Amy Merritt,Finance,AWS,Admin,David Brown,False,2026-03-29 16:29:28.690555
AR000799,EMP00473,Zachary Martinez,Human Resources,Active Directory,Write,Alice Johnson,True,2026-05-09 16:29:28.690555
AR000800,EMP00393,Omar Williams,Finance,Active Directory,Admin,Bob Smith,False,2026-01-19 16:29:28.690555
AR000801,EMP00494,Claudia Andrews,Legal,Salesforce,Read,Bob Smith,True,2026-02-18 16:29:28.690555
AR000802,EMP00378,Norman Jackson,Human Resources,AWS,Admin,Alice Johnson,False,2025-11-16 16:29:28.690555
AR000803,EMP00240,Randy Gordon,Legal,Active Directory,Read,Carol Davis,False,2026-03-28 16:29:28.690555
AR000804,EMP00206,Laura Cook,Operations,GitHub,Write,Bob Smith,False,2025-09-11 16:29:28.690555
AR000805,EMP00075,James White,Legal,Active Directory,Read,Bob Smith,False,2026-07-05 16:29:28.690555
AR000806,EMP00362,Nancy Boyd,Operations,Active Directory,Admin,Alice Johnson,False,2025-10-17 16:29:28.690555
AR000807,EMP00465,Carmen Davis,Human Resources,ServiceNow,Write,Bob Smith,False,2026-04-24 16:29:28.690555
AR000808,EMP00432,Jennifer Torres,Human Resources,Salesforce,Admin,Alice Johnson,True,2026-05-19 16:29:28.690555
AR000809,EMP00369,Robert French,Human Resources,GitHub,Read,Bob Smith,True,2026-04-26 16:29:28.690555
AR000810,EMP00367,Alice Hardy,IT,ServiceNow,Admin,David Brown,False,2025-12-19 16:29:28.690555
AR000811,EMP00116,Penny Frazier,Human Resources,Azure,Write,Alice Johnson,True,2025-10-07 16:29:28.690555
AR000812,EMP00496,Jason Lam,Finance,AWS,Read,Alice Johnson,False,2026-01-17 16:29:28.690555
AR000813,EMP00443,Michelle Richardson,Human Resources,ServiceNow,Admin,Alice Johnson,False,2025-09-12 16:29:28.690555
AR000814,EMP00184,Courtney Lewis,Finance,ServiceNow,Write,Carol Davis,True,2026-02-15 16:29:28.690555
AR000815,EMP00049,Mrs. Kara Holt,Human Resources,AWS,Read,Carol Davis,True,2025-10-11 16:29:28.690555
AR000816,EMP00317,Caleb Myers,IT,ServiceNow,Read,Carol Davis,False,2026-02-08 16:29:28.690555
AR000817,EMP00227,Bethany Patel,Human Resources,Salesforce,Read,Bob Smith,True,2025-08-13 16:29:28.690555
AR000818,EMP00333,Tara Armstrong,Engineering,ServiceNow,Write,Alice Johnson,True,2026-07-06 16:29:28.690555
AR000819,EMP00034,Mark Mason,Security,Active Directory,Read,Alice Johnson,True,2025-11-30 16:29:28.690555
AR000820,EMP00270,Dr. Michael Stevens,IT,Azure,Admin,Carol Davis,True,2025-08-16 16:29:28.690555
AR000821,EMP00228,Nancy Orozco,Finance,Azure,Admin,David Brown,False,2026-04-22 16:29:28.690555
AR000822,EMP00306,Kristi Atkins,Security,Active Directory,Admin,Bob Smith,False,2025-08-06 16:29:28.690555
AR000823,EMP00443,Michelle Richardson,Human Resources,Azure,Write,Bob Smith,False,2026-04-23 16:29:28.690555
AR000824,EMP00354,Monica Craig,Human Resources,Azure,Write,Bob Smith,True,2026-01-01 16:29:28.690555
AR000825,EMP00414,Michael Bishop,Operations,Azure,Read,Carol Davis,True,2025-08-15 16:29:28.690555
AR000826,EMP00134,Marilyn Garcia,Operations,Salesforce,Admin,Alice Johnson,False,2025-12-11 16:29:28.690555
AR000827,EMP00390,Sherri Vance,Legal,ServiceNow,Read,Carol Davis,True,2026-01-25 16:29:28.690555
AR000828,EMP00018,Katherine Adams,Human Resources,ServiceNow,Write,Bob Smith,True,2026-05-04 16:29:28.690555
AR000829,EMP00458,Miss Melissa Tucker,Engineering,Active Directory,Read,David Brown,True,2025-11-19 16:29:28.690555
AR000830,EMP00242,George Yoder,Finance,AWS,Read,David Brown,True,2026-04-22 16:29:28.690555
AR000831,EMP00237,Deborah Hall,Security,Active Directory,Read,David Brown,True,2026-02-25 16:29:28.690555
AR000832,EMP00077,Melissa Hill,Human Resources,ServiceNow,Write,Carol Davis,False,2026-01-26 16:29:28.690555
AR000833,EMP00431,Mark King,Human Resources,Active Directory,Write,David Brown,True,2026-02-25 16:29:28.690555
AR000834,EMP00046,Jorge Fisher,Legal,GitHub,Read,David Brown,False,2026-06-13 16:29:28.690555
AR000835,EMP00149,Sabrina Hoffman,IT,Active Directory,Admin,Carol Davis,True,2026-07-23 16:29:28.690555
AR000836,EMP00285,Heather Carter,Human Resources,AWS,Write,David Brown,True,2026-01-10 16:29:28.690555
AR000837,EMP00096,Lauren Jensen,Human Resources,Salesforce,Admin,Bob Smith,False,2026-04-29 16:29:28.690555
AR000838,EMP00236,Heidi Chambers,Engineering,Azure,Admin,Alice Johnson,False,2025-09-14 16:29:28.690555
AR000839,EMP00197,Brandon West,Finance,Active Directory,Write,David Brown,True,2026-07-08 16:29:28.690555
AR000840,EMP00375,Tina Ochoa,Legal,ServiceNow,Read,David Brown,True,2025-08-14 16:29:28.690555
AR000841,EMP00365,Mary Jones,Human Resources,Azure,Read,Bob Smith,False,2025-09-18 16:29:28.690555
AR000842,EMP00424,Monica Miller,Human Resources,ServiceNow,Admin,Alice Johnson,True,2025-09-15 16:29:28.690555
AR000843,EMP00457,Erik Reyes,Operations,GitHub,Read,Bob Smith,False,2026-03-30 16:29:28.690555
AR000844,EMP00258,Denise Williams,Human Resources,Salesforce,Read,Carol Davis,True,2026-01-12 16:29:28.690555
AR000845,EMP00426,Brian Woodard,Legal,Azure,Read,Alice Johnson,False,2025-08-11 16:29:28.690555
AR000846,EMP00192,Jennifer Hogan,Human Resources,GitHub,Read,Alice Johnson,True,2026-03-18 16:29:28.690555
AR000847,EMP00081,Paul Patterson,Legal,GitHub,Read,Bob Smith,False,2026-05-06 16:29:28.690555
AR000848,EMP00403,Alexandra Hansen,Security,Salesforce,Write,Alice Johnson,False,2025-09-05 16:29:28.690555
AR000849,EMP00355,Terry Alexander,IT,Azure,Write,Alice Johnson,True,2026-02-24 16:29:28.690555
AR000850,EMP00347,Carlos Smith,Legal,Salesforce,Admin,Carol Davis,False,2026-04-13 16:29:28.690555
AR000851,EMP00348,Laura Neal,Operations,Salesforce,Read,Bob Smith,True,2026-04-10 16:29:28.690555
AR000852,EMP00280,Benjamin Gray,Legal,Salesforce,Read,David Brown,False,2025-10-27 16:29:28.690555
AR000853,EMP00431,Mark King,Human Resources,GitHub,Read,Bob Smith,False,2026-02-05 16:29:28.690555
AR000854,EMP00491,Melissa Knight,Engineering,Active Directory,Write,Bob Smith,True,2026-06-21 16:29:28.690555
AR000855,EMP00294,Shannon Roy,Security,Azure,Admin,Alice Johnson,False,2025-07-28 16:29:28.690555
AR000856,EMP00065,Jeffrey Orozco,Legal,Azure,Write,Alice Johnson,True,2026-05-03 16:29:28.690555
AR000857,EMP00118,Nicole Orr,Finance,ServiceNow,Admin,Alice Johnson,False,2025-10-01 16:29:28.690555
AR000858,EMP00100,Terry Rios,Legal,AWS,Write,Bob Smith,True,2026-07-28 16:29:28.690555
AR000859,EMP00269,Travis Johnson,Security,Azure,Admin,Alice Johnson,False,2026-05-27 16:29:28.690555
AR000860,EMP00012,Sean Wang,Finance,AWS,Admin,Alice Johnson,True,2026-03-04 16:29:28.690555
AR000861,EMP00415,Dave Gutierrez,Human Resources,AWS,Write,David Brown,True,2025-12-18 16:29:28.690555
AR000862,EMP00463,Justin Webster,Human Resources,GitHub,Read,Alice Johnson,True,2026-03-21 16:29:28.690555
AR000863,EMP00420,Jeremy Lopez,Legal,Salesforce,Admin,Bob Smith,False,2026-06-05 16:29:28.690555
AR000864,EMP00227,Bethany Patel,Human Resources,GitHub,Read,Carol Davis,True,2026-07-16 16:29:28.690555
AR000865,EMP00496,Jason Lam,Finance,GitHub,Admin,Alice Johnson,True,2026-01-06 16:29:28.690555
AR000866,EMP00020,Jonathan Davis,IT,GitHub,Write,Bob Smith,True,2025-12-25 16:29:28.690555
AR000867,EMP00345,William Lewis,Engineering,GitHub,Read,Carol Davis,True,2026-03-16 16:29:28.690555
AR000868,EMP00408,Mrs. Mary Brown,Human Resources,AWS,Read,Bob Smith,True,2026-04-14 16:29:28.690555
AR000869,EMP00056,Jose Johnson,IT,Azure,Write,Alice Johnson,True,2025-09-06 16:29:28.690555
AR000870,EMP00217,Monica Castillo,Legal,Salesforce,Admin,Carol Davis,False,2026-07-14 16:29:28.690555
AR000871,EMP00318,Traci Edwards,Security,Salesforce,Admin,David Brown,True,2025-09-23 16:29:28.690555
AR000872,EMP00072,Austin Miller,Security,AWS,Read,David Brown,True,2025-10-08 16:29:28.690555
AR000873,EMP00318,Traci Edwards,Security,AWS,Write,David Brown,False,2026-01-30 16:29:28.690555
AR000874,EMP00261,Michael Carpenter,Human Resources,GitHub,Write,David Brown,False,2026-04-28 16:29:28.690555
AR000875,EMP00489,Nicholas Gonzales,Security,Active Directory,Write,David Brown,True,2026-06-17 16:29:28.690555
AR000876,EMP00351,Sarah Pratt,Legal,GitHub,Admin,Carol Davis,False,2025-10-12 16:29:28.690555
AR000877,EMP00071,William Maldonado,Human Resources,ServiceNow,Read,Bob Smith,False,2026-01-21 16:29:28.690555
AR000878,EMP00381,Terry Morgan,IT,Salesforce,Read,David Brown,True,2026-05-07 16:29:28.690555
AR000879,EMP00357,Kimberly Scott,Operations,GitHub,Write,Alice Johnson,False,2025-08-01 16:29:28.690555
AR000880,EMP00223,Michelle Miller,Finance,Salesforce,Admin,Bob Smith,True,2026-03-24 16:29:28.690555
AR000881,EMP00192,Jennifer Hogan,Human Resources,Azure,Read,David Brown,True,2025-11-16 16:29:28.690555
AR000882,EMP00388,Kari Pace,Legal,Azure,Read,David Brown,False,2026-02-28 16:29:28.690555
AR000883,EMP00013,Sarah Silva,Legal,AWS,Read,David Brown,True,2025-12-15 16:29:28.690555
AR000884,EMP00433,Tyler Garcia,Operations,Active Directory,Read,Alice Johnson,False,2026-06-26 16:29:28.690555
AR000885,EMP00033,Matthew Moody,IT,GitHub,Write,David Brown,True,2025-09-17 16:29:28.690555
AR000886,EMP00149,Sabrina Hoffman,IT,Active Directory,Write,Carol Davis,True,2026-06-25 16:29:28.690555
AR000887,EMP00098,Susan Mckay,Human Resources,Salesforce,Write,Bob Smith,False,2026-02-07 16:29:28.690555
AR000888,EMP00281,Randy Cortez DVM,Finance,ServiceNow,Read,David Brown,True,2026-04-10 16:29:28.690555
AR000889,EMP00008,Nathaniel Green,Operations,ServiceNow,Read,Bob Smith,False,2025-11-02 16:29:28.690555
AR000890,EMP00464,Sarah David,Legal,Salesforce,Read,Alice Johnson,False,2025-10-06 16:29:28.690555
AR000891,EMP00240,Randy Gordon,Legal,Azure,Read,Carol Davis,True,2025-11-08 16:29:28.690555
AR000892,EMP00250,Marcus Schroeder,Engineering,AWS,Write,Alice Johnson,True,2026-03-18 16:29:28.690555
AR000893,EMP00179,Miguel Weber,Engineering,ServiceNow,Write,Bob Smith,True,2026-06-01 16:29:28.690555
AR000894,EMP00399,Jennifer Richardson,Legal,Azure,Admin,Bob Smith,False,2025-11-11 16:29:28.690555
AR000895,EMP00325,Joshua Cook,IT,GitHub,Write,Bob Smith,True,2026-01-28 16:29:28.690555
AR000896,EMP00455,James Pierce,Finance,Salesforce,Admin,Bob Smith,True,2025-11-19 16:29:28.690555
AR000897,EMP00027,Anthony Walton,Security,ServiceNow,Write,Alice Johnson,True,2026-02-19 16:29:28.690555
AR000898,EMP00424,Monica Miller,Human Resources,Azure,Admin,Bob Smith,True,2026-02-24 16:29:28.690555
AR000899,EMP00244,William Jackson,IT,Active Directory,Read,Carol Davis,True,2026-02-07 16:29:28.690555
AR000900,EMP00497,Melissa Andrade,Operations,AWS,Write,Carol Davis,True,2025-08-20 16:29:28.690555
AR000901,EMP00348,Laura Neal,Operations,Active Directory,Admin,Bob Smith,True,2026-01-31 16:29:28.690555
AR000902,EMP00106,Gloria Thomas,Operations,GitHub,Admin,Alice Johnson,False,2026-04-13 16:29:28.690555
AR000903,EMP00242,George Yoder,Finance,ServiceNow,Write,David Brown,False,2025-09-20 16:29:28.690555
AR000904,EMP00432,Jennifer Torres,Human Resources,Azure,Read,Alice Johnson,False,2026-05-27 16:29:28.690555
AR000905,EMP00399,Jennifer Richardson,Legal,Salesforce,Read,David Brown,True,2025-10-15 16:29:28.690555
AR000906,EMP00207,Robert Ford,Legal,Salesforce,Write,Alice Johnson,True,2025-08-27 16:29:28.690555
AR000907,EMP00287,Donna Ramirez,Operations,ServiceNow,Read,Alice Johnson,True,2025-12-09 16:29:28.690555
AR000908,EMP00347,Carlos Smith,Legal,Active Directory,Read,David Brown,True,2026-02-23 16:29:28.690555
AR000909,EMP00016,Stacey Jenkins,Engineering,ServiceNow,Admin,Bob Smith,False,2026-01-03 16:29:28.690555
AR000910,EMP00146,Pam Reyes,Operations,Active Directory,Write,David Brown,True,2026-03-20 16:29:28.690555
AR000911,EMP00238,Vincent Morris,IT,Salesforce,Admin,David Brown,True,2025-10-22 16:29:28.690555
AR000912,EMP00004,Lisa Pierce,IT,GitHub,Write,Alice Johnson,True,2026-03-22 16:29:28.690555
AR000913,EMP00058,Brian Velasquez,Operations,Azure,Read,David Brown,False,2026-03-05 16:29:28.690555
AR000914,EMP00221,Marcus Fisher,Finance,Azure,Write,Bob Smith,False,2026-06-08 16:29:28.690555
AR000915,EMP00397,William Cook,Finance,AWS,Write,David Brown,False,2026-07-06 16:29:28.690555
AR000916,EMP00287,Donna Ramirez,Operations,AWS,Write,Alice Johnson,True,2026-03-02 16:29:28.690555
AR000917,EMP00015,John Tate,Operations,AWS,Read,Carol Davis,True,2026-05-12 16:29:28.690555
AR000918,EMP00403,Alexandra Hansen,Security,Azure,Admin,Alice Johnson,False,2025-10-20 16:29:28.690555
AR000919,EMP00336,Kelsey Kramer,Security,Salesforce,Admin,Alice Johnson,True,2025-12-04 16:29:28.690555
AR000920,EMP00489,Nicholas Gonzales,Security,Azure,Read,David Brown,True,2025-12-05 16:29:28.690555
AR000921,EMP00050,Mr. Ronald Wright,IT,GitHub,Write,David Brown,False,2026-06-23 16:29:28.690555
AR000922,EMP00093,Cody Taylor,Legal,AWS,Write,David Brown,False,2026-06-24 16:29:28.690555
AR000923,EMP00481,Gene Bryant,Human Resources,GitHub,Read,Carol Davis,False,2025-10-27 16:29:28.690555
AR000924,EMP00265,William Lee,Human Resources,Active Directory,Read,Carol Davis,False,2026-05-03 16:29:28.690555
AR000925,EMP00158,Cassie Hoffman,Security,GitHub,Read,David Brown,False,2026-03-20 16:29:28.690555
AR000926,EMP00206,Laura Cook,Operations,ServiceNow,Admin,Bob Smith,True,2025-10-14 16:29:28.690555
AR000927,EMP00395,Darlene Padilla,Engineering,Salesforce,Read,Carol Davis,True,2025-12-13 16:29:28.690555
AR000928,EMP00457,Erik Reyes,Operations,ServiceNow,Write,Carol Davis,True,2025-12-15 16:29:28.690555
AR000929,EMP00108,Veronica Novak,Human Resources,AWS,Write,David Brown,True,2026-04-14 16:29:28.690555
AR000930,EMP00031,Jack Sims,Legal,AWS,Read,Bob Smith,False,2026-05-15 16:29:28.690555
AR000931,EMP00200,Matthew Warren,Security,GitHub,Read,Bob Smith,True,2025-12-25 16:29:28.690555
AR000932,EMP00359,Michael Barajas,Operations,AWS,Read,Alice Johnson,True,2026-02-13 16:29:28.690555
AR000933,EMP00383,Christopher Bonilla,Legal,Azure,Read,Carol Davis,False,2026-01-27 16:29:28.690555
AR000934,EMP00074,Melissa Monroe,Human Resources,Salesforce,Write,Carol Davis,False,2025-11-11 16:29:28.690555
AR000935,EMP00152,Amber Maddox,Operations,ServiceNow,Admin,Bob Smith,True,2026-06-03 16:29:28.690555
AR000936,EMP00266,Stephen Lloyd,IT,Active Directory,Admin,David Brown,False,2025-08-16 16:29:28.690555
AR000937,EMP00136,Luke Marshall,Finance,GitHub,Write,Bob Smith,False,2026-06-21 16:29:28.690555
AR000938,EMP00275,Michael Gutierrez,IT,Azure,Write,Alice Johnson,True,2026-07-20 16:29:28.690555
AR000939,EMP00483,Shannon Peterson,Operations,Azure,Write,Carol Davis,True,2025-12-09 16:29:28.690555
AR000940,EMP00328,Stacey Barajas,Engineering,Salesforce,Read,Carol Davis,True,2026-01-18 16:29:28.690555
AR000941,EMP00203,Colleen Walker,Engineering,ServiceNow,Read,David Brown,False,2026-04-03 16:29:28.690555
AR000942,EMP00139,Pamela Howard,Finance,Azure,Read,Bob Smith,True,2026-03-25 16:29:28.690555
AR000943,EMP00228,Nancy Orozco,Finance,ServiceNow,Write,Carol Davis,False,2026-03-03 16:29:28.690555
AR000944,EMP00418,Adam Brown,IT,Azure,Admin,Carol Davis,True,2026-06-18 16:29:28.690555
AR000945,EMP00271,Lori Lamb,Operations,Salesforce,Write,Alice Johnson,False,2026-04-22 16:29:28.690555
AR000946,EMP00129,Leslie Preston,Security,AWS,Write,Alice Johnson,False,2026-04-05 16:29:28.690555
AR000947,EMP00075,James White,Legal,AWS,Write,Bob Smith,True,2025-09-21 16:29:28.690555
AR000948,EMP00284,David Miller,IT,Azure,Write,Alice Johnson,False,2026-04-06 16:29:28.690555
AR000949,EMP00245,Sarah Jefferson,Operations,GitHub,Write,Bob Smith,False,2026-07-09 16:29:28.690555
AR000950,EMP00311,Mark Deleon,Security,ServiceNow,Admin,Alice Johnson,False,2026-02-03 16:29:28.690555
AR000951,EMP00436,Jill Patterson,IT,GitHub,Admin,Carol Davis,True,2025-08-24 16:29:28.690555
AR000952,EMP00203,Colleen Walker,Engineering,Active Directory,Read,Bob Smith,True,2026-03-30 16:29:28.690555
AR000953,EMP00315,Colleen Cochran,Operations,ServiceNow,Admin,David Brown,True,2025-12-14 16:29:28.690555
AR000954,EMP00188,Melissa Hubbard,Human Resources,Azure,Write,David Brown,False,2025-11-11 16:29:28.690555
AR000955,EMP00346,Alicia Howard,Legal,Azure,Write,Carol Davis,True,2025-09-10 16:29:28.690555
AR000956,EMP00234,Kaitlin Martinez,Engineering,Active Directory,Read,Bob Smith,False,2026-02-05 16:29:28.690555
AR000957,EMP00248,Breanna Gomez,Operations,Active Directory,Write,Bob Smith,False,2026-02-20 16:29:28.690555
AR000958,EMP00343,Dominique Franklin,Security,Salesforce,Admin,Bob Smith,True,2025-11-11 16:29:28.690555
AR000959,EMP00172,Susan Hanson,Security,Azure,Read,David Brown,True,2025-08-20 16:29:28.690555
AR000960,EMP00498,Ricky Cook,Operations,ServiceNow,Read,Bob Smith,True,2026-07-18 16:29:28.690555
AR000961,EMP00059,Benjamin Johnson,IT,GitHub,Write,Carol Davis,True,2025-08-10 16:29:28.690555
AR000962,EMP00205,Michael Hunt,Operations,Azure,Write,Carol Davis,True,2026-03-10 16:29:28.690555
AR000963,EMP00492,Jonathan Reese,Operations,Azure,Read,David Brown,False,2026-07-23 16:29:28.690555
AR000964,EMP00304,Martin Whitaker,IT,GitHub,Write,Alice Johnson,True,2025-12-20 16:29:28.690555
AR000965,EMP00062,Mariah Duncan,Finance,ServiceNow,Admin,Bob Smith,True,2026-06-09 16:29:28.690555
AR000966,EMP00265,William Lee,Human Resources,Salesforce,Admin,Bob Smith,False,2026-02-17 16:29:28.690555
AR000967,EMP00492,Jonathan Reese,Operations,GitHub,Admin,Alice Johnson,True,2026-01-18 16:29:28.690555
AR000968,EMP00011,Justin White,Security,Active Directory,Read,Bob Smith,False,2026-03-16 16:29:28.690555
AR000969,EMP00444,Sarah Shelton,Operations,Azure,Write,Alice Johnson,True,2026-06-30 16:29:28.690555
AR000970,EMP00118,Nicole Orr,Finance,AWS,Admin,David Brown,False,2025-10-02 16:29:28.690555
AR000971,EMP00014,Samantha Valdez,Operations,GitHub,Write,Alice Johnson,False,2026-02-24 16:29:28.690555
AR000972,EMP00156,Michelle Thompson,Human Resources,Azure,Admin,Alice Johnson,False,2025-08-09 16:29:28.690555
AR000973,EMP00452,Maurice Martinez,Engineering,ServiceNow,Admin,Bob Smith,False,2025-11-18 16:29:28.690555
AR000974,EMP00013,Sarah Silva,Legal,Salesforce,Read,David Brown,False,2026-04-24 16:29:28.690555
AR000975,EMP00018,Katherine Adams,Human Resources,Active Directory,Admin,Alice Johnson,True,2025-09-25 16:29:28.690555
AR000976,EMP00069,Molly Schaefer,Operations,GitHub,Write,Alice Johnson,False,2025-08-06 16:29:28.690555
AR000977,EMP00402,Clayton Baker,IT,ServiceNow,Write,Alice Johnson,True,2025-09-16 16:29:28.690555
AR000978,EMP00076,Barbara Reynolds,Human Resources,Active Directory,Read,Carol Davis,True,2026-05-26 16:29:28.690555
AR000979,EMP00182,Megan Harris,Finance,Azure,Admin,Alice Johnson,False,2026-05-18 16:29:28.690555
AR000980,EMP00192,Jennifer Hogan,Human Resources,Active Directory,Admin,David Brown,True,2026-03-25 16:29:28.690555
AR000981,EMP00194,Samantha Whitaker,IT,Active Directory,Write,Carol Davis,False,2026-02-24 16:29:28.690555
AR000982,EMP00424,Monica Miller,Human Resources,Salesforce,Read,David Brown,True,2026-02-04 16:29:28.690555
AR000983,EMP00134,Marilyn Garcia,Operations,Active Directory,Write,David Brown,False,2025-08-02 16:29:28.690555
AR000984,EMP00390,Sherri Vance,Legal,ServiceNow,Write,Bob Smith,True,2026-02-13 16:29:28.690555
AR000985,EMP00203,Colleen Walker,Engineering,GitHub,Read,Carol Davis,False,2026-04-02 16:29:28.690555
AR000986,EMP00448,Michelle Cole,Security,ServiceNow,Write,Bob Smith,False,2025-08-12 16:29:28.690555
AR000987,EMP00154,Robert Howell,Legal,Azure,Write,Bob Smith,False,2026-04-12 16:29:28.690555
AR000988,EMP00098,Susan Mckay,Human Resources,Active Directory,Read,Alice Johnson,True,2026-01-18 16:29:28.690555
AR000989,EMP00452,Maurice Martinez,Engineering,Active Directory,Read,Alice Johnson,True,2026-06-29 16:29:28.690555
AR000990,EMP00303,Judith Wright,Security,Active Directory,Admin,Alice Johnson,False,2025-10-22 16:29:28.690555
AR000991,EMP00362,Nancy Boyd,Operations,Salesforce,Read,David Brown,True,2026-07-04 16:29:28.690555
AR000992,EMP00450,Sheryl Stone,Engineering,Active Directory,Admin,David Brown,True,2025-10-18 16:29:28.690555
AR000993,EMP00002,Curtis Archer,Security,Salesforce,Admin,David Brown,False,2026-06-08 16:29:28.690555
AR000994,EMP00490,Brandon Bradford,Human Resources,Active Directory,Read,Alice Johnson,True,2025-09-25 16:29:28.690555
AR000995,EMP00085,Kathleen Lynch,Human Resources,Salesforce,Write,Alice Johnson,True,2026-01-12 16:29:28.690555
AR000996,EMP00088,Tracey Rodriguez,Human Resources,GitHub,Admin,David Brown,True,2026-05-24 16:29:28.690555
AR000997,EMP00161,Devon Neal,Human Resources,Active Directory,Read,Bob Smith,False,2025-10-18 16:29:28.690555
AR000998,EMP00036,Rose Henderson,Human Resources,ServiceNow,Admin,Carol Davis,True,2026-06-18 16:29:28.690555
AR000999,EMP00160,Tammy Rodriguez,Legal,Salesforce,Admin,Bob Smith,True,2026-04-30 16:29:28.690555
AR001000,EMP00377,Vanessa Winters,Operations,Salesforce,Read,Alice Johnson,False,2026-03-08 16:29:28.690555
AR001001,EMP00174,Emily Church,Human Resources,Active Directory,Admin,Alice Johnson,False,2025-12-27 16:29:28.690555
AR001002,EMP00265,William Lee,Human Resources,Salesforce,Write,Bob Smith,False,2025-10-02 16:29:28.690555
AR001003,EMP00459,Katrina Murphy,Legal,AWS,Admin,Bob Smith,False,2025-10-12 16:29:28.690555
AR001004,EMP00373,David Oneill,Security,GitHub,Read,Carol Davis,False,2025-09-18 16:29:28.690555
AR001005,EMP00129,Leslie Preston,Security,GitHub,Admin,Alice Johnson,False,2026-01-15 16:29:28.690555
AR001006,EMP00070,Brooke Proctor,Engineering,AWS,Admin,Alice Johnson,False,2025-10-16 16:29:28.690555
AR001007,EMP00016,Stacey Jenkins,Engineering,GitHub,Write,Carol Davis,True,2026-04-07 16:29:28.690555
AR001008,EMP00276,Christopher Cuevas,Engineering,Azure,Read,Bob Smith,False,2026-07-15 16:29:28.690555
AR001009,EMP00391,Susan Green,Human Resources,Azure,Write,Bob Smith,False,2025-10-11 16:29:28.690555
AR001010,EMP00461,Daniel Harris,IT,AWS,Read,David Brown,True,2026-04-17 16:29:28.690555
AR001011,EMP00358,Martha Mcgee,IT,ServiceNow,Admin,Carol Davis,True,2026-03-04 16:29:28.690555
AR001012,EMP00134,Marilyn Garcia,Operations,AWS,Read,Carol Davis,False,2026-04-23 16:29:28.690555
AR001013,EMP00204,Charles Wilcox,Human Resources,Active Directory,Write,David Brown,True,2025-10-17 16:29:28.690555
AR001014,EMP00368,Melissa Michael,Finance,AWS,Read,Bob Smith,True,2026-01-21 16:29:28.690555
AR001015,EMP00047,Connie Ward,Human Resources,GitHub,Write,Alice Johnson,False,2025-08-12 16:29:28.690555
AR001016,EMP00356,Veronica Diaz,Human Resources,Active Directory,Write,Alice Johnson,True,2026-01-19 16:29:28.690555
AR001017,EMP00500,Daniel Hall,Human Resources,ServiceNow,Read,Carol Davis,False,2026-01-31 16:29:28.690555
AR001018,EMP00407,Rebecca Flores,Legal,ServiceNow,Write,Alice Johnson,True,2026-07-04 16:29:28.690555
AR001019,EMP00168,Maxwell Munoz,IT,GitHub,Read,David Brown,False,2026-01-08 16:29:28.690555
AR001020,EMP00464,Sarah David,Legal,ServiceNow,Read,David Brown,False,2026-06-12 16:29:28.690555
AR001021,EMP00103,Laura James,Finance,ServiceNow,Write,Carol Davis,True,2026-04-13 16:29:28.690555
AR001022,EMP00491,Melissa Knight,Engineering,Azure,Write,Carol Davis,True,2025-09-14 16:29:28.690555
AR001023,EMP00470,Teresa Guerrero,Finance,Active Directory,Admin,Bob Smith,False,2025-11-14 16:29:28.690555
AR001024,EMP00019,Alan Yu,IT,ServiceNow,Admin,David Brown,False,2025-11-02 16:29:28.690555
AR001025,EMP00287,Donna Ramirez,Operations,AWS,Write,Carol Davis,True,2025-12-29 16:29:28.690555
AR001026,EMP00384,Stephanie Cook,Finance,Azure,Read,Bob Smith,True,2026-03-12 16:29:28.690555
AR001027,EMP00469,Brian Pham,IT,AWS,Read,Bob Smith,True,2026-01-14 16:29:28.690555
AR001028,EMP00207,Robert Ford,Legal,Salesforce,Admin,David Brown,True,2026-06-27 16:29:28.690555
AR001029,EMP00188,Melissa Hubbard,Human Resources,GitHub,Read,Carol Davis,False,2025-10-17 16:29:28.690555
AR001030,EMP00332,David Francis,Security,GitHub,Admin,Bob Smith,False,2026-06-12 16:29:28.690555
AR001031,EMP00346,Alicia Howard,Legal,AWS,Read,Carol Davis,True,2025-11-24 16:29:28.690555
AR001032,EMP00327,Joel Peters,Legal,Azure,Admin,Bob Smith,False,2026-07-22 16:29:28.690555
AR001033,EMP00337,Jared Reyes,Human Resources,ServiceNow,Read,Alice Johnson,True,2026-07-07 16:29:28.690555
AR001034,EMP00135,Steven Dunn,Engineering,Salesforce,Write,David Brown,False,2025-12-15 16:29:28.690555
AR001035,EMP00484,Joseph Gomez,Finance,ServiceNow,Read,Carol Davis,True,2025-12-18 16:29:28.690555
AR001036,EMP00345,William Lewis,Engineering,GitHub,Admin,Bob Smith,True,2026-06-26 16:29:28.690555
AR001037,EMP00436,Jill Patterson,IT,Salesforce,Write,David Brown,False,2026-04-23 16:29:28.690555
AR001038,EMP00233,Sharon Villarreal,Security,ServiceNow,Write,Carol Davis,False,2026-03-12 16:29:28.690555
AR001039,EMP00335,Paul Hansen,Finance,AWS,Admin,Alice Johnson,False,2026-04-10 16:29:28.690555
AR001040,EMP00470,Teresa Guerrero,Finance,ServiceNow,Read,David Brown,False,2026-02-08 16:29:28.690555
AR001041,EMP00107,Brittany Adams,Engineering,Active Directory,Write,Bob Smith,True,2026-07-18 16:29:28.690555
AR001042,EMP00125,Felicia Rocha,Human Resources,ServiceNow,Read,David Brown,True,2026-05-11 16:29:28.690555
AR001043,EMP00140,Samantha Erickson,Finance,Salesforce,Admin,Bob Smith,False,2025-08-01 16:29:28.690555
AR001044,EMP00023,Deanna Stephens,Legal,Salesforce,Read,Bob Smith,True,2026-03-19 16:29:28.690555
AR001045,EMP00045,Jose Williams,Engineering,Azure,Admin,David Brown,False,2025-09-08 16:29:28.690555
AR001046,EMP00191,Kristy Cruz,Security,Azure,Write,Carol Davis,False,2025-08-05 16:29:28.690555
AR001047,EMP00116,Penny Frazier,Human Resources,Azure,Write,David Brown,True,2025-10-24 16:29:28.690555
AR001048,EMP00079,Michael Oliver,Operations,AWS,Write,David Brown,False,2026-06-24 16:29:28.690555
AR001049,EMP00305,Benjamin Stewart,Human Resources,Azure,Read,Alice Johnson,False,2026-06-10 16:29:28.690555
AR001050,EMP00180,Andrea Castillo,Engineering,GitHub,Read,Bob Smith,True,2026-03-13 16:29:28.690555
AR001051,EMP00104,Leonard Davis,Security,Salesforce,Admin,Bob Smith,False,2025-09-05 16:29:28.690555
AR001052,EMP00293,Cristian Harris,Human Resources,Azure,Admin,Carol Davis,True,2025-08-26 16:29:28.690555
AR001053,EMP00072,Austin Miller,Security,GitHub,Write,Bob Smith,True,2025-09-12 16:29:28.690555
AR001054,EMP00123,Jocelyn Anderson,Finance,Salesforce,Write,Carol Davis,True,2025-11-03 16:29:28.690555
AR001055,EMP00449,Jamie Robinson,Engineering,Salesforce,Admin,Carol Davis,False,2025-11-23 16:29:28.690555
AR001056,EMP00093,Cody Taylor,Legal,Salesforce,Write,David Brown,False,2025-10-18 16:29:28.690555
AR001057,EMP00030,Alexandra Wilson,Finance,AWS,Read,Bob Smith,False,2025-10-03 16:29:28.690555
AR001058,EMP00348,Laura Neal,Operations,Active Directory,Read,David Brown,False,2026-05-17 16:29:28.690555
AR001059,EMP00257,James Payne,Engineering,Azure,Read,Alice Johnson,True,2026-04-21 16:29:28.690555
AR001060,EMP00421,Michael Johnson,Security,Active Directory,Read,Bob Smith,False,2025-12-22 16:29:28.690555
AR001061,EMP00256,Carlos Dixon,Human Resources,AWS,Admin,David Brown,False,2026-01-07 16:29:28.690555
AR001062,EMP00284,David Miller,IT,Active Directory,Admin,Alice Johnson,False,2025-08-24 16:29:28.690555
AR001063,EMP00108,Veronica Novak,Human Resources,Azure,Write,Carol Davis,True,2026-05-06 16:29:28.690555
AR001064,EMP00073,William Velasquez,Human Resources,Salesforce,Admin,Carol Davis,False,2025-10-13 16:29:28.690555
AR001065,EMP00500,Daniel Hall,Human Resources,AWS,Admin,Carol Davis,True,2025-08-19 16:29:28.690555
AR001066,EMP00405,Michael King,Engineering,Salesforce,Admin,David Brown,False,2026-01-30 16:29:28.690555
AR001067,EMP00141,William Durham,Finance,Azure,Read,Bob Smith,False,2026-07-02 16:29:28.690555
AR001068,EMP00462,Michael Graham,Engineering,Active Directory,Admin,Alice Johnson,True,2025-08-23 16:29:28.690555
AR001069,EMP00073,William Velasquez,Human Resources,GitHub,Read,Carol Davis,False,2025-10-21 16:29:28.690555
AR001070,EMP00268,Justin Blankenship,Human Resources,ServiceNow,Read,Bob Smith,True,2026-05-22 16:29:28.690555
AR001071,EMP00359,Michael Barajas,Operations,ServiceNow,Write,David Brown,False,2025-11-08 16:29:28.690555
AR001072,EMP00055,Benjamin White,IT,GitHub,Write,David Brown,True,2025-12-18 16:29:28.690555
AR001073,EMP00387,Joshua Phillips,Operations,Azure,Admin,Alice Johnson,False,2025-11-22 16:29:28.690555
AR001074,EMP00178,Kelsey Long,Finance,ServiceNow,Admin,Alice Johnson,True,2026-01-15 16:29:28.690555
AR001075,EMP00149,Sabrina Hoffman,IT,AWS,Read,Alice Johnson,True,2026-03-23 16:29:28.690555
AR001076,EMP00142,Brian Gilmore,Legal,GitHub,Admin,Bob Smith,True,2025-11-10 16:29:28.690555
AR001077,EMP00288,Christopher Young,Legal,ServiceNow,Write,Bob Smith,False,2025-09-26 16:29:28.690555
AR001078,EMP00109,Tracey Morris,IT,Salesforce,Read,Alice Johnson,False,2025-12-09 16:29:28.690555
AR001079,EMP00465,Carmen Davis,Human Resources,Salesforce,Admin,Alice Johnson,True,2026-07-17 16:29:28.690555
AR001080,EMP00014,Samantha Valdez,Operations,Azure,Read,Alice Johnson,False,2026-06-24 16:29:28.690555
AR001081,EMP00478,Charles Henderson,IT,AWS,Write,David Brown,False,2026-04-04 16:29:28.690555
AR001082,EMP00091,Daniel Ramos,Operations,Salesforce,Read,David Brown,False,2026-02-06 16:29:28.690555
AR001083,EMP00172,Susan Hanson,Security,Active Directory,Write,Bob Smith,False,2026-03-15 16:29:28.690555
AR001084,EMP00458,Miss Melissa Tucker,Engineering,ServiceNow,Read,David Brown,True,2025-09-15 16:29:28.690555
AR001085,EMP00290,Emily Nelson,Human Resources,ServiceNow,Write,David Brown,True,2026-03-22 16:29:28.690555
AR001086,EMP00308,Christopher Grant,Finance,Active Directory,Admin,Bob Smith,False,2026-03-25 16:29:28.690555
AR001087,EMP00306,Kristi Atkins,Security,AWS,Read,David Brown,True,2026-01-11 16:29:28.690555
AR001088,EMP00468,Angela Irwin,IT,GitHub,Admin,Carol Davis,False,2026-02-04 16:29:28.690555
AR001089,EMP00187,Marie Bates,Human Resources,Azure,Read,Alice Johnson,True,2026-01-30 16:29:28.690555
AR001090,EMP00018,Katherine Adams,Human Resources,AWS,Write,David Brown,False,2026-06-10 16:29:28.690555
AR001091,EMP00247,David Shah,Finance,GitHub,Write,Alice Johnson,False,2025-08-22 16:29:28.690555
AR001092,EMP00324,Donna Smith,Finance,AWS,Admin,David Brown,False,2026-03-17 16:29:28.690555
AR001093,EMP00185,Barry Thompson,Human Resources,Active Directory,Write,Carol Davis,False,2025-12-14 16:29:28.690555
AR001094,EMP00399,Jennifer Richardson,Legal,Azure,Write,David Brown,False,2026-05-21 16:29:28.690555
AR001095,EMP00018,Katherine Adams,Human Resources,Azure,Admin,Bob Smith,False,2025-11-26 16:29:28.690555
AR001096,EMP00255,Monica Lee,IT,Active Directory,Admin,David Brown,False,2026-04-29 16:29:28.690555
AR001097,EMP00352,Ashley Koch,Engineering,Azure,Admin,Bob Smith,True,2025-12-31 16:29:28.690555
AR001098,EMP00182,Megan Harris,Finance,Azure,Admin,Carol Davis,False,2026-05-10 16:29:28.690555
AR001099,EMP00043,Danielle Silva,Operations,GitHub,Read,Carol Davis,False,2026-04-27 16:29:28.690555
AR001100,EMP00028,Jeremy Beasley,Engineering,Azure,Admin,Bob Smith,False,2026-01-11 16:29:28.690555
AR001101,EMP00309,Marcus Schwartz,Human Resources,Azure,Read,Carol Davis,False,2026-05-01 16:29:28.690555
AR001102,EMP00261,Michael Carpenter,Human Resources,AWS,Read,Alice Johnson,True,2026-03-24 16:29:28.690555
AR001103,EMP00068,Sean Reyes,Human Resources,Active Directory,Admin,Bob Smith,False,2026-03-17 16:29:28.691680
AR001104,EMP00157,Nicole Knox,Legal,AWS,Write,Carol Davis,False,2026-01-04 16:29:28.691680
AR001105,EMP00241,Jacob Powell Jr.,Legal,Salesforce,Read,Bob Smith,True,2025-11-05 16:29:28.691680
AR001106,EMP00485,Anthony Gaines,Operations,Active Directory,Admin,David Brown,True,2025-11-13 16:29:28.691680
AR001107,EMP00162,Erica Garcia,Legal,Azure,Admin,Carol Davis,False,2025-10-29 16:29:28.691680
AR001108,EMP00377,Vanessa Winters,Operations,Active Directory,Write,Carol Davis,True,2026-05-21 16:29:28.691680
AR001109,EMP00134,Marilyn Garcia,Operations,ServiceNow,Read,Carol Davis,True,2025-12-22 16:29:28.691680
AR001110,EMP00175,Janice Alvarez,Finance,Active Directory,Read,Carol Davis,True,2026-06-10 16:29:28.691680
AR001111,EMP00475,Heather Jones,Operations,GitHub,Admin,Alice Johnson,True,2025-11-05 16:29:28.691680
AR001112,EMP00096,Lauren Jensen,Human Resources,Salesforce,Write,David Brown,False,2026-04-28 16:29:28.691680
AR001113,EMP00150,Kyle Cain,Security,GitHub,Write,Alice Johnson,True,2025-10-20 16:29:28.691680
AR001114,EMP00221,Marcus Fisher,Finance,Salesforce,Write,Bob Smith,False,2025-12-02 16:29:28.691680
AR001115,EMP00188,Melissa Hubbard,Human Resources,Salesforce,Admin,David Brown,True,2025-07-28 16:29:28.691680
AR001116,EMP00441,Anthony Zimmerman,Security,Salesforce,Read,Carol Davis,True,2025-09-01 16:29:28.691680
AR001117,EMP00295,Kristen Howell,IT,Salesforce,Admin,Bob Smith,False,2025-12-05 16:29:28.691680
AR001118,EMP00198,Crystal Flores,IT,Azure,Write,Bob Smith,False,2025-07-28 16:29:28.691680
AR001119,EMP00183,Andrew Bartlett,IT,Active Directory,Admin,Bob Smith,False,2026-05-27 16:29:28.691680
AR001120,EMP00244,William Jackson,IT,ServiceNow,Read,David Brown,False,2025-08-28 16:29:28.691680
AR001121,EMP00114,Megan Flowers,IT,Azure,Read,David Brown,False,2026-07-11 16:29:28.691680
AR001122,EMP00209,Sherry Hale,IT,GitHub,Admin,Carol Davis,True,2025-08-10 16:29:28.691680
AR001123,EMP00342,Lisa Cooper,Engineering,GitHub,Admin,David Brown,False,2026-03-13 16:29:28.691680
AR001124,EMP00150,Kyle Cain,Security,Active Directory,Read,David Brown,True,2026-05-16 16:29:28.691680
AR001125,EMP00241,Jacob Powell Jr.,Legal,Salesforce,Read,David Brown,False,2026-04-12 16:29:28.691680
AR001126,EMP00226,Lynn Mercado,Operations,GitHub,Admin,David Brown,True,2025-10-11 16:29:28.691680
AR001127,EMP00235,Patty Camacho,IT,Azure,Read,Carol Davis,True,2025-08-06 16:29:28.691680
AR001128,EMP00216,Elizabeth Sellers,Legal,GitHub,Write,Carol Davis,False,2026-02-18 16:29:28.691680
AR001129,EMP00056,Jose Johnson,IT,Azure,Write,David Brown,True,2026-02-11 16:29:28.691680
AR001130,EMP00228,Nancy Orozco,Finance,AWS,Read,Bob Smith,True,2026-01-21 16:29:28.691680
AR001131,EMP00041,Jody Burton,Engineering,Azure,Read,Bob Smith,False,2026-01-11 16:29:28.691680
AR001132,EMP00169,Joseph Young,Security,Active Directory,Read,Bob Smith,False,2026-06-25 16:29:28.691680
AR001133,EMP00256,Carlos Dixon,Human Resources,Active Directory,Write,David Brown,False,2025-09-28 16:29:28.691680
AR001134,EMP00030,Alexandra Wilson,Finance,GitHub,Write,Bob Smith,False,2026-06-21 16:29:28.691680
AR001135,EMP00182,Megan Harris,Finance,GitHub,Write,Carol Davis,False,2025-12-14 16:29:28.691680
AR001136,EMP00038,Raymond Berry,Legal,AWS,Write,Alice Johnson,False,2026-07-22 16:29:28.691680
AR001137,EMP00488,Christopher Perez,Security,Salesforce,Admin,Alice Johnson,False,2025-09-04 16:29:28.691680
AR001138,EMP00323,Tyler Grant,Security,ServiceNow,Write,Bob Smith,False,2026-06-19 16:29:28.691680
AR001139,EMP00243,Patricia Simpson,Engineering,GitHub,Write,Carol Davis,False,2026-07-03 16:29:28.691680
AR001140,EMP00344,Kent Carter,Finance,GitHub,Admin,Alice Johnson,False,2025-09-03 16:29:28.691680
AR001141,EMP00349,Brian Rowland,Legal,Salesforce,Admin,David Brown,True,2026-05-08 16:29:28.691680
AR001142,EMP00418,Adam Brown,IT,Azure,Write,Alice Johnson,True,2026-06-16 16:29:28.691680
AR001143,EMP00209,Sherry Hale,IT,Azure,Admin,Carol Davis,False,2026-05-20 16:29:28.691680
AR001144,EMP00102,Jake Barker,Security,AWS,Write,Bob Smith,True,2026-03-26 16:29:28.691680
AR001145,EMP00187,Marie Bates,Human Resources,AWS,Read,Carol Davis,False,2026-05-13 16:29:28.691680
AR001146,EMP00226,Lynn Mercado,Operations,AWS,Admin,David Brown,False,2026-05-25 16:29:28.691680
AR001147,EMP00197,Brandon West,Finance,Azure,Read,Alice Johnson,True,2026-07-10 16:29:28.691680
AR001148,EMP00088,Tracey Rodriguez,Human Resources,Active Directory,Read,Carol Davis,True,2026-05-25 16:29:28.691680
AR001149,EMP00222,Leah Dennis,Human Resources,GitHub,Write,Bob Smith,False,2026-05-13 16:29:28.691680
AR001150,EMP00298,Patricia Potter,Human Resources,Salesforce,Read,Bob Smith,True,2025-11-04 16:29:28.691680
AR001151,EMP00316,Richard Carter,Security,Azure,Read,David Brown,False,2026-07-03 16:29:28.691680
AR001152,EMP00447,Kevin Frederick,Security,Salesforce,Admin,Alice Johnson,True,2026-02-09 16:29:28.691680
AR001153,EMP00220,Daniel Smith,Finance,GitHub,Write,Alice Johnson,False,2025-10-21 16:29:28.691680
AR001154,EMP00373,David Oneill,Security,Active Directory,Admin,Alice Johnson,True,2025-10-28 16:29:28.691680
AR001155,EMP00223,Michelle Miller,Finance,Active Directory,Admin,Bob Smith,False,2026-07-20 16:29:28.691680
AR001156,EMP00196,Melissa Dudley,Engineering,Salesforce,Read,Alice Johnson,False,2025-10-07 16:29:28.691680
AR001157,EMP00005,Jennifer Sanders,Legal,Active Directory,Write,Bob Smith,False,2026-05-03 16:29:28.691680
AR001158,EMP00358,Martha Mcgee,IT,ServiceNow,Write,Carol Davis,True,2026-01-22 16:29:28.691680
AR001159,EMP00323,Tyler Grant,Security,Azure,Write,Bob Smith,False,2026-07-18 16:29:28.691680
AR001160,EMP00166,Robert Patterson,Engineering,GitHub,Read,Alice Johnson,True,2025-08-24 16:29:28.691680
AR001161,EMP00116,Penny Frazier,Human Resources,Active Directory,Write,Bob Smith,False,2026-03-17 16:29:28.691680
AR001162,EMP00433,Tyler Garcia,Operations,Salesforce,Write,Alice Johnson,True,2025-12-28 16:29:28.691680
AR001163,EMP00400,Cheryl Ballard,Human Resources,AWS,Read,Bob Smith,False,2026-04-15 16:29:28.691680
AR001164,EMP00064,Dr. Roberto Garner,Engineering,Active Directory,Admin,Bob Smith,True,2026-07-28 16:29:28.691680
AR001165,EMP00491,Melissa Knight,Engineering,Azure,Admin,Alice Johnson,False,2026-04-29 16:29:28.691680
AR001166,EMP00135,Steven Dunn,Engineering,ServiceNow,Read,David Brown,False,2025-08-24 16:29:28.691680
AR001167,EMP00380,Dennis Garrett,IT,Salesforce,Admin,Alice Johnson,True,2025-12-15 16:29:28.691680
AR001168,EMP00165,Jeremy Moody,Security,Salesforce,Admin,Bob Smith,True,2025-12-09 16:29:28.691680
AR001169,EMP00042,Tabitha Cook,Legal,Azure,Write,Alice Johnson,True,2026-07-19 16:29:28.691680
AR001170,EMP00380,Dennis Garrett,IT,AWS,Read,David Brown,False,2026-01-18 16:29:28.691680
AR001171,EMP00242,George Yoder,Finance,AWS,Read,Alice Johnson,True,2025-08-21 16:29:28.691680
AR001172,EMP00226,Lynn Mercado,Operations,GitHub,Admin,David Brown,False,2026-01-26 16:29:28.691680
AR001173,EMP00287,Donna Ramirez,Operations,AWS,Admin,Alice Johnson,False,2026-04-24 16:29:28.691680
AR001174,EMP00100,Terry Rios,Legal,Active Directory,Read,Bob Smith,False,2026-01-31 16:29:28.691680
AR001175,EMP00164,Mary Meyer,IT,Azure,Admin,Bob Smith,False,2026-06-26 16:29:28.691680
AR001176,EMP00183,Andrew Bartlett,IT,Active Directory,Read,Bob Smith,True,2025-08-07 16:29:28.691680
AR001177,EMP00164,Mary Meyer,IT,ServiceNow,Admin,Bob Smith,False,2025-10-25 16:29:28.691680
AR001178,EMP00001,John Lopez,Human Resources,Salesforce,Admin,Carol Davis,True,2026-03-27 16:29:28.691680
AR001179,EMP00143,David Johnson,Security,AWS,Read,Alice Johnson,False,2025-09-22 16:29:28.691680
AR001180,EMP00482,Jennifer Patel DVM,Engineering,Salesforce,Read,David Brown,True,2025-11-14 16:29:28.691680
AR001181,EMP00452,Maurice Martinez,Engineering,AWS,Write,Bob Smith,False,2026-07-21 16:29:28.691680
AR001182,EMP00171,Kelly Flores,Finance,AWS,Read,Alice Johnson,True,2026-06-24 16:29:28.691680
AR001183,EMP00456,Alexander Miller,Human Resources,AWS,Admin,Alice Johnson,False,2026-07-20 16:29:28.691680
AR001184,EMP00298,Patricia Potter,Human Resources,GitHub,Write,Carol Davis,True,2026-07-21 16:29:28.691680
AR001185,EMP00382,Elizabeth Lang,Human Resources,ServiceNow,Write,Bob Smith,False,2026-05-14 16:29:28.691680
AR001186,EMP00460,Maureen Lopez,Security,Azure,Admin,Bob Smith,False,2026-06-23 16:29:28.691680
AR001187,EMP00138,Felicia Carroll,Legal,ServiceNow,Read,Carol Davis,True,2026-03-05 16:29:28.691680
AR001188,EMP00227,Bethany Patel,Human Resources,GitHub,Admin,David Brown,True,2025-10-29 16:29:28.691680
AR001189,EMP00149,Sabrina Hoffman,IT,Azure,Admin,Bob Smith,False,2026-05-21 16:29:28.691680
AR001190,EMP00229,Michael Blevins,Human Resources,GitHub,Read,Carol Davis,True,2026-07-10 16:29:28.691680
AR001191,EMP00443,Michelle Richardson,Human Resources,AWS,Admin,Bob Smith,True,2026-05-23 16:29:28.691680
AR001192,EMP00464,Sarah David,Legal,GitHub,Write,Carol Davis,True,2026-02-24 16:29:28.691680
AR001193,EMP00337,Jared Reyes,Human Resources,AWS,Write,Carol Davis,True,2025-07-30 16:29:28.691680
AR001194,EMP00013,Sarah Silva,Legal,ServiceNow,Admin,Carol Davis,True,2026-02-05 16:29:28.691680
AR001195,EMP00394,Matthew Dyer,Legal,GitHub,Write,Carol Davis,False,2026-01-16 16:29:28.691680
AR001196,EMP00102,Jake Barker,Security,Azure,Read,David Brown,False,2026-03-04 16:29:28.691680
AR001197,EMP00229,Michael Blevins,Human Resources,GitHub,Write,Carol Davis,True,2025-11-29 16:29:28.691680
AR001198,EMP00076,Barbara Reynolds,Human Resources,GitHub,Write,Bob Smith,False,2026-02-21 16:29:28.691680
AR001199,EMP00267,Anthony Alexander,Finance,Azure,Write,Bob Smith,True,2026-02-17 16:29:28.691680
AR001200,EMP00443,Michelle Richardson,Human Resources,AWS,Write,David Brown,True,2026-01-14 16:29:28.691680
AR001201,EMP00484,Joseph Gomez,Finance,Azure,Read,David Brown,True,2025-11-25 16:29:28.691680
AR001202,EMP00269,Travis Johnson,Security,Azure,Read,David Brown,True,2026-03-05 16:29:28.691680
AR001203,EMP00244,William Jackson,IT,Active Directory,Read,David Brown,False,2025-09-19 16:29:28.691680
AR001204,EMP00302,Breanna Hester,Finance,ServiceNow,Admin,Bob Smith,False,2025-10-25 16:29:28.691680
AR001205,EMP00364,Eric Wilcox,IT,ServiceNow,Write,Carol Davis,False,2026-05-22 16:29:28.691680
AR001206,EMP00356,Veronica Diaz,Human Resources,Azure,Read,Carol Davis,False,2026-02-21 16:29:28.691680
AR001207,EMP00284,David Miller,IT,Salesforce,Write,Carol Davis,True,2026-03-29 16:29:28.691680
AR001208,EMP00255,Monica Lee,IT,Azure,Write,David Brown,True,2025-11-13 16:29:28.691680
AR001209,EMP00376,George Hutchinson,Engineering,Azure,Read,Carol Davis,False,2026-03-20 16:29:28.691680
AR001210,EMP00387,Joshua Phillips,Operations,ServiceNow,Write,David Brown,False,2026-05-20 16:29:28.691680
AR001211,EMP00210,Meredith Atkinson DVM,Operations,ServiceNow,Write,Alice Johnson,False,2026-02-04 16:29:28.691680
AR001212,EMP00306,Kristi Atkins,Security,GitHub,Write,Alice Johnson,True,2025-10-29 16:29:28.691680
AR001213,EMP00019,Alan Yu,IT,Active Directory,Admin,David Brown,False,2026-02-20 16:29:28.691680
AR001214,EMP00065,Jeffrey Orozco,Legal,GitHub,Write,Alice Johnson,True,2025-10-12 16:29:28.691680
AR001215,EMP00103,Laura James,Finance,GitHub,Read,Carol Davis,True,2026-06-30 16:29:28.691680
AR001216,EMP00495,Sarah Woods,Finance,AWS,Write,David Brown,True,2026-02-28 16:29:28.691680
AR001217,EMP00228,Nancy Orozco,Finance,Azure,Read,David Brown,False,2026-05-09 16:29:28.691680
AR001218,EMP00008,Nathaniel Green,Operations,AWS,Admin,Alice Johnson,False,2026-06-08 16:29:28.691680
AR001219,EMP00007,Jessica Atkins,Finance,GitHub,Admin,David Brown,True,2025-12-27 16:29:28.691680
AR001220,EMP00113,Richard Lambert,Legal,AWS,Admin,David Brown,False,2025-09-26 16:29:28.691680
AR001221,EMP00024,Michael Roberts,Human Resources,GitHub,Admin,Alice Johnson,True,2026-03-06 16:29:28.691680
AR001222,EMP00431,Mark King,Human Resources,GitHub,Read,David Brown,False,2026-06-17 16:29:28.691680
AR001223,EMP00011,Justin White,Security,Salesforce,Admin,Alice Johnson,False,2026-05-07 16:29:28.691680
AR001224,EMP00125,Felicia Rocha,Human Resources,GitHub,Write,Bob Smith,True,2025-09-20 16:29:28.691680
AR001225,EMP00285,Heather Carter,Human Resources,Azure,Read,Carol Davis,False,2025-10-16 16:29:28.691680
AR001226,EMP00203,Colleen Walker,Engineering,Salesforce,Admin,Bob Smith,True,2025-09-15 16:29:28.691680
AR001227,EMP00032,Jeremiah Bryant,Human Resources,Azure,Write,Bob Smith,True,2026-01-08 16:29:28.691680
AR001228,EMP00312,Rachael Fisher,Engineering,Salesforce,Admin,Carol Davis,False,2025-12-18 16:29:28.691680
AR001229,EMP00280,Benjamin Gray,Legal,Azure,Read,Alice Johnson,False,2025-11-09 16:29:28.691680
AR001230,EMP00206,Laura Cook,Operations,Active Directory,Admin,Carol Davis,False,2026-07-02 16:29:28.691680
AR001231,EMP00384,Stephanie Cook,Finance,Salesforce,Write,David Brown,True,2025-09-21 16:29:28.691680
AR001232,EMP00428,Jaime Baker,Legal,Active Directory,Write,Alice Johnson,False,2025-07-30 16:29:28.691680
AR001233,EMP00408,Mrs. Mary Brown,Human Resources,ServiceNow,Write,Alice Johnson,True,2025-10-25 16:29:28.691680
AR001234,EMP00186,Kelly Calhoun,IT,Azure,Write,Carol Davis,False,2026-05-02 16:29:28.691680
AR001235,EMP00096,Lauren Jensen,Human Resources,GitHub,Admin,Carol Davis,True,2026-04-14 16:29:28.691680
AR001236,EMP00176,Anthony Burns,Security,ServiceNow,Read,Bob Smith,True,2026-01-08 16:29:28.691680
AR001237,EMP00441,Anthony Zimmerman,Security,ServiceNow,Read,David Brown,True,2025-11-03 16:29:28.691680
AR001238,EMP00113,Richard Lambert,Legal,Active Directory,Write,Alice Johnson,False,2025-08-14 16:29:28.691680
AR001239,EMP00186,Kelly Calhoun,IT,AWS,Read,Carol Davis,True,2025-09-10 16:29:28.691680
AR001240,EMP00007,Jessica Atkins,Finance,Active Directory,Admin,Carol Davis,False,2025-10-31 16:29:28.691680
AR001241,EMP00098,Susan Mckay,Human Resources,Active Directory,Read,Alice Johnson,True,2025-08-14 16:29:28.691680
AR001242,EMP00111,Jasmine Howell,Engineering,GitHub,Write,Bob Smith,False,2026-03-26 16:29:28.691680
AR001243,EMP00263,Alexis Roberts,Finance,ServiceNow,Write,Alice Johnson,True,2026-05-16 16:29:28.691680
AR001244,EMP00272,Shannon Hicks,Human Resources,Salesforce,Read,David Brown,False,2025-11-24 16:29:28.691680
AR001245,EMP00032,Jeremiah Bryant,Human Resources,Salesforce,Read,Alice Johnson,False,2026-07-09 16:29:28.691680
AR001246,EMP00212,Sean Franco,IT,Salesforce,Write,Bob Smith,True,2026-02-23 16:29:28.691680
AR001247,EMP00189,Joseph Austin,Legal,Azure,Write,Alice Johnson,True,2025-08-26 16:29:28.691680
AR001248,EMP00388,Kari Pace,Legal,Azure,Read,Alice Johnson,True,2025-11-12 16:29:28.691680
AR001249,EMP00097,Mary Wyatt,Engineering,AWS,Admin,Alice Johnson,False,2026-05-07 16:29:28.691680
AR001250,EMP00397,William Cook,Finance,AWS,Admin,Carol Davis,False,2025-10-11 16:29:28.691680
AR001251,EMP00167,Peter Contreras,Finance,Salesforce,Write,Bob Smith,False,2025-10-29 16:29:28.691680
AR001252,EMP00397,William Cook,Finance,AWS,Write,Bob Smith,True,2025-10-29 16:29:28.691680
AR001253,EMP00199,Terry Henson,Legal,GitHub,Write,David Brown,False,2025-11-15 16:29:28.691680
AR001254,EMP00040,Daniel Chavez,Operations,Azure,Admin,David Brown,False,2025-08-07 16:29:28.691680
AR001255,EMP00477,William Pearson,Legal,ServiceNow,Read,Carol Davis,False,2025-09-26 16:29:28.691680
AR001256,EMP00472,Thomas Calderon,Human Resources,ServiceNow,Write,David Brown,False,2026-03-05 16:29:28.691680
AR001257,EMP00077,Melissa Hill,Human Resources,Active Directory,Admin,Alice Johnson,False,2026-02-26 16:29:28.691680
AR001258,EMP00486,Stacy Woodward,Security,Active Directory,Write,David Brown,False,2026-04-01 16:29:28.691680
AR001259,EMP00184,Courtney Lewis,Finance,Active Directory,Admin,Bob Smith,True,2026-06-06 16:29:28.691680
AR001260,EMP00355,Terry Alexander,IT,ServiceNow,Admin,Carol Davis,True,2026-04-21 16:29:28.691680
AR001261,EMP00351,Sarah Pratt,Legal,Azure,Write,Alice Johnson,True,2025-11-26 16:29:28.691680
AR001262,EMP00028,Jeremy Beasley,Engineering,Salesforce,Write,David Brown,False,2026-02-01 16:29:28.691680
AR001263,EMP00450,Sheryl Stone,Engineering,Salesforce,Write,Carol Davis,True,2025-10-20 16:29:28.691680
AR001264,EMP00111,Jasmine Howell,Engineering,Azure,Read,Bob Smith,False,2025-10-14 16:29:28.691680
AR001265,EMP00353,Gail Ellis,Legal,AWS,Write,David Brown,False,2026-07-04 16:29:28.691680
AR001266,EMP00418,Adam Brown,IT,AWS,Read,Alice Johnson,True,2025-09-28 16:29:28.691680
AR001267,EMP00273,Matthew Lozano,Finance,Azure,Admin,Carol Davis,False,2025-11-27 16:29:28.691680
AR001268,EMP00288,Christopher Young,Legal,AWS,Admin,David Brown,True,2026-03-12 16:29:28.691680
AR001269,EMP00312,Rachael Fisher,Engineering,GitHub,Admin,David Brown,True,2025-08-09 16:29:28.691680
AR001270,EMP00209,Sherry Hale,IT,AWS,Read,David Brown,False,2025-10-26 16:29:28.691680
AR001271,EMP00278,Matthew Perez,Human Resources,Active Directory,Read,David Brown,True,2025-12-02 16:29:28.691680
AR001272,EMP00441,Anthony Zimmerman,Security,ServiceNow,Admin,Bob Smith,True,2026-03-12 16:29:28.691680
AR001273,EMP00190,Regina Turner,Legal,GitHub,Read,David Brown,True,2025-12-21 16:29:28.691680
AR001274,EMP00229,Michael Blevins,Human Resources,AWS,Write,Alice Johnson,False,2026-04-18 16:29:28.691680
AR001275,EMP00450,Sheryl Stone,Engineering,Active Directory,Write,Bob Smith,True,2026-05-15 16:29:28.691680
AR001276,EMP00379,Michael White,Engineering,Azure,Admin,Bob Smith,True,2026-07-14 16:29:28.691680
AR001277,EMP00415,Dave Gutierrez,Human Resources,GitHub,Read,David Brown,False,2025-09-29 16:29:28.691680
AR001278,EMP00277,Jonathan Davis,Operations,Salesforce,Admin,Alice Johnson,False,2026-04-30 16:29:28.691680
AR001279,EMP00422,Matthew Wright,Operations,AWS,Admin,Carol Davis,False,2025-11-06 16:29:28.691680
AR001280,EMP00477,William Pearson,Legal,Azure,Write,Carol Davis,False,2026-07-12 16:29:28.691680
AR001281,EMP00383,Christopher Bonilla,Legal,Active Directory,Write,Carol Davis,True,2026-06-13 16:29:28.691680
AR001282,EMP00010,Teresa Booth,Engineering,Salesforce,Read,Alice Johnson,True,2026-03-08 16:29:28.691680
AR001283,EMP00335,Paul Hansen,Finance,Azure,Write,Bob Smith,True,2026-01-10 16:29:28.691680
AR001284,EMP00344,Kent Carter,Finance,GitHub,Read,David Brown,False,2026-03-26 16:29:28.691680
AR001285,EMP00401,Tammy Chavez,Security,Active Directory,Write,David Brown,True,2025-09-11 16:29:28.691680
AR001286,EMP00192,Jennifer Hogan,Human Resources,Salesforce,Write,Alice Johnson,True,2025-08-20 16:29:28.691680
AR001287,EMP00345,William Lewis,Engineering,ServiceNow,Admin,Bob Smith,True,2026-01-09 16:29:28.691680
AR001288,EMP00237,Deborah Hall,Security,Salesforce,Admin,David Brown,False,2026-05-27 16:29:28.691680
AR001289,EMP00219,Robert Smith,Legal,ServiceNow,Read,Carol Davis,True,2026-06-19 16:29:28.691680
AR001290,EMP00474,Ricardo Perez,Legal,AWS,Admin,Alice Johnson,True,2026-07-06 16:29:28.691680
AR001291,EMP00462,Michael Graham,Engineering,GitHub,Admin,David Brown,True,2026-06-16 16:29:28.691680
AR001292,EMP00017,Taylor Mccormick,Engineering,ServiceNow,Write,Bob Smith,False,2025-09-11 16:29:28.691680
AR001293,EMP00177,Brett Murray,Finance,ServiceNow,Write,David Brown,True,2026-04-25 16:29:28.691680
AR001294,EMP00180,Andrea Castillo,Engineering,Active Directory,Write,David Brown,False,2026-05-01 16:29:28.691680
AR001295,EMP00466,Jody Hoffman,Security,Active Directory,Admin,Alice Johnson,False,2025-10-30 16:29:28.691680
AR001296,EMP00182,Megan Harris,Finance,AWS,Write,Alice Johnson,False,2025-10-08 16:29:28.691680
AR001297,EMP00100,Terry Rios,Legal,Azure,Read,David Brown,True,2025-10-14 16:29:28.691680
AR001298,EMP00442,Autumn Taylor,Operations,ServiceNow,Read,Carol Davis,False,2025-12-19 16:29:28.691680
AR001299,EMP00023,Deanna Stephens,Legal,ServiceNow,Write,Carol Davis,False,2026-06-15 16:29:28.691680
AR001300,EMP00167,Peter Contreras,Finance,AWS,Admin,Bob Smith,True,2026-07-05 16:29:28.691680
AR001301,EMP00465,Carmen Davis,Human Resources,ServiceNow,Write,Carol Davis,False,2026-02-16 16:29:28.691680
AR001302,EMP00208,Kimberly Walker,Operations,Azure,Read,Carol Davis,False,2026-05-07 16:29:28.691680
AR001303,EMP00324,Donna Smith,Finance,Azure,Admin,Alice Johnson,True,2026-03-13 16:29:28.691680
AR001304,EMP00156,Michelle Thompson,Human Resources,Azure,Write,David Brown,True,2026-01-29 16:29:28.691680
AR001305,EMP00482,Jennifer Patel DVM,Engineering,AWS,Admin,Bob Smith,False,2025-10-27 16:29:28.691680
AR001306,EMP00318,Traci Edwards,Security,Salesforce,Read,Carol Davis,False,2026-01-11 16:29:28.691680
AR001307,EMP00422,Matthew Wright,Operations,ServiceNow,Write,David Brown,True,2026-05-20 16:29:28.691680
AR001308,EMP00468,Angela Irwin,IT,ServiceNow,Admin,Carol Davis,False,2026-02-09 16:29:28.691680
AR001309,EMP00258,Denise Williams,Human Resources,GitHub,Read,Carol Davis,True,2026-02-09 16:29:28.691680
AR001310,EMP00083,Michelle Williams,Engineering,Active Directory,Read,Alice Johnson,False,2026-04-10 16:29:28.691680
AR001311,EMP00288,Christopher Young,Legal,AWS,Write,David Brown,False,2026-03-29 16:29:28.691680
AR001312,EMP00475,Heather Jones,Operations,Salesforce,Admin,Bob Smith,True,2026-04-30 16:29:28.691680
AR001313,EMP00076,Barbara Reynolds,Human Resources,Salesforce,Read,Carol Davis,False,2025-07-28 16:29:28.691680
AR001314,EMP00109,Tracey Morris,IT,Salesforce,Write,Alice Johnson,True,2025-12-18 16:29:28.691680
AR001315,EMP00346,Alicia Howard,Legal,AWS,Admin,Alice Johnson,False,2025-09-29 16:29:28.691680
AR001316,EMP00293,Cristian Harris,Human Resources,GitHub,Admin,Carol Davis,True,2025-10-11 16:29:28.691680
AR001317,EMP00463,Justin Webster,Human Resources,AWS,Admin,David Brown,False,2026-01-20 16:29:28.691680
AR001318,EMP00031,Jack Sims,Legal,GitHub,Write,Bob Smith,True,2026-07-11 16:29:28.691680
AR001319,EMP00439,Mia Davis,IT,Active Directory,Admin,David Brown,False,2026-06-19 16:29:28.691680
AR001320,EMP00479,Jennifer Salazar,Security,ServiceNow,Write,David Brown,True,2026-02-28 16:29:28.691680
AR001321,EMP00318,Traci Edwards,Security,ServiceNow,Write,Alice Johnson,False,2025-10-11 16:29:28.691680
AR001322,EMP00422,Matthew Wright,Operations,Active Directory,Admin,Carol Davis,True,2026-02-02 16:29:28.691680
AR001323,EMP00404,Nicole Garcia,Security,Azure,Write,Bob Smith,True,2026-01-27 16:29:28.691680
AR001324,EMP00331,Amanda Bailey MD,Human Resources,ServiceNow,Read,Alice Johnson,True,2025-09-04 16:29:28.691680
AR001325,EMP00415,Dave Gutierrez,Human Resources,Azure,Admin,Carol Davis,False,2025-12-08 16:29:28.691680
AR001326,EMP00271,Lori Lamb,Operations,AWS,Write,David Brown,True,2026-01-28 16:29:28.691680
AR001327,EMP00268,Justin Blankenship,Human Resources,GitHub,Admin,Bob Smith,True,2025-11-28 16:29:28.691680
AR001328,EMP00049,Mrs. Kara Holt,Human Resources,Azure,Admin,Carol Davis,True,2026-05-06 16:29:28.691680
AR001329,EMP00465,Carmen Davis,Human Resources,GitHub,Write,Carol Davis,True,2026-05-28 16:29:28.691680
AR001330,EMP00217,Monica Castillo,Legal,Azure,Write,Bob Smith,False,2026-01-17 16:29:28.691680
AR001331,EMP00167,Peter Contreras,Finance,Azure,Read,Alice Johnson,True,2026-07-03 16:29:28.691680
AR001332,EMP00158,Cassie Hoffman,Security,Active Directory,Admin,Alice Johnson,False,2025-07-28 16:29:28.691680
AR001333,EMP00018,Katherine Adams,Human Resources,Active Directory,Admin,David Brown,False,2026-06-26 16:29:28.691680
AR001334,EMP00157,Nicole Knox,Legal,Active Directory,Admin,Bob Smith,True,2026-05-16 16:29:28.691680
AR001335,EMP00316,Richard Carter,Security,AWS,Write,Alice Johnson,True,2025-10-15 16:29:28.691680
AR001336,EMP00413,John Foster,IT,Active Directory,Write,David Brown,True,2025-08-26 16:29:28.691680
AR001337,EMP00486,Stacy Woodward,Security,Salesforce,Admin,Alice Johnson,True,2026-03-17 16:29:28.691680
AR001338,EMP00012,Sean Wang,Finance,Azure,Write,Carol Davis,True,2025-11-24 16:29:28.691680
AR001339,EMP00147,Jeffery Moore,Operations,Active Directory,Write,David Brown,True,2026-07-13 16:29:28.691680
AR001340,EMP00078,Deborah Cooper MD,Security,GitHub,Write,Carol Davis,False,2025-12-10 16:29:28.691680
AR001341,EMP00226,Lynn Mercado,Operations,AWS,Admin,Carol Davis,True,2026-01-01 16:29:28.691680
AR001342,EMP00324,Donna Smith,Finance,ServiceNow,Read,Bob Smith,False,2026-06-03 16:29:28.691680
AR001343,EMP00221,Marcus Fisher,Finance,ServiceNow,Admin,Alice Johnson,True,2025-08-23 16:29:28.691680
AR001344,EMP00252,Nicholas Taylor,Security,ServiceNow,Write,Carol Davis,False,2026-05-13 16:29:28.691680
AR001345,EMP00015,John Tate,Operations,ServiceNow,Read,Bob Smith,False,2025-08-05 16:29:28.691680
AR001346,EMP00463,Justin Webster,Human Resources,Active Directory,Read,Alice Johnson,False,2025-09-16 16:29:28.691680
AR001347,EMP00432,Jennifer Torres,Human Resources,Azure,Write,Carol Davis,True,2025-10-25 16:29:28.691680
AR001348,EMP00482,Jennifer Patel DVM,Engineering,GitHub,Read,Carol Davis,True,2025-10-31 16:29:28.691680
AR001349,EMP00101,Kirk Cortez,Legal,GitHub,Read,David Brown,True,2025-11-25 16:29:28.691680
AR001350,EMP00372,Jessica Hill,Engineering,ServiceNow,Write,Bob Smith,False,2025-10-18 16:29:28.691680
AR001351,EMP00422,Matthew Wright,Operations,Azure,Write,Alice Johnson,True,2026-04-04 16:29:28.691680
AR001352,EMP00112,Natalie Friedman,Security,Azure,Write,Alice Johnson,False,2026-06-09 16:29:28.691680
AR001353,EMP00027,Anthony Walton,Security,ServiceNow,Read,Alice Johnson,True,2026-07-04 16:29:28.691680
AR001354,EMP00309,Marcus Schwartz,Human Resources,GitHub,Admin,Alice Johnson,True,2025-10-20 16:29:28.691680
AR001355,EMP00083,Michelle Williams,Engineering,Azure,Write,Alice Johnson,True,2026-03-09 16:29:28.691680
AR001356,EMP00236,Heidi Chambers,Engineering,Azure,Admin,David Brown,True,2026-03-21 16:29:28.691680
AR001357,EMP00020,Jonathan Davis,IT,Active Directory,Read,Carol Davis,False,2026-06-27 16:29:28.691680
AR001358,EMP00249,Deborah George,Finance,AWS,Write,David Brown,False,2026-01-29 16:29:28.691680
AR001359,EMP00417,Ashley Taylor,IT,AWS,Read,David Brown,True,2026-02-22 16:29:28.691680
AR001360,EMP00347,Carlos Smith,Legal,AWS,Read,Carol Davis,False,2026-01-01 16:29:28.691680
AR001361,EMP00203,Colleen Walker,Engineering,ServiceNow,Read,Alice Johnson,True,2025-11-27 16:29:28.691680
AR001362,EMP00122,Caitlin Williams,Legal,GitHub,Read,David Brown,True,2026-06-17 16:29:28.691680
AR001363,EMP00411,Renee Davis,Operations,Salesforce,Write,Carol Davis,True,2025-09-01 16:29:28.691680
AR001364,EMP00145,Michael Adams,Finance,GitHub,Admin,Alice Johnson,True,2026-02-22 16:29:28.691680
AR001365,EMP00208,Kimberly Walker,Operations,AWS,Read,David Brown,True,2026-06-18 16:29:28.691680
AR001366,EMP00338,Alexander Dudley,Security,AWS,Admin,Alice Johnson,True,2025-11-01 16:29:28.691680
AR001367,EMP00367,Alice Hardy,IT,Salesforce,Write,Alice Johnson,False,2026-06-14 16:29:28.691680
AR001368,EMP00455,James Pierce,Finance,Salesforce,Read,Alice Johnson,False,2026-01-14 16:29:28.691680
AR001369,EMP00126,Isabel Perez,Engineering,ServiceNow,Admin,Bob Smith,True,2025-11-13 16:29:28.691680
AR001370,EMP00365,Mary Jones,Human Resources,Salesforce,Write,Alice Johnson,False,2026-07-12 16:29:28.691680
AR001371,EMP00315,Colleen Cochran,Operations,Salesforce,Admin,Bob Smith,True,2025-07-29 16:29:28.691680
AR001372,EMP00150,Kyle Cain,Security,GitHub,Read,David Brown,True,2026-05-21 16:29:28.691680
AR001373,EMP00404,Nicole Garcia,Security,AWS,Admin,Carol Davis,True,2025-12-28 16:29:28.691680
AR001374,EMP00077,Melissa Hill,Human Resources,Salesforce,Admin,Alice Johnson,True,2025-08-05 16:29:28.691680
AR001375,EMP00070,Brooke Proctor,Engineering,Salesforce,Read,David Brown,False,2025-12-05 16:29:28.691680
AR001376,EMP00448,Michelle Cole,Security,GitHub,Write,David Brown,True,2025-11-24 16:29:28.691680
AR001377,EMP00200,Matthew Warren,Security,Azure,Admin,Carol Davis,False,2026-02-04 16:29:28.691680
AR001378,EMP00470,Teresa Guerrero,Finance,ServiceNow,Read,David Brown,False,2025-09-20 16:29:28.691680
AR001379,EMP00131,Ronald Hale,Engineering,Azure,Write,David Brown,False,2026-02-22 16:29:28.691680
AR001380,EMP00024,Michael Roberts,Human Resources,ServiceNow,Read,Alice Johnson,False,2025-09-12 16:29:28.691680
AR001381,EMP00240,Randy Gordon,Legal,ServiceNow,Read,David Brown,False,2026-04-14 16:29:28.691680
AR001382,EMP00391,Susan Green,Human Resources,ServiceNow,Read,Bob Smith,True,2026-04-04 16:29:28.691680
AR001383,EMP00354,Monica Craig,Human Resources,Salesforce,Read,David Brown,True,2026-04-30 16:29:28.691680
AR001384,EMP00073,William Velasquez,Human Resources,Active Directory,Write,Alice Johnson,True,2026-04-24 16:29:28.691680
AR001385,EMP00480,Joshua Davis,Engineering,Azure,Read,Carol Davis,False,2026-03-14 16:29:28.691680
AR001386,EMP00031,Jack Sims,Legal,Active Directory,Admin,David Brown,True,2025-10-08 16:29:28.691680
AR001387,EMP00171,Kelly Flores,Finance,Azure,Read,David Brown,False,2025-08-29 16:29:28.691680
AR001388,EMP00043,Danielle Silva,Operations,Active Directory,Admin,Bob Smith,True,2025-08-01 16:29:28.691680
AR001389,EMP00335,Paul Hansen,Finance,Active Directory,Admin,David Brown,False,2026-07-11 16:29:28.691680
AR001390,EMP00478,Charles Henderson,IT,Active Directory,Admin,Carol Davis,False,2026-07-13 16:29:28.691680
AR001391,EMP00085,Kathleen Lynch,Human Resources,Azure,Read,Carol Davis,True,2026-01-18 16:29:28.691680
AR001392,EMP00324,Donna Smith,Finance,Active Directory,Read,David Brown,True,2025-10-23 16:29:28.691680
AR001393,EMP00077,Melissa Hill,Human Resources,Azure,Read,Bob Smith,False,2026-06-22 16:29:28.691680
AR001394,EMP00077,Melissa Hill,Human Resources,Active Directory,Admin,Alice Johnson,False,2025-07-31 16:29:28.691680
AR001395,EMP00361,Michael Thomas,Security,ServiceNow,Read,Alice Johnson,True,2026-07-16 16:29:28.691680
AR001396,EMP00248,Breanna Gomez,Operations,ServiceNow,Write,David Brown,True,2025-12-04 16:29:28.691680
AR001397,EMP00170,Scott Smith,Operations,AWS,Write,Carol Davis,True,2026-04-29 16:29:28.691680
AR001398,EMP00003,Natasha Obrien,Engineering,Salesforce,Read,David Brown,True,2025-11-09 16:29:28.691680
AR001399,EMP00340,Brett Turner,Engineering,Salesforce,Write,Bob Smith,True,2026-07-05 16:29:28.691680
AR001400,EMP00385,Beth Nichols,Security,ServiceNow,Write,David Brown,True,2026-04-17 16:29:28.691680
AR001401,EMP00216,Elizabeth Sellers,Legal,Salesforce,Admin,Carol Davis,True,2025-10-12 16:29:28.691680
AR001402,EMP00088,Tracey Rodriguez,Human Resources,Salesforce,Write,David Brown,True,2026-05-07 16:29:28.691680
AR001403,EMP00096,Lauren Jensen,Human Resources,Azure,Read,David Brown,False,2026-02-28 16:29:28.691680
AR001404,EMP00134,Marilyn Garcia,Operations,Salesforce,Read,Alice Johnson,False,2026-03-10 16:29:28.691680
AR001405,EMP00087,Steven Schneider,Operations,GitHub,Admin,Bob Smith,False,2026-05-21 16:29:28.691680
AR001406,EMP00204,Charles Wilcox,Human Resources,GitHub,Write,Alice Johnson,False,2025-08-17 16:29:28.691680
AR001407,EMP00286,Andrea Rice,Security,AWS,Admin,Bob Smith,True,2025-08-26 16:29:28.691680
AR001408,EMP00166,Robert Patterson,Engineering,Active Directory,Admin,Bob Smith,True,2026-03-18 16:29:28.691680
AR001409,EMP00264,Carl Stafford,Finance,Active Directory,Read,Alice Johnson,False,2026-03-15 16:29:28.691680
AR001410,EMP00413,John Foster,IT,Azure,Write,David Brown,True,2026-02-23 16:29:28.691680
AR001411,EMP00262,Lisa White,Human Resources,Salesforce,Read,Alice Johnson,True,2025-11-05 16:29:28.691680
AR001412,EMP00302,Breanna Hester,Finance,Salesforce,Admin,David Brown,True,2026-03-02 16:29:28.691680
AR001413,EMP00381,Terry Morgan,IT,Azure,Read,Alice Johnson,True,2026-05-29 16:29:28.691680
AR001414,EMP00365,Mary Jones,Human Resources,ServiceNow,Admin,David Brown,True,2025-12-30 16:29:28.691680
AR001415,EMP00291,Mario Bailey,Engineering,Salesforce,Write,David Brown,False,2026-04-27 16:29:28.691680
AR001416,EMP00247,David Shah,Finance,ServiceNow,Read,Bob Smith,True,2026-06-13 16:29:28.691680
AR001417,EMP00481,Gene Bryant,Human Resources,AWS,Admin,Carol Davis,False,2025-08-27 16:29:28.691680
AR001418,EMP00326,Jennifer Miller,Security,Active Directory,Read,David Brown,False,2026-02-07 16:29:28.691680
AR001419,EMP00376,George Hutchinson,Engineering,GitHub,Write,Bob Smith,True,2026-07-18 16:29:28.691680
AR001420,EMP00140,Samantha Erickson,Finance,Salesforce,Read,David Brown,False,2026-02-09 16:29:28.691680
AR001421,EMP00174,Emily Church,Human Resources,AWS,Write,Bob Smith,False,2025-09-07 16:29:28.691680
AR001422,EMP00369,Robert French,Human Resources,ServiceNow,Admin,Alice Johnson,False,2025-11-20 16:29:28.691680
AR001423,EMP00225,Sarah Anthony,Operations,ServiceNow,Write,Alice Johnson,True,2026-02-12 16:29:28.691680
AR001424,EMP00330,Sharon Crawford,Legal,Active Directory,Admin,Carol Davis,False,2025-10-31 16:29:28.691680
AR001425,EMP00394,Matthew Dyer,Legal,AWS,Admin,Alice Johnson,False,2025-12-03 16:29:28.691680
AR001426,EMP00068,Sean Reyes,Human Resources,Active Directory,Write,Bob Smith,True,2026-07-26 16:29:28.691680
AR001427,EMP00095,Steven Gardner,Engineering,Active Directory,Admin,Bob Smith,False,2025-10-19 16:29:28.691680
AR001428,EMP00380,Dennis Garrett,IT,ServiceNow,Admin,Carol Davis,False,2025-12-02 16:29:28.691680
AR001429,EMP00433,Tyler Garcia,Operations,AWS,Admin,David Brown,False,2026-02-24 16:29:28.691680
AR001430,EMP00352,Ashley Koch,Engineering,GitHub,Write,Alice Johnson,False,2026-05-26 16:29:28.691680
AR001431,EMP00348,Laura Neal,Operations,AWS,Read,Carol Davis,False,2026-01-06 16:29:28.691680
AR001432,EMP00472,Thomas Calderon,Human Resources,ServiceNow,Admin,Alice Johnson,False,2025-07-31 16:29:28.691680
AR001433,EMP00056,Jose Johnson,IT,Active Directory,Read,David Brown,True,2025-09-06 16:29:28.691680
AR001434,EMP00021,Brandi Smith,Operations,GitHub,Write,Bob Smith,False,2026-07-06 16:29:28.691680
AR001435,EMP00430,Victor Everett,Engineering,Active Directory,Admin,Carol Davis,False,2026-06-15 16:29:28.691680
AR001436,EMP00334,Kelly Reese,Human Resources,Active Directory,Write,David Brown,False,2026-02-06 16:29:28.691680
AR001437,EMP00178,Kelsey Long,Finance,Azure,Admin,David Brown,False,2026-03-19 16:29:28.691680
AR001438,EMP00098,Susan Mckay,Human Resources,Azure,Read,David Brown,True,2026-02-12 16:29:28.691680
AR001439,EMP00378,Norman Jackson,Human Resources,Azure,Admin,David Brown,True,2026-07-18 16:29:28.691680
AR001440,EMP00236,Heidi Chambers,Engineering,Azure,Read,Bob Smith,True,2026-01-17 16:29:28.691680
AR001441,EMP00079,Michael Oliver,Operations,Salesforce,Read,Bob Smith,False,2026-03-17 16:29:28.691680
AR001442,EMP00236,Heidi Chambers,Engineering,Salesforce,Write,Bob Smith,True,2026-05-26 16:29:28.691680
AR001443,EMP00429,Jessica Nunez,Engineering,GitHub,Read,Carol Davis,True,2025-11-29 16:29:28.691680
AR001444,EMP00135,Steven Dunn,Engineering,AWS,Read,Bob Smith,True,2025-09-26 16:29:28.691680
AR001445,EMP00352,Ashley Koch,Engineering,GitHub,Write,Carol Davis,True,2026-06-09 16:29:28.691680
AR001446,EMP00472,Thomas Calderon,Human Resources,GitHub,Admin,Alice Johnson,True,2025-11-01 16:29:28.691680
AR001447,EMP00151,Paige Harrington,Operations,Active Directory,Write,David Brown,True,2025-08-09 16:29:28.691680
AR001448,EMP00102,Jake Barker,Security,Salesforce,Admin,Alice Johnson,False,2025-08-26 16:29:28.691680
AR001449,EMP00161,Devon Neal,Human Resources,AWS,Admin,Carol Davis,False,2026-06-28 16:29:28.691680
AR001450,EMP00287,Donna Ramirez,Operations,AWS,Admin,Bob Smith,False,2025-07-29 16:29:28.691680
AR001451,EMP00491,Melissa Knight,Engineering,ServiceNow,Read,David Brown,False,2026-07-07 16:29:28.691680
AR001452,EMP00432,Jennifer Torres,Human Resources,AWS,Write,Bob Smith,True,2026-07-27 16:29:28.691680
AR001453,EMP00358,Martha Mcgee,IT,AWS,Admin,Carol Davis,True,2025-09-05 16:29:28.691680
AR001454,EMP00347,Carlos Smith,Legal,ServiceNow,Write,Bob Smith,False,2025-11-20 16:29:28.691680
AR001455,EMP00058,Brian Velasquez,Operations,Active Directory,Admin,Bob Smith,True,2026-07-03 16:29:28.691680
AR001456,EMP00052,Joshua Jones,Engineering,Active Directory,Admin,Carol Davis,True,2026-01-22 16:29:28.691680
AR001457,EMP00153,Jennifer Freeman,Security,Azure,Read,Alice Johnson,True,2026-04-22 16:29:28.691680
AR001458,EMP00160,Tammy Rodriguez,Legal,Azure,Write,Alice Johnson,True,2026-05-17 16:29:28.691680
AR001459,EMP00086,Kimberly Castillo,Security,ServiceNow,Read,David Brown,True,2026-07-18 16:29:28.691680
AR001460,EMP00177,Brett Murray,Finance,Salesforce,Admin,Carol Davis,True,2025-08-04 16:29:28.691680
AR001461,EMP00295,Kristen Howell,IT,Active Directory,Admin,Alice Johnson,True,2025-11-08 16:29:28.691680
AR001462,EMP00467,Elaine Rice,Security,Azure,Write,Alice Johnson,False,2025-09-15 16:29:28.691680
AR001463,EMP00348,Laura Neal,Operations,Salesforce,Read,Carol Davis,True,2025-09-17 16:29:28.691680
AR001464,EMP00273,Matthew Lozano,Finance,ServiceNow,Admin,Carol Davis,False,2025-12-14 16:29:28.691680
AR001465,EMP00053,Daniel Durham,Finance,AWS,Read,Carol Davis,True,2026-01-28 16:29:28.691680
AR001466,EMP00354,Monica Craig,Human Resources,Salesforce,Admin,Bob Smith,True,2025-07-30 16:29:28.691680
AR001467,EMP00028,Jeremy Beasley,Engineering,Salesforce,Read,David Brown,False,2026-02-09 16:29:28.691680
AR001468,EMP00496,Jason Lam,Finance,Salesforce,Read,Carol Davis,True,2025-09-10 16:29:28.691680
AR001469,EMP00021,Brandi Smith,Operations,GitHub,Write,Bob Smith,True,2026-07-13 16:29:28.691680
AR001470,EMP00391,Susan Green,Human Resources,ServiceNow,Admin,Alice Johnson,False,2026-03-07 16:29:28.691680
AR001471,EMP00485,Anthony Gaines,Operations,Azure,Admin,David Brown,False,2026-01-15 16:29:28.691680
AR001472,EMP00325,Joshua Cook,IT,AWS,Admin,David Brown,True,2026-04-26 16:29:28.691680
AR001473,EMP00456,Alexander Miller,Human Resources,Azure,Read,Alice Johnson,False,2025-10-04 16:29:28.691680
AR001474,EMP00462,Michael Graham,Engineering,Azure,Write,Carol Davis,True,2025-09-15 16:29:28.691680
AR001475,EMP00141,William Durham,Finance,Active Directory,Write,Carol Davis,False,2026-01-07 16:29:28.691680
AR001476,EMP00369,Robert French,Human Resources,AWS,Admin,Alice Johnson,True,2025-12-10 16:29:28.691680
AR001477,EMP00182,Megan Harris,Finance,Salesforce,Read,Carol Davis,False,2025-12-19 16:29:28.691680
AR001478,EMP00020,Jonathan Davis,IT,Active Directory,Admin,Carol Davis,False,2026-07-05 16:29:28.691680
AR001479,EMP00219,Robert Smith,Legal,ServiceNow,Read,Alice Johnson,False,2026-02-09 16:29:28.691680
AR001480,EMP00308,Christopher Grant,Finance,Salesforce,Admin,Alice Johnson,True,2026-06-20 16:29:28.691680
AR001481,EMP00328,Stacey Barajas,Engineering,Salesforce,Admin,Bob Smith,True,2025-08-22 16:29:28.691680
AR001482,EMP00262,Lisa White,Human Resources,ServiceNow,Admin,Bob Smith,True,2026-03-08 16:29:28.691680
AR001483,EMP00134,Marilyn Garcia,Operations,GitHub,Admin,Alice Johnson,True,2026-06-05 16:29:28.691680
AR001484,EMP00345,William Lewis,Engineering,AWS,Write,Alice Johnson,False,2026-04-09 16:29:28.691680
AR001485,EMP00224,Gina Williams,Finance,Active Directory,Write,Carol Davis,False,2025-09-17 16:29:28.691680
AR001486,EMP00122,Caitlin Williams,Legal,GitHub,Admin,Carol Davis,False,2026-01-14 16:29:28.691680
AR001487,EMP00430,Victor Everett,Engineering,ServiceNow,Read,Alice Johnson,True,2025-09-11 16:29:28.691680
AR001488,EMP00308,Christopher Grant,Finance,GitHub,Read,Alice Johnson,False,2026-07-18 16:29:28.691680
AR001489,EMP00101,Kirk Cortez,Legal,Salesforce,Admin,Alice Johnson,True,2026-03-25 16:29:28.691680
AR001490,EMP00301,Craig Simpson,Security,Salesforce,Write,Carol Davis,True,2026-03-07 16:29:28.691680
AR001491,EMP00119,Misty Brandt,Finance,Active Directory,Write,Bob Smith,False,2025-12-09 16:29:28.691680
AR001492,EMP00360,Haley Peterson,Security,Azure,Write,Bob Smith,True,2026-01-29 16:29:28.691680
AR001493,EMP00275,Michael Gutierrez,IT,Azure,Admin,Carol Davis,False,2025-10-15 16:29:28.691680
AR001494,EMP00065,Jeffrey Orozco,Legal,AWS,Write,Alice Johnson,False,2026-02-22 16:29:28.691680
AR001495,EMP00336,Kelsey Kramer,Security,AWS,Admin,Alice Johnson,True,2025-11-02 16:29:28.691680
AR001496,EMP00345,William Lewis,Engineering,Azure,Read,Carol Davis,False,2025-08-28 16:29:28.691680
AR001497,EMP00137,Heather Mccormick,IT,GitHub,Write,Bob Smith,True,2025-09-28 16:29:28.691680
AR001498,EMP00088,Tracey Rodriguez,Human Resources,Azure,Read,Bob Smith,False,2026-07-07 16:29:28.691680
AR001499,EMP00326,Jennifer Miller,Security,ServiceNow,Write,Carol Davis,False,2025-07-30 16:29:28.691680
AR001500,EMP00419,Brandon Barker,Engineering,Salesforce,Write,Carol Davis,False,2025-09-05 16:29:28.691680
AR001501,EMP00292,Annette Figueroa,Engineering,AWS,Admin,Bob Smith,True,2026-06-21 16:29:28.691680
AR001502,EMP00173,David Stephenson,Engineering,AWS,Read,Carol Davis,False,2025-09-08 16:29:28.691680
AR001503,EMP00176,Anthony Burns,Security,ServiceNow,Read,Bob Smith,True,2026-02-05 16:29:28.691680
AR001504,EMP00087,Steven Schneider,Operations,Salesforce,Admin,Alice Johnson,False,2026-04-30 16:29:28.691680
AR001505,EMP00108,Veronica Novak,Human Resources,AWS,Admin,Alice Johnson,True,2025-08-24 16:29:28.691680
AR001506,EMP00108,Veronica Novak,Human Resources,Active Directory,Admin,Alice Johnson,True,2025-12-07 16:29:28.691680
AR001507,EMP00418,Adam Brown,IT,ServiceNow,Admin,David Brown,False,2025-11-07 16:29:28.691680
AR001508,EMP00355,Terry Alexander,IT,Azure,Admin,David Brown,False,2026-03-05 16:29:28.691680
AR001509,EMP00167,Peter Contreras,Finance,ServiceNow,Read,Carol Davis,False,2025-10-19 16:29:28.691680
AR001510,EMP00118,Nicole Orr,Finance,Active Directory,Write,Bob Smith,False,2026-06-01 16:29:28.691680
AR001511,EMP00491,Melissa Knight,Engineering,ServiceNow,Read,Alice Johnson,True,2026-04-26 16:29:28.691680
AR001512,EMP00270,Dr. Michael Stevens,IT,GitHub,Admin,Bob Smith,True,2025-10-29 16:29:28.691680
AR001513,EMP00224,Gina Williams,Finance,Active Directory,Write,Bob Smith,True,2025-09-24 16:29:28.691680
AR001514,EMP00374,Patricia Patel,Security,GitHub,Admin,Alice Johnson,False,2026-01-16 16:29:28.691680
AR001515,EMP00477,William Pearson,Legal,ServiceNow,Read,David Brown,False,2025-12-17 16:29:28.691680
AR001516,EMP00166,Robert Patterson,Engineering,AWS,Admin,Alice Johnson,False,2026-07-05 16:29:28.691680
AR001517,EMP00162,Erica Garcia,Legal,Salesforce,Admin,Carol Davis,True,2026-04-23 16:29:28.691680
AR001518,EMP00385,Beth Nichols,Security,AWS,Write,David Brown,False,2026-02-02 16:29:28.691680
AR001519,EMP00107,Brittany Adams,Engineering,AWS,Read,Carol Davis,True,2025-10-02 16:29:28.691680
AR001520,EMP00186,Kelly Calhoun,IT,Active Directory,Admin,David Brown,False,2026-05-10 16:29:28.691680
AR001521,EMP00368,Melissa Michael,Finance,Azure,Read,Bob Smith,True,2026-06-27 16:29:28.691680
AR001522,EMP00203,Colleen Walker,Engineering,Active Directory,Admin,Carol Davis,True,2026-03-12 16:29:28.691680
AR001523,EMP00040,Daniel Chavez,Operations,ServiceNow,Read,Alice Johnson,False,2025-08-20 16:29:28.691680
AR001524,EMP00307,Theresa Summers,Engineering,Azure,Write,Carol Davis,True,2026-02-25 16:29:28.691680
AR001525,EMP00140,Samantha Erickson,Finance,Azure,Write,Carol Davis,False,2025-09-01 16:29:28.691680
AR001526,EMP00086,Kimberly Castillo,Security,Azure,Read,David Brown,False,2026-02-04 16:29:28.691680
AR001527,EMP00489,Nicholas Gonzales,Security,GitHub,Write,Bob Smith,True,2026-06-16 16:29:28.691680
AR001528,EMP00085,Kathleen Lynch,Human Resources,Azure,Read,David Brown,False,2025-09-23 16:29:28.691680
AR001529,EMP00477,William Pearson,Legal,Azure,Admin,David Brown,True,2026-05-01 16:29:28.691680
AR001530,EMP00424,Monica Miller,Human Resources,ServiceNow,Write,Carol Davis,True,2025-12-09 16:29:28.691680
AR001531,EMP00261,Michael Carpenter,Human Resources,Salesforce,Read,Bob Smith,False,2025-10-23 16:29:28.691680
AR001532,EMP00151,Paige Harrington,Operations,Salesforce,Write,David Brown,True,2026-04-30 16:29:28.691680
AR001533,EMP00214,Robin Smith,Human Resources,Salesforce,Admin,David Brown,True,2025-08-14 16:29:28.691680
AR001534,EMP00453,Steven Lee,Human Resources,Active Directory,Admin,Carol Davis,False,2026-01-05 16:29:28.691680
AR001535,EMP00330,Sharon Crawford,Legal,Salesforce,Admin,Carol Davis,True,2025-12-09 16:29:28.691680
AR001536,EMP00073,William Velasquez,Human Resources,AWS,Write,Bob Smith,False,2025-09-09 16:29:28.691680
AR001537,EMP00260,Thomas Allen,Human Resources,Azure,Admin,Bob Smith,False,2026-07-27 16:29:28.691680
AR001538,EMP00053,Daniel Durham,Finance,ServiceNow,Admin,Bob Smith,True,2026-01-10 16:29:28.691680
AR001539,EMP00159,Andrew Roberts,Operations,GitHub,Read,David Brown,False,2026-04-12 16:29:28.691680
AR001540,EMP00088,Tracey Rodriguez,Human Resources,Azure,Admin,Alice Johnson,False,2025-10-11 16:29:28.691680
AR001541,EMP00188,Melissa Hubbard,Human Resources,Salesforce,Read,David Brown,False,2025-10-26 16:29:28.691680
AR001542,EMP00462,Michael Graham,Engineering,Active Directory,Write,Bob Smith,True,2025-11-09 16:29:28.691680
AR001543,EMP00048,Brian Travis,Security,Active Directory,Admin,Alice Johnson,False,2025-08-21 16:29:28.691680
AR001544,EMP00239,Jimmy Hernandez,Operations,Salesforce,Write,David Brown,True,2025-08-07 16:29:28.691680
AR001545,EMP00039,Deborah Marks,Operations,AWS,Admin,Bob Smith,True,2026-05-08 16:29:28.691680
AR001546,EMP00096,Lauren Jensen,Human Resources,Salesforce,Read,Carol Davis,True,2026-03-29 16:29:28.691680
AR001547,EMP00243,Patricia Simpson,Engineering,ServiceNow,Read,Carol Davis,False,2026-05-02 16:29:28.691680
AR001548,EMP00285,Heather Carter,Human Resources,GitHub,Admin,Alice Johnson,True,2026-02-06 16:29:28.691680
AR001549,EMP00273,Matthew Lozano,Finance,ServiceNow,Write,Bob Smith,True,2026-05-24 16:29:28.691680
AR001550,EMP00044,Rebecca Glenn,Finance,Active Directory,Read,Bob Smith,False,2026-02-27 16:29:28.691680
AR001551,EMP00500,Daniel Hall,Human Resources,Active Directory,Read,David Brown,True,2026-03-24 16:29:28.691680
AR001552,EMP00254,Larry Garcia,IT,Active Directory,Admin,Alice Johnson,True,2026-02-13 16:29:28.691680
AR001553,EMP00341,Scott Lopez,Legal,Azure,Read,Carol Davis,False,2025-08-29 16:29:28.691680
AR001554,EMP00034,Mark Mason,Security,ServiceNow,Read,David Brown,False,2025-12-08 16:29:28.691680
AR001555,EMP00221,Marcus Fisher,Finance,ServiceNow,Read,Alice Johnson,False,2026-03-22 16:29:28.691680
AR001556,EMP00328,Stacey Barajas,Engineering,AWS,Admin,Alice Johnson,False,2025-07-31 16:29:28.691680
AR001557,EMP00430,Victor Everett,Engineering,Salesforce,Admin,Alice Johnson,True,2026-07-04 16:29:28.691680
AR001558,EMP00351,Sarah Pratt,Legal,AWS,Write,David Brown,True,2026-06-23 16:29:28.691680
AR001559,EMP00348,Laura Neal,Operations,GitHub,Admin,Carol Davis,True,2025-08-10 16:29:28.691680
AR001560,EMP00088,Tracey Rodriguez,Human Resources,ServiceNow,Read,Carol Davis,True,2025-12-25 16:29:28.691680
AR001561,EMP00160,Tammy Rodriguez,Legal,Azure,Read,Bob Smith,False,2025-10-19 16:29:28.691680
AR001562,EMP00255,Monica Lee,IT,Azure,Write,Carol Davis,False,2026-07-01 16:29:28.691680
AR001563,EMP00276,Christopher Cuevas,Engineering,Active Directory,Write,Alice Johnson,False,2026-01-11 16:29:28.691680
AR001564,EMP00374,Patricia Patel,Security,Azure,Read,David Brown,True,2026-03-03 16:29:28.691680
AR001565,EMP00230,Michael Morales,IT,Azure,Write,Bob Smith,True,2026-06-28 16:29:28.691680
AR001566,EMP00066,Steven English,Engineering,Salesforce,Admin,David Brown,False,2025-08-22 16:29:28.691680
AR001567,EMP00202,Shirley Baird,Human Resources,AWS,Write,David Brown,False,2025-10-03 16:29:28.691680
AR001568,EMP00055,Benjamin White,IT,Azure,Read,Carol Davis,False,2025-12-03 16:29:28.691680
AR001569,EMP00389,Elizabeth Patel,Security,ServiceNow,Read,Alice Johnson,True,2026-02-26 16:29:28.691680
AR001570,EMP00196,Melissa Dudley,Engineering,Azure,Admin,Carol Davis,False,2025-11-20 16:29:28.691680
AR001571,EMP00447,Kevin Frederick,Security,Azure,Admin,Bob Smith,True,2025-10-10 16:29:28.691680
AR001572,EMP00117,Steven Burton,Operations,GitHub,Read,Alice Johnson,False,2025-09-02 16:29:28.691680
AR001573,EMP00390,Sherri Vance,Legal,GitHub,Read,Bob Smith,True,2026-05-17 16:29:28.691680
AR001574,EMP00259,Margaret Allen,Legal,Active Directory,Admin,David Brown,False,2026-04-13 16:29:28.691680
AR001575,EMP00358,Martha Mcgee,IT,Salesforce,Read,David Brown,False,2026-01-19 16:29:28.691680
AR001576,EMP00029,Jeffrey Sullivan,IT,Salesforce,Read,Bob Smith,False,2025-12-12 16:29:28.691680
AR001577,EMP00005,Jennifer Sanders,Legal,AWS,Read,Carol Davis,False,2025-08-24 16:29:28.691680
AR001578,EMP00137,Heather Mccormick,IT,ServiceNow,Read,Carol Davis,True,2026-07-09 16:29:28.691680
AR001579,EMP00301,Craig Simpson,Security,ServiceNow,Admin,David Brown,True,2026-05-25 16:29:28.691680
AR001580,EMP00460,Maureen Lopez,Security,AWS,Admin,Bob Smith,False,2026-05-21 16:29:28.691680
AR001581,EMP00076,Barbara Reynolds,Human Resources,ServiceNow,Admin,Bob Smith,False,2025-08-13 16:29:28.691680
AR001582,EMP00212,Sean Franco,IT,ServiceNow,Admin,Carol Davis,True,2026-02-08 16:29:28.691680
AR001583,EMP00185,Barry Thompson,Human Resources,ServiceNow,Admin,Bob Smith,True,2026-01-25 16:29:28.691680
AR001584,EMP00178,Kelsey Long,Finance,GitHub,Read,Bob Smith,False,2025-12-21 16:29:28.691680
AR001585,EMP00157,Nicole Knox,Legal,ServiceNow,Admin,Carol Davis,False,2026-04-15 16:29:28.691680
AR001586,EMP00051,Richard Velez,Legal,Active Directory,Write,Bob Smith,False,2025-09-29 16:29:28.691680
AR001587,EMP00347,Carlos Smith,Legal,Azure,Read,Bob Smith,False,2026-01-08 16:29:28.691680
AR001588,EMP00009,Hayden Young,IT,GitHub,Write,Bob Smith,True,2025-09-23 16:29:28.691680
AR001589,EMP00489,Nicholas Gonzales,Security,Active Directory,Write,Bob Smith,False,2025-12-28 16:29:28.691680
AR001590,EMP00362,Nancy Boyd,Operations,Azure,Write,David Brown,False,2026-03-22 16:29:28.691680
AR001591,EMP00018,Katherine Adams,Human Resources,ServiceNow,Write,David Brown,True,2026-07-20 16:29:28.691680
AR001592,EMP00364,Eric Wilcox,IT,ServiceNow,Read,Carol Davis,False,2025-11-25 16:29:28.691680
AR001593,EMP00091,Daniel Ramos,Operations,Salesforce,Write,Alice Johnson,False,2026-04-01 16:29:28.691680
AR001594,EMP00241,Jacob Powell Jr.,Legal,Salesforce,Read,Bob Smith,True,2025-11-13 16:29:28.691680
AR001595,EMP00495,Sarah Woods,Finance,GitHub,Read,Alice Johnson,True,2026-02-08 16:29:28.691680
AR001596,EMP00245,Sarah Jefferson,Operations,Active Directory,Write,Carol Davis,False,2026-01-30 16:29:28.691680
AR001597,EMP00437,Elizabeth Sanchez,Legal,Azure,Admin,Bob Smith,True,2025-08-04 16:29:28.691680
AR001598,EMP00355,Terry Alexander,IT,Salesforce,Admin,David Brown,False,2026-04-09 16:29:28.691680
AR001599,EMP00032,Jeremiah Bryant,Human Resources,Active Directory,Admin,David Brown,False,2026-03-30 16:29:28.691680
AR001600,EMP00127,Frank Roy,Human Resources,Salesforce,Write,Bob Smith,False,2026-07-25 16:29:28.691680
AR001601,EMP00244,William Jackson,IT,Azure,Read,Bob Smith,False,2026-01-03 16:29:28.691680
AR001602,EMP00350,Brandon Allison,Engineering,GitHub,Write,Carol Davis,True,2025-10-27 16:29:28.691680
AR001603,EMP00212,Sean Franco,IT,Active Directory,Write,Bob Smith,False,2026-01-08 16:29:28.691680
AR001604,EMP00284,David Miller,IT,GitHub,Admin,Bob Smith,False,2026-03-31 16:29:28.691680
AR001605,EMP00357,Kimberly Scott,Operations,Azure,Write,Bob Smith,False,2025-11-04 16:29:28.691680
AR001606,EMP00227,Bethany Patel,Human Resources,ServiceNow,Write,David Brown,False,2026-06-28 16:29:28.691680
AR001607,EMP00296,Richard Richardson,Finance,Active Directory,Write,Bob Smith,False,2025-10-15 16:29:28.691680
AR001608,EMP00431,Mark King,Human Resources,GitHub,Admin,David Brown,False,2025-08-20 16:29:28.691680
AR001609,EMP00365,Mary Jones,Human Resources,GitHub,Admin,Alice Johnson,True,2025-08-01 16:29:28.691680
AR001610,EMP00127,Frank Roy,Human Resources,Azure,Write,David Brown,False,2026-02-10 16:29:28.691680
AR001611,EMP00217,Monica Castillo,Legal,GitHub,Admin,Bob Smith,False,2025-09-28 16:29:28.691680
AR001612,EMP00315,Colleen Cochran,Operations,AWS,Read,Bob Smith,False,2026-06-14 16:29:28.691680
AR001613,EMP00101,Kirk Cortez,Legal,GitHub,Admin,Alice Johnson,False,2025-11-30 16:29:28.691680
AR001614,EMP00300,Nicole Reed,Finance,Azure,Read,Carol Davis,False,2026-06-02 16:29:28.691680
AR001615,EMP00035,Jonathan Solis,Human Resources,AWS,Write,Alice Johnson,False,2026-06-04 16:29:28.691680
AR001616,EMP00373,David Oneill,Security,Salesforce,Write,Alice Johnson,True,2025-09-20 16:29:28.691680
AR001617,EMP00325,Joshua Cook,IT,ServiceNow,Read,Bob Smith,True,2026-02-12 16:29:28.691680
AR001618,EMP00263,Alexis Roberts,Finance,Active Directory,Read,Alice Johnson,False,2026-04-12 16:29:28.691680
AR001619,EMP00147,Jeffery Moore,Operations,AWS,Write,David Brown,False,2026-03-11 16:29:28.691680
AR001620,EMP00378,Norman Jackson,Human Resources,GitHub,Write,Bob Smith,True,2025-09-25 16:29:28.691680
AR001621,EMP00449,Jamie Robinson,Engineering,AWS,Read,Carol Davis,True,2025-08-06 16:29:28.691680
AR001622,EMP00119,Misty Brandt,Finance,Azure,Admin,Alice Johnson,True,2025-09-03 16:29:28.691680
AR001623,EMP00008,Nathaniel Green,Operations,Active Directory,Read,Alice Johnson,False,2026-05-06 16:29:28.691680
AR001624,EMP00451,James Watson,Legal,GitHub,Read,Carol Davis,False,2025-11-17 16:29:28.691680
AR001625,EMP00231,Tracy Sanders,Finance,Azure,Admin,David Brown,False,2025-12-18 16:29:28.691680
AR001626,EMP00238,Vincent Morris,IT,GitHub,Read,Carol Davis,True,2025-12-08 16:29:28.691680
AR001627,EMP00014,Samantha Valdez,Operations,AWS,Read,Bob Smith,True,2025-08-09 16:29:28.691680
AR001628,EMP00026,Shelly Mclaughlin,Finance,ServiceNow,Admin,David Brown,True,2026-03-20 16:29:28.691680
AR001629,EMP00468,Angela Irwin,IT,Salesforce,Admin,Carol Davis,True,2026-05-03 16:29:28.691680
AR001630,EMP00394,Matthew Dyer,Legal,Azure,Admin,David Brown,False,2025-07-30 16:29:28.691680
AR001631,EMP00003,Natasha Obrien,Engineering,Active Directory,Write,Alice Johnson,False,2025-12-27 16:29:28.691680
AR001632,EMP00142,Brian Gilmore,Legal,Active Directory,Read,Alice Johnson,True,2025-09-17 16:29:28.691680
AR001633,EMP00321,Dr. Shari Waters MD,Legal,Salesforce,Write,Bob Smith,False,2026-06-11 16:29:28.691680
AR001634,EMP00408,Mrs. Mary Brown,Human Resources,ServiceNow,Write,David Brown,True,2026-01-27 16:29:28.691680
AR001635,EMP00298,Patricia Potter,Human Resources,AWS,Write,Carol Davis,False,2025-10-28 16:29:28.691680
AR001636,EMP00195,Aaron Anderson,Human Resources,Salesforce,Read,David Brown,False,2026-06-08 16:29:28.691680
AR001637,EMP00116,Penny Frazier,Human Resources,Azure,Read,David Brown,False,2026-04-15 16:29:28.691680
AR001638,EMP00189,Joseph Austin,Legal,AWS,Read,Carol Davis,False,2025-12-28 16:29:28.691680
AR001639,EMP00071,William Maldonado,Human Resources,ServiceNow,Read,Bob Smith,True,2026-02-01 16:29:28.691680
AR001640,EMP00185,Barry Thompson,Human Resources,Active Directory,Admin,David Brown,True,2025-07-29 16:29:28.691680
AR001641,EMP00296,Richard Richardson,Finance,Azure,Admin,Carol Davis,False,2026-01-15 16:29:28.691680
AR001642,EMP00072,Austin Miller,Security,ServiceNow,Write,Alice Johnson,True,2025-11-20 16:29:28.691680
AR001643,EMP00207,Robert Ford,Legal,AWS,Write,David Brown,True,2025-10-08 16:29:28.691680
AR001644,EMP00389,Elizabeth Patel,Security,Azure,Write,Carol Davis,False,2025-10-30 16:29:28.691680
AR001645,EMP00252,Nicholas Taylor,Security,AWS,Read,Carol Davis,False,2025-09-15 16:29:28.691680
AR001646,EMP00471,Daniel Harris,Engineering,Active Directory,Admin,Carol Davis,True,2025-12-20 16:29:28.691680
AR001647,EMP00365,Mary Jones,Human Resources,Salesforce,Write,David Brown,False,2026-03-01 16:29:28.691680
AR001648,EMP00045,Jose Williams,Engineering,ServiceNow,Read,David Brown,True,2025-11-23 16:29:28.691680
AR001649,EMP00240,Randy Gordon,Legal,Active Directory,Read,Alice Johnson,True,2025-09-27 16:29:28.691680
AR001650,EMP00120,Scott Lopez,Engineering,GitHub,Write,Alice Johnson,True,2025-11-04 16:29:28.691680
AR001651,EMP00052,Joshua Jones,Engineering,Active Directory,Read,David Brown,False,2026-07-21 16:29:28.691680
AR001652,EMP00302,Breanna Hester,Finance,ServiceNow,Read,Carol Davis,False,2026-01-26 16:29:28.691680
AR001653,EMP00324,Donna Smith,Finance,Active Directory,Admin,Carol Davis,True,2025-12-30 16:29:28.691680
AR001654,EMP00470,Teresa Guerrero,Finance,ServiceNow,Write,Bob Smith,False,2026-04-02 16:29:28.691680
AR001655,EMP00279,Christian Gomez,Finance,AWS,Write,Alice Johnson,True,2026-02-21 16:29:28.691680
AR001656,EMP00097,Mary Wyatt,Engineering,AWS,Read,Carol Davis,True,2025-11-05 16:29:28.691680
AR001657,EMP00280,Benjamin Gray,Legal,Active Directory,Admin,Alice Johnson,True,2026-05-08 16:29:28.691680
AR001658,EMP00343,Dominique Franklin,Security,GitHub,Read,Alice Johnson,True,2026-05-10 16:29:28.691680
AR001659,EMP00135,Steven Dunn,Engineering,Salesforce,Write,David Brown,False,2025-08-16 16:29:28.691680
AR001660,EMP00379,Michael White,Engineering,GitHub,Admin,Bob Smith,True,2026-06-05 16:29:28.691680
AR001661,EMP00247,David Shah,Finance,AWS,Admin,David Brown,True,2026-05-02 16:29:28.691680
AR001662,EMP00429,Jessica Nunez,Engineering,Salesforce,Admin,Carol Davis,False,2026-02-11 16:29:28.691680
AR001663,EMP00213,Gregory Lyons,IT,Salesforce,Read,Carol Davis,True,2026-06-27 16:29:28.691680
AR001664,EMP00400,Cheryl Ballard,Human Resources,Azure,Read,Carol Davis,False,2025-12-20 16:29:28.691680
AR001665,EMP00386,Shawn Leblanc,Human Resources,GitHub,Read,Carol Davis,False,2026-07-03 16:29:28.691680
AR001666,EMP00365,Mary Jones,Human Resources,ServiceNow,Write,Carol Davis,False,2026-02-03 16:29:28.691680
AR001667,EMP00413,John Foster,IT,GitHub,Write,Alice Johnson,False,2025-11-22 16:29:28.691680
AR001668,EMP00344,Kent Carter,Finance,ServiceNow,Write,Alice Johnson,False,2026-04-27 16:29:28.691680
AR001669,EMP00258,Denise Williams,Human Resources,Azure,Read,David Brown,False,2025-08-19 16:29:28.691680
AR001670,EMP00445,Patricia Joseph,Finance,ServiceNow,Read,Bob Smith,False,2026-02-15 16:29:28.691680
AR001671,EMP00130,Michele Thomas,IT,Salesforce,Admin,Bob Smith,True,2025-11-01 16:29:28.691680
AR001672,EMP00341,Scott Lopez,Legal,ServiceNow,Admin,David Brown,True,2026-02-19 16:29:28.691680
AR001673,EMP00006,Austin Benson,Legal,Active Directory,Admin,Bob Smith,True,2026-07-06 16:29:28.691680
AR001674,EMP00084,Stephanie Wyatt,Security,GitHub,Write,Carol Davis,False,2025-11-09 16:29:28.691680
AR001675,EMP00214,Robin Smith,Human Resources,ServiceNow,Write,David Brown,True,2026-07-06 16:29:28.691680
AR001676,EMP00480,Joshua Davis,Engineering,Active Directory,Write,Carol Davis,True,2025-11-21 16:29:28.691680
AR001677,EMP00366,Stacey Jimenez,Security,Salesforce,Read,Alice Johnson,True,2025-12-11 16:29:28.691680
AR001678,EMP00053,Daniel Durham,Finance,Salesforce,Read,David Brown,False,2026-07-28 16:29:28.691680
AR001679,EMP00162,Erica Garcia,Legal,AWS,Write,David Brown,True,2026-05-02 16:29:28.691680
AR001680,EMP00126,Isabel Perez,Engineering,AWS,Admin,Bob Smith,True,2025-12-23 16:29:28.691680
AR001681,EMP00254,Larry Garcia,IT,Active Directory,Read,Bob Smith,True,2025-08-20 16:29:28.691680
AR001682,EMP00292,Annette Figueroa,Engineering,Active Directory,Write,Alice Johnson,True,2026-02-19 16:29:28.691680
AR001683,EMP00343,Dominique Franklin,Security,Active Directory,Admin,David Brown,False,2025-11-07 16:29:28.691680
AR001684,EMP00085,Kathleen Lynch,Human Resources,ServiceNow,Write,Carol Davis,True,2026-05-29 16:29:28.691680
AR001685,EMP00193,Christina Richardson,Operations,GitHub,Read,Carol Davis,False,2026-02-12 16:29:28.691680
AR001686,EMP00244,William Jackson,IT,Salesforce,Write,Carol Davis,False,2026-05-10 16:29:28.691680
AR001687,EMP00176,Anthony Burns,Security,Salesforce,Admin,Carol Davis,False,2025-12-17 16:29:28.691680
AR001688,EMP00468,Angela Irwin,IT,Active Directory,Read,Bob Smith,False,2026-01-23 16:29:28.691680
AR001689,EMP00326,Jennifer Miller,Security,Azure,Write,Alice Johnson,True,2025-10-29 16:29:28.691680
AR001690,EMP00460,Maureen Lopez,Security,AWS,Read,Carol Davis,True,2026-02-06 16:29:28.691680
AR001691,EMP00403,Alexandra Hansen,Security,ServiceNow,Write,Carol Davis,True,2025-09-27 16:29:28.691680
AR001692,EMP00419,Brandon Barker,Engineering,GitHub,Admin,Carol Davis,True,2025-09-08 16:29:28.691680
AR001693,EMP00477,William Pearson,Legal,AWS,Admin,David Brown,True,2026-05-20 16:29:28.691680
AR001694,EMP00277,Jonathan Davis,Operations,Salesforce,Read,Carol Davis,True,2026-06-16 16:29:28.691680
AR001695,EMP00008,Nathaniel Green,Operations,AWS,Read,Bob Smith,True,2026-03-03 16:29:28.691680
AR001696,EMP00443,Michelle Richardson,Human Resources,Salesforce,Read,David Brown,False,2025-09-04 16:29:28.691680
AR001697,EMP00061,Joel Pitts,Engineering,Salesforce,Read,Bob Smith,True,2026-01-10 16:29:28.691680
AR001698,EMP00350,Brandon Allison,Engineering,GitHub,Read,Carol Davis,True,2025-12-10 16:29:28.691680
AR001699,EMP00492,Jonathan Reese,Operations,Azure,Write,Carol Davis,False,2026-01-02 16:29:28.691680
AR001700,EMP00004,Lisa Pierce,IT,Salesforce,Read,David Brown,False,2025-12-15 16:29:28.691680
AR001701,EMP00335,Paul Hansen,Finance,GitHub,Write,David Brown,True,2025-11-02 16:29:28.691680
AR001702,EMP00369,Robert French,Human Resources,AWS,Write,Bob Smith,True,2025-10-03 16:29:28.691680
AR001703,EMP00195,Aaron Anderson,Human Resources,Azure,Read,Alice Johnson,False,2025-10-07 16:29:28.691680
AR001704,EMP00275,Michael Gutierrez,IT,Azure,Read,David Brown,False,2026-07-11 16:29:28.691680
AR001705,EMP00498,Ricky Cook,Operations,ServiceNow,Read,Alice Johnson,False,2026-01-27 16:29:28.691680
AR001706,EMP00212,Sean Franco,IT,ServiceNow,Write,Alice Johnson,True,2026-06-27 16:29:28.691680
AR001707,EMP00058,Brian Velasquez,Operations,Azure,Write,Bob Smith,True,2025-11-18 16:29:28.691680
AR001708,EMP00076,Barbara Reynolds,Human Resources,Active Directory,Read,Carol Davis,False,2025-12-03 16:29:28.691680
AR001709,EMP00285,Heather Carter,Human Resources,AWS,Read,Carol Davis,True,2026-03-08 16:29:28.691680
AR001710,EMP00417,Ashley Taylor,IT,AWS,Admin,David Brown,False,2025-11-17 16:29:28.691680
AR001711,EMP00213,Gregory Lyons,IT,ServiceNow,Admin,Alice Johnson,True,2026-03-23 16:29:28.691680
AR001712,EMP00416,Victoria Silva,Legal,AWS,Write,Bob Smith,False,2026-04-15 16:29:28.691680
AR001713,EMP00228,Nancy Orozco,Finance,ServiceNow,Admin,Carol Davis,True,2025-10-01 16:29:28.691680
AR001714,EMP00185,Barry Thompson,Human Resources,Active Directory,Write,Bob Smith,True,2026-06-18 16:29:28.691680
AR001715,EMP00014,Samantha Valdez,Operations,Azure,Admin,Carol Davis,False,2025-12-04 16:29:28.691680
AR001716,EMP00389,Elizabeth Patel,Security,Salesforce,Write,Bob Smith,False,2025-08-23 16:29:28.691680
AR001717,EMP00051,Richard Velez,Legal,AWS,Read,David Brown,True,2025-10-16 16:29:28.691680
AR001718,EMP00237,Deborah Hall,Security,Salesforce,Admin,Bob Smith,False,2025-09-21 16:29:28.691680
AR001719,EMP00061,Joel Pitts,Engineering,Salesforce,Write,Bob Smith,True,2026-04-21 16:29:28.691680
AR001720,EMP00307,Theresa Summers,Engineering,AWS,Admin,Carol Davis,False,2025-10-07 16:29:28.691680
AR001721,EMP00363,Leslie Johnson,Operations,AWS,Write,Bob Smith,False,2026-02-24 16:29:28.691680
AR001722,EMP00062,Mariah Duncan,Finance,Salesforce,Admin,Carol Davis,False,2025-12-05 16:29:28.691680
AR001723,EMP00098,Susan Mckay,Human Resources,Active Directory,Write,Alice Johnson,False,2025-07-29 16:29:28.691680
AR001724,EMP00317,Caleb Myers,IT,ServiceNow,Read,Bob Smith,True,2025-10-28 16:29:28.691680
AR001725,EMP00066,Steven English,Engineering,GitHub,Admin,Alice Johnson,True,2026-06-05 16:29:28.691680
AR001726,EMP00094,Victoria Austin,Engineering,ServiceNow,Write,Carol Davis,True,2025-12-14 16:29:28.691680
AR001727,EMP00402,Clayton Baker,IT,ServiceNow,Admin,Carol Davis,True,2026-01-15 16:29:28.691680
AR001728,EMP00343,Dominique Franklin,Security,Active Directory,Read,Alice Johnson,True,2026-06-11 16:29:28.691680
AR001729,EMP00062,Mariah Duncan,Finance,AWS,Read,David Brown,True,2026-01-26 16:29:28.691680
AR001730,EMP00219,Robert Smith,Legal,ServiceNow,Read,David Brown,False,2026-05-31 16:29:28.691680
AR001731,EMP00168,Maxwell Munoz,IT,ServiceNow,Read,Bob Smith,False,2025-12-09 16:29:28.691680
AR001732,EMP00346,Alicia Howard,Legal,AWS,Admin,Carol Davis,False,2026-03-12 16:29:28.691680
AR001733,EMP00452,Maurice Martinez,Engineering,Active Directory,Admin,Alice Johnson,True,2026-03-31 16:29:28.691680
AR001734,EMP00418,Adam Brown,IT,Azure,Write,Alice Johnson,True,2025-08-09 16:29:28.691680
AR001735,EMP00228,Nancy Orozco,Finance,AWS,Read,Alice Johnson,True,2025-08-14 16:29:28.691680
AR001736,EMP00152,Amber Maddox,Operations,Salesforce,Read,Carol Davis,True,2025-12-16 16:29:28.691680
AR001737,EMP00299,Daniel Chambers,Finance,GitHub,Admin,David Brown,True,2026-07-19 16:29:28.691680
AR001738,EMP00115,Benjamin Thompson,IT,AWS,Write,Bob Smith,False,2026-03-11 16:29:28.691680
AR001739,EMP00292,Annette Figueroa,Engineering,Azure,Read,Alice Johnson,False,2025-11-15 16:29:28.691680
AR001740,EMP00249,Deborah George,Finance,Active Directory,Read,Alice Johnson,True,2026-02-22 16:29:28.691680
AR001741,EMP00436,Jill Patterson,IT,ServiceNow,Read,David Brown,False,2025-08-19 16:29:28.691680
AR001742,EMP00275,Michael Gutierrez,IT,ServiceNow,Write,Alice Johnson,True,2026-04-17 16:29:28.691680
AR001743,EMP00078,Deborah Cooper MD,Security,Salesforce,Write,Carol Davis,False,2026-01-29 16:29:28.691680
AR001744,EMP00235,Patty Camacho,IT,GitHub,Admin,David Brown,False,2026-01-01 16:29:28.691680
AR001745,EMP00416,Victoria Silva,Legal,ServiceNow,Write,David Brown,False,2026-06-05 16:29:28.691680
AR001746,EMP00380,Dennis Garrett,IT,ServiceNow,Read,Carol Davis,True,2025-11-26 16:29:28.691680
AR001747,EMP00274,Stephanie Landry,Security,Active Directory,Admin,Alice Johnson,True,2025-08-13 16:29:28.691680
AR001748,EMP00194,Samantha Whitaker,IT,GitHub,Write,Carol Davis,True,2025-09-14 16:29:28.691680
AR001749,EMP00198,Crystal Flores,IT,Azure,Read,David Brown,True,2026-03-20 16:29:28.691680
AR001750,EMP00334,Kelly Reese,Human Resources,GitHub,Admin,Alice Johnson,False,2026-07-26 16:29:28.691680
AR001751,EMP00415,Dave Gutierrez,Human Resources,Active Directory,Write,Bob Smith,False,2026-05-07 16:29:28.691680
AR001752,EMP00421,Michael Johnson,Security,ServiceNow,Write,David Brown,False,2026-02-22 16:29:28.691680
AR001753,EMP00167,Peter Contreras,Finance,Salesforce,Read,Carol Davis,False,2025-11-09 16:29:28.691680
AR001754,EMP00226,Lynn Mercado,Operations,Active Directory,Write,Bob Smith,False,2025-11-29 16:29:28.691680
AR001755,EMP00209,Sherry Hale,IT,GitHub,Read,David Brown,False,2026-01-09 16:29:28.691680
AR001756,EMP00206,Laura Cook,Operations,AWS,Read,Alice Johnson,True,2025-10-26 16:29:28.691680
AR001757,EMP00356,Veronica Diaz,Human Resources,Azure,Write,Bob Smith,False,2026-05-25 16:29:28.691680
AR001758,EMP00104,Leonard Davis,Security,GitHub,Admin,Bob Smith,False,2026-01-05 16:29:28.691680
AR001759,EMP00355,Terry Alexander,IT,AWS,Admin,Bob Smith,False,2026-02-04 16:29:28.691680
AR001760,EMP00154,Robert Howell,Legal,Azure,Read,Carol Davis,False,2025-09-20 16:29:28.691680
AR001761,EMP00351,Sarah Pratt,Legal,Azure,Admin,Bob Smith,True,2025-12-02 16:29:28.691680
AR001762,EMP00409,Jessica Warner,Security,AWS,Admin,Bob Smith,False,2025-09-02 16:29:28.691680
AR001763,EMP00439,Mia Davis,IT,Active Directory,Read,Carol Davis,True,2025-11-08 16:29:28.691680
AR001764,EMP00070,Brooke Proctor,Engineering,GitHub,Read,Alice Johnson,True,2025-12-25 16:29:28.691680
AR001765,EMP00223,Michelle Miller,Finance,Active Directory,Read,Carol Davis,True,2026-03-08 16:29:28.691680
AR001766,EMP00487,Jason Richardson,IT,Active Directory,Admin,Alice Johnson,True,2026-02-22 16:29:28.691680
AR001767,EMP00385,Beth Nichols,Security,Active Directory,Admin,Bob Smith,True,2025-08-06 16:29:28.691680
AR001768,EMP00213,Gregory Lyons,IT,Active Directory,Admin,Alice Johnson,False,2026-07-18 16:29:28.691680
AR001769,EMP00092,Micheal Barajas,Security,Azure,Read,David Brown,True,2025-12-31 16:29:28.691680
AR001770,EMP00137,Heather Mccormick,IT,Salesforce,Admin,Carol Davis,True,2026-03-29 16:29:28.691680
AR001771,EMP00163,Misty Rice,IT,GitHub,Write,David Brown,False,2025-09-09 16:29:28.691680
AR001772,EMP00218,Rebecca Burns,Human Resources,Azure,Admin,David Brown,False,2025-11-27 16:29:28.691680
AR001773,EMP00345,William Lewis,Engineering,GitHub,Write,David Brown,True,2026-07-16 16:29:28.691680
AR001774,EMP00075,James White,Legal,Active Directory,Write,Carol Davis,False,2026-06-15 16:29:28.691680
AR001775,EMP00168,Maxwell Munoz,IT,Salesforce,Read,Alice Johnson,False,2026-03-15 16:29:28.691680
AR001776,EMP00382,Elizabeth Lang,Human Resources,ServiceNow,Read,Carol Davis,True,2025-10-08 16:29:28.691680
AR001777,EMP00297,Jonathan Hampton,Finance,Active Directory,Admin,Bob Smith,True,2025-08-02 16:29:28.691680
AR001778,EMP00418,Adam Brown,IT,GitHub,Read,Carol Davis,False,2026-07-28 16:29:28.691680
AR001779,EMP00354,Monica Craig,Human Resources,ServiceNow,Admin,David Brown,True,2025-10-28 16:29:28.691680
AR001780,EMP00258,Denise Williams,Human Resources,ServiceNow,Admin,Carol Davis,True,2026-04-27 16:29:28.691680
AR001781,EMP00253,Richard Bailey,Engineering,GitHub,Admin,David Brown,False,2026-06-04 16:29:28.691680
AR001782,EMP00268,Justin Blankenship,Human Resources,Salesforce,Read,Bob Smith,False,2025-09-18 16:29:28.691680
AR001783,EMP00247,David Shah,Finance,Active Directory,Admin,Bob Smith,False,2026-05-31 16:29:28.691680
AR001784,EMP00151,Paige Harrington,Operations,Active Directory,Write,Alice Johnson,False,2025-10-23 16:29:28.691680
AR001785,EMP00082,Ian Wright,Finance,GitHub,Admin,David Brown,True,2025-09-20 16:29:28.691680
AR001786,EMP00116,Penny Frazier,Human Resources,Active Directory,Admin,Alice Johnson,False,2026-03-26 16:29:28.691680
AR001787,EMP00329,Danielle Anderson MD,Engineering,GitHub,Write,David Brown,True,2025-12-03 16:29:28.691680
AR001788,EMP00478,Charles Henderson,IT,Salesforce,Read,Bob Smith,False,2026-01-05 16:29:28.691680
AR001789,EMP00160,Tammy Rodriguez,Legal,Azure,Write,Alice Johnson,False,2025-10-20 16:29:28.691680
AR001790,EMP00485,Anthony Gaines,Operations,GitHub,Read,Alice Johnson,False,2025-10-31 16:29:28.691680
AR001791,EMP00444,Sarah Shelton,Operations,AWS,Admin,David Brown,False,2026-02-25 16:29:28.691680
AR001792,EMP00041,Jody Burton,Engineering,ServiceNow,Read,Alice Johnson,False,2026-01-15 16:29:28.691680
AR001793,EMP00422,Matthew Wright,Operations,Azure,Read,Carol Davis,False,2026-07-01 16:29:28.691680
AR001794,EMP00171,Kelly Flores,Finance,GitHub,Admin,Alice Johnson,True,2026-07-11 16:29:28.691680
AR001795,EMP00372,Jessica Hill,Engineering,Azure,Write,Carol Davis,True,2026-05-19 16:29:28.691680
AR001796,EMP00245,Sarah Jefferson,Operations,Salesforce,Read,Bob Smith,True,2025-10-01 16:29:28.691680
AR001797,EMP00495,Sarah Woods,Finance,AWS,Read,Carol Davis,False,2026-04-04 16:29:28.691680
AR001798,EMP00149,Sabrina Hoffman,IT,GitHub,Write,David Brown,False,2026-02-28 16:29:28.691680
AR001799,EMP00363,Leslie Johnson,Operations,GitHub,Write,Bob Smith,True,2026-01-20 16:29:28.691680
AR001800,EMP00372,Jessica Hill,Engineering,AWS,Read,Bob Smith,True,2026-07-08 16:29:28.691680
AR001801,EMP00137,Heather Mccormick,IT,ServiceNow,Admin,David Brown,False,2025-12-07 16:29:28.691680
AR001802,EMP00348,Laura Neal,Operations,Salesforce,Read,Bob Smith,True,2026-04-06 16:29:28.691680
AR001803,EMP00317,Caleb Myers,IT,AWS,Write,Alice Johnson,False,2025-10-24 16:29:28.691680
AR001804,EMP00301,Craig Simpson,Security,ServiceNow,Write,Bob Smith,True,2026-03-16 16:29:28.691680
AR001805,EMP00467,Elaine Rice,Security,Salesforce,Write,Bob Smith,True,2025-08-24 16:29:28.691680
AR001806,EMP00140,Samantha Erickson,Finance,Azure,Admin,David Brown,False,2026-01-12 16:29:28.691680
AR001807,EMP00442,Autumn Taylor,Operations,Azure,Admin,Carol Davis,True,2025-08-25 16:29:28.691680
AR001808,EMP00072,Austin Miller,Security,ServiceNow,Write,Carol Davis,False,2025-12-23 16:29:28.691680
AR001809,EMP00052,Joshua Jones,Engineering,ServiceNow,Admin,Bob Smith,True,2026-02-27 16:29:28.691680
AR001810,EMP00490,Brandon Bradford,Human Resources,GitHub,Admin,David Brown,True,2025-11-14 16:29:28.691680
AR001811,EMP00304,Martin Whitaker,IT,Azure,Read,Alice Johnson,False,2026-01-26 16:29:28.691680
AR001812,EMP00002,Curtis Archer,Security,AWS,Write,Alice Johnson,False,2025-12-18 16:29:28.691680
AR001813,EMP00244,William Jackson,IT,ServiceNow,Write,Alice Johnson,True,2025-09-27 16:29:28.691680
AR001814,EMP00308,Christopher Grant,Finance,GitHub,Admin,David Brown,True,2026-03-16 16:29:28.691680
AR001815,EMP00254,Larry Garcia,IT,ServiceNow,Admin,Carol Davis,False,2025-09-05 16:29:28.691680
AR001816,EMP00488,Christopher Perez,Security,ServiceNow,Admin,Carol Davis,False,2025-08-04 16:29:28.691680
AR001817,EMP00089,Andrew Schmidt,Human Resources,GitHub,Admin,David Brown,False,2026-01-14 16:29:28.691680
AR001818,EMP00326,Jennifer Miller,Security,GitHub,Read,Carol Davis,True,2026-02-12 16:29:28.691680
AR001819,EMP00321,Dr. Shari Waters MD,Legal,AWS,Admin,Bob Smith,False,2026-03-03 16:29:28.691680
AR001820,EMP00485,Anthony Gaines,Operations,Azure,Read,Carol Davis,True,2026-07-07 16:29:28.691680
AR001821,EMP00408,Mrs. Mary Brown,Human Resources,Salesforce,Admin,Carol Davis,True,2025-08-21 16:29:28.691680
AR001822,EMP00394,Matthew Dyer,Legal,ServiceNow,Admin,Alice Johnson,False,2026-04-13 16:29:28.691680
AR001823,EMP00053,Daniel Durham,Finance,AWS,Read,Bob Smith,True,2026-07-19 16:29:28.691680
AR001824,EMP00183,Andrew Bartlett,IT,Salesforce,Read,Alice Johnson,True,2025-11-17 16:29:28.691680
AR001825,EMP00136,Luke Marshall,Finance,Salesforce,Write,Alice Johnson,False,2025-08-05 16:29:28.691680
AR001826,EMP00050,Mr. Ronald Wright,IT,Azure,Admin,David Brown,False,2025-11-17 16:29:28.691680
AR001827,EMP00022,Jim Cox,Human Resources,GitHub,Admin,David Brown,False,2025-11-13 16:29:28.691680
AR001828,EMP00311,Mark Deleon,Security,ServiceNow,Admin,Bob Smith,True,2025-11-27 16:29:28.691680
AR001829,EMP00495,Sarah Woods,Finance,AWS,Write,Bob Smith,True,2025-11-22 16:29:28.691680
AR001830,EMP00377,Vanessa Winters,Operations,Active Directory,Read,Carol Davis,True,2025-11-12 16:29:28.691680
AR001831,EMP00070,Brooke Proctor,Engineering,Active Directory,Write,Carol Davis,True,2025-08-29 16:29:28.691680
AR001832,EMP00178,Kelsey Long,Finance,Active Directory,Write,David Brown,False,2025-09-21 16:29:28.691680
AR001833,EMP00310,Lauren Tanner,Finance,GitHub,Admin,Alice Johnson,True,2025-08-16 16:29:28.691680
AR001834,EMP00378,Norman Jackson,Human Resources,GitHub,Admin,Bob Smith,True,2025-11-30 16:29:28.691680
AR001835,EMP00492,Jonathan Reese,Operations,ServiceNow,Admin,David Brown,False,2025-11-01 16:29:28.691680
AR001836,EMP00336,Kelsey Kramer,Security,AWS,Read,Carol Davis,True,2026-01-22 16:29:28.691680
AR001837,EMP00361,Michael Thomas,Security,Azure,Write,Alice Johnson,True,2026-01-19 16:29:28.691680
AR001838,EMP00003,Natasha Obrien,Engineering,AWS,Admin,Bob Smith,True,2025-10-05 16:29:28.691680
AR001839,EMP00246,Jennifer Bates,Legal,Salesforce,Write,Carol Davis,False,2026-04-23 16:29:28.691680
AR001840,EMP00373,David Oneill,Security,Azure,Read,Alice Johnson,False,2026-04-19 16:29:28.691680
AR001841,EMP00049,Mrs. Kara Holt,Human Resources,ServiceNow,Admin,Carol Davis,True,2026-01-16 16:29:28.691680
AR001842,EMP00358,Martha Mcgee,IT,AWS,Admin,Bob Smith,False,2025-08-08 16:29:28.691680
AR001843,EMP00436,Jill Patterson,IT,AWS,Admin,Carol Davis,False,2026-03-09 16:29:28.691680
AR001844,EMP00191,Kristy Cruz,Security,Azure,Read,Bob Smith,True,2025-09-05 16:29:28.691680
AR001845,EMP00267,Anthony Alexander,Finance,Active Directory,Write,Alice Johnson,True,2026-01-30 16:29:28.691680
AR001846,EMP00224,Gina Williams,Finance,ServiceNow,Write,Carol Davis,True,2026-01-10 16:29:28.691680
AR001847,EMP00386,Shawn Leblanc,Human Resources,ServiceNow,Write,Carol Davis,False,2026-02-21 16:29:28.691680
AR001848,EMP00150,Kyle Cain,Security,GitHub,Read,David Brown,False,2025-10-31 16:29:28.691680
AR001849,EMP00197,Brandon West,Finance,GitHub,Write,David Brown,False,2025-08-10 16:29:28.691680
AR001850,EMP00041,Jody Burton,Engineering,Active Directory,Read,Carol Davis,True,2026-07-15 16:29:28.691680
AR001851,EMP00152,Amber Maddox,Operations,Azure,Write,Bob Smith,False,2025-08-16 16:29:28.691680
AR001852,EMP00120,Scott Lopez,Engineering,AWS,Admin,David Brown,False,2025-08-31 16:29:28.691680
AR001853,EMP00487,Jason Richardson,IT,GitHub,Admin,David Brown,False,2026-05-17 16:29:28.691680
AR001854,EMP00276,Christopher Cuevas,Engineering,Salesforce,Read,Bob Smith,True,2026-05-02 16:29:28.691680
AR001855,EMP00400,Cheryl Ballard,Human Resources,ServiceNow,Write,Alice Johnson,True,2025-08-06 16:29:28.691680
AR001856,EMP00474,Ricardo Perez,Legal,AWS,Admin,Carol Davis,False,2025-08-07 16:29:28.691680
AR001857,EMP00068,Sean Reyes,Human Resources,GitHub,Admin,Alice Johnson,True,2025-09-27 16:29:28.691680
AR001858,EMP00290,Emily Nelson,Human Resources,Salesforce,Write,Bob Smith,True,2025-12-08 16:29:28.691680
AR001859,EMP00414,Michael Bishop,Operations,Salesforce,Admin,Bob Smith,False,2026-06-08 16:29:28.691680
AR001860,EMP00321,Dr. Shari Waters MD,Legal,Azure,Read,Alice Johnson,False,2026-05-06 16:29:28.691680
AR001861,EMP00416,Victoria Silva,Legal,Azure,Read,David Brown,False,2025-10-10 16:29:28.691680
AR001862,EMP00119,Misty Brandt,Finance,AWS,Write,David Brown,False,2025-09-21 16:29:28.691680
AR001863,EMP00239,Jimmy Hernandez,Operations,Salesforce,Write,Alice Johnson,True,2026-05-02 16:29:28.691680
AR001864,EMP00121,Richard Maldonado,Human Resources,ServiceNow,Admin,Bob Smith,False,2025-11-15 16:29:28.691680
AR001865,EMP00082,Ian Wright,Finance,ServiceNow,Write,Bob Smith,True,2026-02-11 16:29:28.691680
AR001866,EMP00174,Emily Church,Human Resources,GitHub,Write,David Brown,False,2026-01-04 16:29:28.691680
AR001867,EMP00454,Sarah Phillips,Human Resources,Active Directory,Write,Carol Davis,False,2026-04-18 16:29:28.691680
AR001868,EMP00138,Felicia Carroll,Legal,Active Directory,Read,Alice Johnson,True,2026-03-24 16:29:28.691680
AR001869,EMP00057,Tyler Levine,Operations,AWS,Read,David Brown,True,2025-08-26 16:29:28.691680
AR001870,EMP00325,Joshua Cook,IT,GitHub,Write,Bob Smith,False,2025-12-02 16:29:28.691680
AR001871,EMP00224,Gina Williams,Finance,Salesforce,Read,Carol Davis,True,2026-06-08 16:29:28.691680
AR001872,EMP00467,Elaine Rice,Security,ServiceNow,Read,Bob Smith,True,2026-07-10 16:29:28.691680
AR001873,EMP00196,Melissa Dudley,Engineering,Azure,Read,Alice Johnson,False,2026-07-08 16:29:28.691680
AR001874,EMP00377,Vanessa Winters,Operations,AWS,Read,Alice Johnson,False,2026-05-29 16:29:28.691680
AR001875,EMP00128,Harry Green,Security,Salesforce,Read,David Brown,False,2026-04-03 16:29:28.691680
AR001876,EMP00366,Stacey Jimenez,Security,Active Directory,Admin,Bob Smith,True,2026-01-23 16:29:28.691680
AR001877,EMP00106,Gloria Thomas,Operations,GitHub,Write,Alice Johnson,False,2026-05-24 16:29:28.691680
AR001878,EMP00368,Melissa Michael,Finance,AWS,Admin,Bob Smith,True,2026-03-01 16:29:28.691680
AR001879,EMP00357,Kimberly Scott,Operations,GitHub,Read,Bob Smith,False,2025-10-03 16:29:28.691680
AR001880,EMP00456,Alexander Miller,Human Resources,Active Directory,Admin,Alice Johnson,False,2026-04-10 16:29:28.691680
AR001881,EMP00220,Daniel Smith,Finance,Azure,Read,Carol Davis,True,2025-08-28 16:29:28.691680
AR001882,EMP00078,Deborah Cooper MD,Security,Active Directory,Write,Bob Smith,True,2025-09-10 16:29:28.691680
AR001883,EMP00113,Richard Lambert,Legal,Salesforce,Admin,Carol Davis,True,2026-01-31 16:29:28.691680
AR001884,EMP00271,Lori Lamb,Operations,Azure,Read,David Brown,False,2025-11-05 16:29:28.691680
AR001885,EMP00473,Zachary Martinez,Human Resources,AWS,Read,David Brown,True,2026-04-14 16:29:28.691680
AR001886,EMP00468,Angela Irwin,IT,Azure,Read,Carol Davis,False,2025-11-25 16:29:28.691680
AR001887,EMP00439,Mia Davis,IT,ServiceNow,Admin,Bob Smith,False,2025-12-11 16:29:28.691680
AR001888,EMP00388,Kari Pace,Legal,AWS,Admin,Carol Davis,False,2026-01-28 16:29:28.691680
AR001889,EMP00424,Monica Miller,Human Resources,AWS,Read,Bob Smith,False,2026-05-25 16:29:28.691680
AR001890,EMP00277,Jonathan Davis,Operations,Salesforce,Read,Alice Johnson,False,2025-12-23 16:29:28.691680
AR001891,EMP00290,Emily Nelson,Human Resources,GitHub,Read,Carol Davis,False,2025-12-20 16:29:28.691680
AR001892,EMP00429,Jessica Nunez,Engineering,Active Directory,Write,Bob Smith,False,2025-08-02 16:29:28.691680
AR001893,EMP00145,Michael Adams,Finance,Salesforce,Read,Bob Smith,True,2026-02-17 16:29:28.691680
AR001894,EMP00014,Samantha Valdez,Operations,Active Directory,Admin,David Brown,False,2026-05-01 16:29:28.691680
AR001895,EMP00311,Mark Deleon,Security,AWS,Write,Alice Johnson,False,2025-12-01 16:29:28.691680
AR001896,EMP00034,Mark Mason,Security,ServiceNow,Write,Carol Davis,True,2025-08-21 16:29:28.691680
AR001897,EMP00367,Alice Hardy,IT,ServiceNow,Write,Bob Smith,False,2025-11-17 16:29:28.693684
AR001898,EMP00376,George Hutchinson,Engineering,Azure,Admin,Bob Smith,True,2025-09-16 16:29:28.693684
AR001899,EMP00112,Natalie Friedman,Security,GitHub,Read,David Brown,True,2026-07-26 16:29:28.693684
AR001900,EMP00224,Gina Williams,Finance,Salesforce,Write,David Brown,False,2025-12-01 16:29:28.693684
AR001901,EMP00143,David Johnson,Security,GitHub,Admin,Bob Smith,True,2026-04-29 16:29:28.693684
AR001902,EMP00043,Danielle Silva,Operations,Active Directory,Read,Carol Davis,False,2025-12-08 16:29:28.693684
AR001903,EMP00121,Richard Maldonado,Human Resources,AWS,Write,Carol Davis,True,2025-08-16 16:29:28.693684
AR001904,EMP00437,Elizabeth Sanchez,Legal,Azure,Admin,Carol Davis,True,2026-02-26 16:29:28.693684
AR001905,EMP00383,Christopher Bonilla,Legal,Azure,Admin,David Brown,False,2026-06-01 16:29:28.693684
AR001906,EMP00479,Jennifer Salazar,Security,Salesforce,Write,Bob Smith,False,2025-12-07 16:29:28.693684
AR001907,EMP00146,Pam Reyes,Operations,Salesforce,Read,Carol Davis,True,2025-10-21 16:29:28.693684
AR001908,EMP00162,Erica Garcia,Legal,GitHub,Read,Carol Davis,True,2025-12-30 16:29:28.693684
AR001909,EMP00212,Sean Franco,IT,Active Directory,Admin,David Brown,False,2026-06-14 16:29:28.693684
AR001910,EMP00425,Kara Parker,Human Resources,ServiceNow,Write,Alice Johnson,True,2026-04-19 16:29:28.693684
AR001911,EMP00088,Tracey Rodriguez,Human Resources,Active Directory,Write,David Brown,True,2026-06-26 16:29:28.693684
AR001912,EMP00454,Sarah Phillips,Human Resources,AWS,Write,David Brown,True,2026-05-08 16:29:28.693684
AR001913,EMP00207,Robert Ford,Legal,Active Directory,Read,Alice Johnson,True,2026-07-09 16:29:28.693684
AR001914,EMP00349,Brian Rowland,Legal,GitHub,Admin,David Brown,False,2025-11-30 16:29:28.693684
AR001915,EMP00188,Melissa Hubbard,Human Resources,AWS,Read,Bob Smith,True,2025-12-27 16:29:28.693684
AR001916,EMP00345,William Lewis,Engineering,Active Directory,Read,Bob Smith,False,2026-05-22 16:29:28.693684
AR001917,EMP00368,Melissa Michael,Finance,ServiceNow,Read,David Brown,True,2026-03-03 16:29:28.693684
AR001918,EMP00254,Larry Garcia,IT,Azure,Write,David Brown,True,2026-05-03 16:29:28.693684
AR001919,EMP00018,Katherine Adams,Human Resources,GitHub,Read,David Brown,False,2026-04-02 16:29:28.693684
AR001920,EMP00153,Jennifer Freeman,Security,ServiceNow,Admin,David Brown,True,2026-04-17 16:29:28.693684
AR001921,EMP00208,Kimberly Walker,Operations,Azure,Write,David Brown,True,2026-01-15 16:29:28.693684
AR001922,EMP00004,Lisa Pierce,IT,ServiceNow,Write,David Brown,False,2025-08-13 16:29:28.693684
AR001923,EMP00181,Michelle Gill,Legal,ServiceNow,Admin,Bob Smith,True,2026-07-15 16:29:28.693684
AR001924,EMP00271,Lori Lamb,Operations,Active Directory,Write,Alice Johnson,True,2026-02-18 16:29:28.693684
AR001925,EMP00161,Devon Neal,Human Resources,ServiceNow,Read,David Brown,True,2026-04-20 16:29:28.693684
AR001926,EMP00215,Jenny Mckinney,Security,ServiceNow,Admin,Carol Davis,False,2026-05-21 16:29:28.693684
AR001927,EMP00036,Rose Henderson,Human Resources,ServiceNow,Read,Carol Davis,True,2025-08-24 16:29:28.693684
AR001928,EMP00108,Veronica Novak,Human Resources,ServiceNow,Read,Bob Smith,False,2026-02-10 16:29:28.693684
AR001929,EMP00468,Angela Irwin,IT,Active Directory,Read,Carol Davis,False,2026-06-04 16:29:28.693684
AR001930,EMP00413,John Foster,IT,Salesforce,Write,Carol Davis,False,2025-10-10 16:29:28.693684
AR001931,EMP00109,Tracey Morris,IT,Active Directory,Write,Carol Davis,True,2025-10-15 16:29:28.693684
AR001932,EMP00138,Felicia Carroll,Legal,Salesforce,Read,Bob Smith,False,2026-03-13 16:29:28.693684
AR001933,EMP00219,Robert Smith,Legal,Azure,Read,David Brown,False,2026-02-22 16:29:28.693684
AR001934,EMP00199,Terry Henson,Legal,Active Directory,Write,Alice Johnson,True,2026-02-15 16:29:28.693684
AR001935,EMP00115,Benjamin Thompson,IT,ServiceNow,Read,Carol Davis,True,2026-04-17 16:29:28.693684
AR001936,EMP00235,Patty Camacho,IT,Salesforce,Read,Bob Smith,True,2026-04-20 16:29:28.693684
AR001937,EMP00053,Daniel Durham,Finance,Active Directory,Admin,Alice Johnson,True,2025-12-11 16:29:28.693684
AR001938,EMP00440,Tiffany Brown,Legal,Azure,Read,Alice Johnson,True,2026-05-06 16:29:28.693684
AR001939,EMP00261,Michael Carpenter,Human Resources,ServiceNow,Admin,Alice Johnson,True,2025-12-22 16:29:28.693684
AR001940,EMP00189,Joseph Austin,Legal,Active Directory,Write,David Brown,True,2025-09-17 16:29:28.693684
AR001941,EMP00032,Jeremiah Bryant,Human Resources,AWS,Read,Alice Johnson,False,2026-01-23 16:29:28.693684
AR001942,EMP00022,Jim Cox,Human Resources,GitHub,Write,Alice Johnson,False,2026-03-16 16:29:28.693684
AR001943,EMP00452,Maurice Martinez,Engineering,AWS,Admin,David Brown,True,2026-01-25 16:29:28.693684
AR001944,EMP00190,Regina Turner,Legal,Active Directory,Read,David Brown,True,2025-10-07 16:29:28.693684
AR001945,EMP00073,William Velasquez,Human Resources,ServiceNow,Write,David Brown,False,2025-10-31 16:29:28.693684
AR001946,EMP00147,Jeffery Moore,Operations,Active Directory,Admin,Carol Davis,True,2025-12-21 16:29:28.693684
AR001947,EMP00497,Melissa Andrade,Operations,AWS,Read,Alice Johnson,False,2026-02-02 16:29:28.693684
AR001948,EMP00356,Veronica Diaz,Human Resources,ServiceNow,Admin,David Brown,False,2026-06-04 16:29:28.693684
AR001949,EMP00353,Gail Ellis,Legal,AWS,Admin,Alice Johnson,True,2026-06-11 16:29:28.693684
AR001950,EMP00136,Luke Marshall,Finance,AWS,Admin,Bob Smith,True,2026-06-08 16:29:28.693684
AR001951,EMP00451,James Watson,Legal,Active Directory,Admin,Bob Smith,True,2025-08-30 16:29:28.693684
AR001952,EMP00138,Felicia Carroll,Legal,Active Directory,Admin,Bob Smith,False,2026-02-20 16:29:28.693684
AR001953,EMP00271,Lori Lamb,Operations,ServiceNow,Read,Bob Smith,False,2025-09-19 16:29:28.693684
AR001954,EMP00017,Taylor Mccormick,Engineering,ServiceNow,Read,Alice Johnson,False,2026-01-07 16:29:28.693684
AR001955,EMP00116,Penny Frazier,Human Resources,ServiceNow,Admin,David Brown,False,2026-07-14 16:29:28.693684
AR001956,EMP00084,Stephanie Wyatt,Security,Salesforce,Write,Alice Johnson,False,2026-05-16 16:29:28.693684
AR001957,EMP00220,Daniel Smith,Finance,ServiceNow,Read,Carol Davis,True,2025-10-08 16:29:28.693684
AR001958,EMP00424,Monica Miller,Human Resources,Azure,Read,David Brown,True,2025-08-06 16:29:28.693684
AR001959,EMP00258,Denise Williams,Human Resources,GitHub,Admin,David Brown,False,2026-04-17 16:29:28.693684
AR001960,EMP00239,Jimmy Hernandez,Operations,AWS,Read,Carol Davis,True,2026-05-19 16:29:28.693684
AR001961,EMP00440,Tiffany Brown,Legal,AWS,Admin,David Brown,True,2025-12-26 16:29:28.693684
AR001962,EMP00443,Michelle Richardson,Human Resources,GitHub,Read,Bob Smith,False,2025-11-14 16:29:28.693684
AR001963,EMP00197,Brandon West,Finance,Active Directory,Admin,Alice Johnson,True,2025-08-03 16:29:28.693684
AR001964,EMP00099,Destiny Spencer,Human Resources,GitHub,Read,Bob Smith,True,2026-02-04 16:29:28.693684
AR001965,EMP00271,Lori Lamb,Operations,Azure,Read,Alice Johnson,True,2025-08-25 16:29:28.693684
AR001966,EMP00417,Ashley Taylor,IT,AWS,Admin,Bob Smith,True,2025-11-29 16:29:28.693684
AR001967,EMP00422,Matthew Wright,Operations,AWS,Write,Bob Smith,True,2026-07-14 16:29:28.693684
AR001968,EMP00494,Claudia Andrews,Legal,GitHub,Write,Carol Davis,False,2025-11-26 16:29:28.693684
AR001969,EMP00113,Richard Lambert,Legal,Salesforce,Write,David Brown,True,2025-10-02 16:29:28.693684
AR001970,EMP00325,Joshua Cook,IT,Azure,Admin,David Brown,True,2026-02-02 16:29:28.693684
AR001971,EMP00266,Stephen Lloyd,IT,Azure,Read,David Brown,False,2026-02-07 16:29:28.693684
AR001972,EMP00425,Kara Parker,Human Resources,GitHub,Read,Alice Johnson,False,2026-04-06 16:29:28.693684
AR001973,EMP00153,Jennifer Freeman,Security,Active Directory,Read,Bob Smith,True,2025-10-20 16:29:28.693684
AR001974,EMP00421,Michael Johnson,Security,Azure,Admin,Carol Davis,False,2026-05-27 16:29:28.693684
AR001975,EMP00044,Rebecca Glenn,Finance,GitHub,Read,David Brown,False,2026-07-21 16:29:28.693684
AR001976,EMP00252,Nicholas Taylor,Security,GitHub,Admin,Bob Smith,True,2025-11-09 16:29:28.693684
AR001977,EMP00031,Jack Sims,Legal,Salesforce,Read,Alice Johnson,True,2026-04-07 16:29:28.693684
AR001978,EMP00156,Michelle Thompson,Human Resources,Azure,Write,Bob Smith,False,2025-09-19 16:29:28.693684
AR001979,EMP00070,Brooke Proctor,Engineering,Active Directory,Admin,Bob Smith,False,2025-10-05 16:29:28.693684
AR001980,EMP00348,Laura Neal,Operations,Azure,Admin,Bob Smith,False,2026-05-15 16:29:28.693684
AR001981,EMP00228,Nancy Orozco,Finance,GitHub,Write,Bob Smith,True,2026-06-12 16:29:28.693684
AR001982,EMP00418,Adam Brown,IT,ServiceNow,Write,Alice Johnson,True,2026-05-04 16:29:28.693684
AR001983,EMP00026,Shelly Mclaughlin,Finance,AWS,Write,Bob Smith,False,2025-09-19 16:29:28.693684
AR001984,EMP00279,Christian Gomez,Finance,ServiceNow,Read,Bob Smith,False,2026-03-21 16:29:28.693684
AR001985,EMP00233,Sharon Villarreal,Security,Active Directory,Admin,David Brown,False,2026-05-05 16:29:28.693684
AR001986,EMP00481,Gene Bryant,Human Resources,ServiceNow,Write,Carol Davis,False,2025-08-28 16:29:28.693684
AR001987,EMP00374,Patricia Patel,Security,Azure,Write,Carol Davis,False,2025-09-02 16:29:28.693684
AR001988,EMP00431,Mark King,Human Resources,GitHub,Admin,Bob Smith,True,2026-04-21 16:29:28.693684
AR001989,EMP00164,Mary Meyer,IT,GitHub,Admin,Alice Johnson,False,2026-06-17 16:29:28.693684
AR001990,EMP00181,Michelle Gill,Legal,Active Directory,Write,Alice Johnson,False,2025-11-16 16:29:28.693684
AR001991,EMP00332,David Francis,Security,Salesforce,Write,Bob Smith,False,2026-03-22 16:29:28.693684
AR001992,EMP00319,William Thomas MD,Human Resources,AWS,Read,Carol Davis,True,2026-04-29 16:29:28.693684
AR001993,EMP00265,William Lee,Human Resources,GitHub,Admin,Alice Johnson,False,2026-03-02 16:29:28.693684
AR001994,EMP00222,Leah Dennis,Human Resources,Salesforce,Write,David Brown,True,2025-10-05 16:29:28.693684
AR001995,EMP00294,Shannon Roy,Security,Azure,Admin,Carol Davis,True,2026-01-19 16:29:28.693684
AR001996,EMP00268,Justin Blankenship,Human Resources,ServiceNow,Read,Carol Davis,True,2026-04-02 16:29:28.693684
AR001997,EMP00006,Austin Benson,Legal,Salesforce,Admin,Alice Johnson,False,2026-05-21 16:29:28.693684
AR001998,EMP00230,Michael Morales,IT,GitHub,Read,Bob Smith,False,2026-02-08 16:29:28.693684
AR001999,EMP00122,Caitlin Williams,Legal,Salesforce,Read,David Brown,True,2026-06-10 16:29:28.693684
AR002000,EMP00246,Jennifer Bates,Legal,AWS,Write,Carol Davis,False,2026-04-02 16:29:28.693684
AR002001,EMP00210,Meredith Atkinson DVM,Operations,Active Directory,Admin,Bob Smith,True,2026-05-11 16:29:28.693684
AR002002,EMP00307,Theresa Summers,Engineering,ServiceNow,Admin,Carol Davis,False,2025-09-02 16:29:28.693684
AR002003,EMP00096,Lauren Jensen,Human Resources,GitHub,Write,David Brown,False,2026-06-17 16:29:28.693684
AR002004,EMP00131,Ronald Hale,Engineering,Salesforce,Admin,Bob Smith,False,2026-04-26 16:29:28.693684
AR002005,EMP00144,Joseph Bryant,Operations,GitHub,Admin,Carol Davis,False,2025-11-26 16:29:28.693684
AR002006,EMP00104,Leonard Davis,Security,Salesforce,Admin,Carol Davis,False,2025-10-29 16:29:28.693684
AR002007,EMP00425,Kara Parker,Human Resources,GitHub,Admin,Alice Johnson,False,2026-03-15 16:29:28.693684
AR002008,EMP00331,Amanda Bailey MD,Human Resources,Active Directory,Admin,Alice Johnson,True,2025-09-25 16:29:28.693684
AR002009,EMP00462,Michael Graham,Engineering,AWS,Admin,David Brown,False,2026-06-01 16:29:28.693684
AR002010,EMP00459,Katrina Murphy,Legal,AWS,Write,David Brown,True,2026-03-28 16:29:28.693684
AR002011,EMP00095,Steven Gardner,Engineering,Active Directory,Read,Carol Davis,False,2025-10-27 16:29:28.693684
AR002012,EMP00222,Leah Dennis,Human Resources,ServiceNow,Admin,David Brown,False,2025-08-20 16:29:28.693684
AR002013,EMP00051,Richard Velez,Legal,GitHub,Write,David Brown,True,2025-09-14 16:29:28.693684
AR002014,EMP00034,Mark Mason,Security,AWS,Read,Alice Johnson,False,2025-10-24 16:29:28.693684
AR002015,EMP00126,Isabel Perez,Engineering,ServiceNow,Admin,Alice Johnson,False,2026-06-08 16:29:28.693684
AR002016,EMP00264,Carl Stafford,Finance,AWS,Admin,David Brown,True,2026-03-14 16:29:28.693684
AR002017,EMP00231,Tracy Sanders,Finance,Active Directory,Read,Alice Johnson,False,2025-09-17 16:29:28.693684
AR002018,EMP00236,Heidi Chambers,Engineering,Salesforce,Read,Alice Johnson,False,2025-10-18 16:29:28.693684
AR002019,EMP00213,Gregory Lyons,IT,Salesforce,Write,Bob Smith,True,2025-09-30 16:29:28.693684
AR002020,EMP00341,Scott Lopez,Legal,Active Directory,Write,Carol Davis,True,2025-09-27 16:29:28.693684
AR002021,EMP00220,Daniel Smith,Finance,Active Directory,Read,Bob Smith,False,2026-04-27 16:29:28.693684
AR002022,EMP00210,Meredith Atkinson DVM,Operations,Azure,Admin,Bob Smith,False,2026-06-09 16:29:28.693684
AR002023,EMP00271,Lori Lamb,Operations,Salesforce,Admin,David Brown,False,2025-09-28 16:29:28.693684
AR002024,EMP00115,Benjamin Thompson,IT,ServiceNow,Read,David Brown,True,2026-04-28 16:29:28.693684
AR002025,EMP00107,Brittany Adams,Engineering,Active Directory,Admin,David Brown,False,2026-07-07 16:29:28.693684
AR002026,EMP00236,Heidi Chambers,Engineering,AWS,Admin,Bob Smith,True,2025-09-25 16:29:28.693684
AR002027,EMP00061,Joel Pitts,Engineering,GitHub,Write,Alice Johnson,True,2025-09-01 16:29:28.693684
AR002028,EMP00147,Jeffery Moore,Operations,Active Directory,Write,Bob Smith,False,2026-07-26 16:29:28.693684
AR002029,EMP00194,Samantha Whitaker,IT,Azure,Admin,Alice Johnson,True,2025-10-15 16:29:28.693684
AR002030,EMP00043,Danielle Silva,Operations,AWS,Write,Carol Davis,False,2026-07-05 16:29:28.693684
AR002031,EMP00495,Sarah Woods,Finance,ServiceNow,Read,Carol Davis,False,2026-03-01 16:29:28.693684
AR002032,EMP00234,Kaitlin Martinez,Engineering,Salesforce,Write,Alice Johnson,False,2025-12-20 16:29:28.693684
AR002033,EMP00476,Rebecca Taylor,IT,Salesforce,Read,Bob Smith,True,2025-07-28 16:29:28.693684
AR002034,EMP00380,Dennis Garrett,IT,Active Directory,Admin,David Brown,True,2025-10-11 16:29:28.693684
AR002035,EMP00406,Kyle Rojas,Human Resources,Salesforce,Read,David Brown,False,2025-08-28 16:29:28.693684
AR002036,EMP00264,Carl Stafford,Finance,AWS,Admin,Bob Smith,False,2025-09-09 16:29:28.693684
AR002037,EMP00162,Erica Garcia,Legal,Active Directory,Read,Bob Smith,True,2025-08-23 16:29:28.693684
AR002038,EMP00384,Stephanie Cook,Finance,Azure,Read,Alice Johnson,False,2025-12-21 16:29:28.693684
AR002039,EMP00161,Devon Neal,Human Resources,Azure,Read,Alice Johnson,False,2026-04-03 16:29:28.693684
AR002040,EMP00482,Jennifer Patel DVM,Engineering,Azure,Read,Bob Smith,False,2026-05-17 16:29:28.693684
AR002041,EMP00237,Deborah Hall,Security,ServiceNow,Read,Bob Smith,False,2026-02-17 16:29:28.693684
AR002042,EMP00377,Vanessa Winters,Operations,Salesforce,Write,Bob Smith,False,2026-05-14 16:29:28.693684
AR002043,EMP00002,Curtis Archer,Security,Salesforce,Read,Bob Smith,True,2025-10-21 16:29:28.693684
AR002044,EMP00468,Angela Irwin,IT,GitHub,Admin,Alice Johnson,True,2025-10-19 16:29:28.693684
AR002045,EMP00064,Dr. Roberto Garner,Engineering,AWS,Write,Bob Smith,True,2025-09-26 16:29:28.693684
AR002046,EMP00231,Tracy Sanders,Finance,Azure,Read,David Brown,False,2026-01-19 16:29:28.693684
AR002047,EMP00168,Maxwell Munoz,IT,AWS,Read,Alice Johnson,False,2026-03-11 16:29:28.693684
AR002048,EMP00278,Matthew Perez,Human Resources,ServiceNow,Write,Carol Davis,False,2025-08-24 16:29:28.693684
AR002049,EMP00009,Hayden Young,IT,Azure,Read,Carol Davis,False,2026-02-15 16:29:28.693684
AR002050,EMP00148,Jeremy Bailey,Human Resources,ServiceNow,Admin,David Brown,True,2026-02-16 16:29:28.693684
AR002051,EMP00286,Andrea Rice,Security,ServiceNow,Write,David Brown,False,2026-06-03 16:29:28.693684
AR002052,EMP00234,Kaitlin Martinez,Engineering,Azure,Admin,Carol Davis,True,2026-01-03 16:29:28.693684
AR002053,EMP00412,Charles Rogers,Operations,GitHub,Read,Alice Johnson,True,2025-12-03 16:29:28.693684
AR002054,EMP00033,Matthew Moody,IT,Azure,Read,Bob Smith,True,2025-08-13 16:29:28.693684
AR002055,EMP00027,Anthony Walton,Security,Azure,Write,Carol Davis,True,2025-07-31 16:29:28.693684
AR002056,EMP00450,Sheryl Stone,Engineering,AWS,Read,Alice Johnson,True,2026-07-08 16:29:28.693684
AR002057,EMP00268,Justin Blankenship,Human Resources,ServiceNow,Write,David Brown,True,2026-03-13 16:29:28.693684
AR002058,EMP00218,Rebecca Burns,Human Resources,ServiceNow,Admin,David Brown,False,2026-04-01 16:29:28.693684
AR002059,EMP00228,Nancy Orozco,Finance,ServiceNow,Read,Carol Davis,True,2026-07-01 16:29:28.693684
AR002060,EMP00185,Barry Thompson,Human Resources,Active Directory,Read,David Brown,True,2026-05-16 16:29:28.693684
AR002061,EMP00103,Laura James,Finance,ServiceNow,Read,Alice Johnson,False,2025-11-19 16:29:28.693684
AR002062,EMP00049,Mrs. Kara Holt,Human Resources,GitHub,Admin,Alice Johnson,False,2025-11-23 16:29:28.693684
AR002063,EMP00217,Monica Castillo,Legal,AWS,Admin,Carol Davis,True,2026-03-29 16:29:28.693684
AR002064,EMP00053,Daniel Durham,Finance,Active Directory,Read,Carol Davis,True,2026-01-24 16:29:28.693684
AR002065,EMP00410,Jesse Watkins,IT,Salesforce,Write,Carol Davis,False,2025-10-09 16:29:28.693684
AR002066,EMP00248,Breanna Gomez,Operations,Salesforce,Write,Bob Smith,False,2026-02-05 16:29:28.693684
AR002067,EMP00398,Jonathan Torres,Human Resources,Salesforce,Write,Carol Davis,False,2026-06-10 16:29:28.693684
AR002068,EMP00011,Justin White,Security,Azure,Read,Carol Davis,False,2025-12-04 16:29:28.693684
AR002069,EMP00023,Deanna Stephens,Legal,AWS,Read,David Brown,True,2026-02-28 16:29:28.693684
AR002070,EMP00339,Paul Jenkins,Finance,AWS,Admin,Carol Davis,False,2026-07-01 16:29:28.693684
AR002071,EMP00476,Rebecca Taylor,IT,GitHub,Read,Bob Smith,False,2025-09-06 16:29:28.693684
AR002072,EMP00234,Kaitlin Martinez,Engineering,Salesforce,Read,David Brown,True,2025-12-26 16:29:28.693684
AR002073,EMP00074,Melissa Monroe,Human Resources,Active Directory,Read,Bob Smith,False,2025-09-14 16:29:28.693684
AR002074,EMP00356,Veronica Diaz,Human Resources,Active Directory,Write,Bob Smith,False,2025-09-25 16:29:28.693684
AR002075,EMP00263,Alexis Roberts,Finance,AWS,Write,Carol Davis,False,2025-09-04 16:29:28.693684
AR002076,EMP00042,Tabitha Cook,Legal,ServiceNow,Admin,Carol Davis,False,2026-04-21 16:29:28.693684
AR002077,EMP00270,Dr. Michael Stevens,IT,AWS,Admin,David Brown,True,2026-07-05 16:29:28.693684
AR002078,EMP00366,Stacey Jimenez,Security,Azure,Read,Carol Davis,False,2025-10-06 16:29:28.693684
AR002079,EMP00041,Jody Burton,Engineering,AWS,Admin,David Brown,True,2026-06-13 16:29:28.693684
AR002080,EMP00114,Megan Flowers,IT,Active Directory,Read,David Brown,True,2026-03-19 16:29:28.693684
AR002081,EMP00017,Taylor Mccormick,Engineering,AWS,Read,Bob Smith,False,2025-09-28 16:29:28.693684
AR002082,EMP00202,Shirley Baird,Human Resources,GitHub,Read,Alice Johnson,True,2026-01-01 16:29:28.693684
AR002083,EMP00290,Emily Nelson,Human Resources,GitHub,Write,David Brown,False,2026-04-25 16:29:28.693684
AR002084,EMP00355,Terry Alexander,IT,Salesforce,Read,David Brown,False,2025-11-20 16:29:28.693684
AR002085,EMP00380,Dennis Garrett,IT,Active Directory,Read,David Brown,True,2026-06-30 16:29:28.693684
AR002086,EMP00393,Omar Williams,Finance,ServiceNow,Admin,Bob Smith,False,2026-06-19 16:29:28.693684
AR002087,EMP00499,Ryan Cummings,Human Resources,GitHub,Admin,Alice Johnson,True,2025-10-08 16:29:28.693684
AR002088,EMP00226,Lynn Mercado,Operations,Azure,Write,Carol Davis,False,2026-06-14 16:29:28.693684
AR002089,EMP00249,Deborah George,Finance,Azure,Admin,Carol Davis,True,2026-05-23 16:29:28.693684
AR002090,EMP00132,Megan Scott,Finance,Salesforce,Admin,David Brown,True,2026-06-26 16:29:28.693684
AR002091,EMP00106,Gloria Thomas,Operations,GitHub,Admin,Bob Smith,False,2026-03-06 16:29:28.693684
AR002092,EMP00007,Jessica Atkins,Finance,Salesforce,Read,Carol Davis,True,2025-12-25 16:29:28.693684
AR002093,EMP00037,Harold Oliver,Operations,Salesforce,Admin,Alice Johnson,True,2026-02-15 16:29:28.693684
AR002094,EMP00246,Jennifer Bates,Legal,Azure,Write,Alice Johnson,False,2025-12-01 16:29:28.693684
AR002095,EMP00434,Dean Mayo,Human Resources,Salesforce,Admin,Bob Smith,True,2026-01-31 16:29:28.693684
AR002096,EMP00194,Samantha Whitaker,IT,ServiceNow,Write,Carol Davis,True,2026-01-25 16:29:28.693684
AR002097,EMP00138,Felicia Carroll,Legal,GitHub,Write,Carol Davis,True,2026-03-29 16:29:28.693684
AR002098,EMP00031,Jack Sims,Legal,AWS,Admin,Alice Johnson,True,2025-08-09 16:29:28.693684
AR002099,EMP00169,Joseph Young,Security,AWS,Write,Carol Davis,False,2025-12-15 16:29:28.693684
AR002100,EMP00183,Andrew Bartlett,IT,Active Directory,Read,Bob Smith,True,2025-11-05 16:29:28.693684
AR002101,EMP00185,Barry Thompson,Human Resources,AWS,Write,David Brown,False,2026-06-03 16:29:28.693684
AR002102,EMP00115,Benjamin Thompson,IT,GitHub,Read,Carol Davis,True,2026-01-22 16:29:28.693684
AR002103,EMP00291,Mario Bailey,Engineering,AWS,Write,Alice Johnson,False,2026-02-05 16:29:28.693684
AR002104,EMP00485,Anthony Gaines,Operations,Azure,Write,Alice Johnson,False,2025-11-12 16:29:28.693684
AR002105,EMP00332,David Francis,Security,AWS,Read,David Brown,True,2025-08-17 16:29:28.693684
AR002106,EMP00271,Lori Lamb,Operations,Azure,Read,Bob Smith,False,2026-06-17 16:29:28.693684
AR002107,EMP00090,Leonard Brown,IT,Salesforce,Write,Bob Smith,False,2025-08-31 16:29:28.693684
AR002108,EMP00003,Natasha Obrien,Engineering,AWS,Read,Bob Smith,True,2025-11-16 16:29:28.693684
AR002109,EMP00235,Patty Camacho,IT,Azure,Write,David Brown,True,2025-10-26 16:29:28.693684
AR002110,EMP00310,Lauren Tanner,Finance,Azure,Admin,David Brown,False,2026-03-11 16:29:28.693684
AR002111,EMP00087,Steven Schneider,Operations,Azure,Write,Bob Smith,True,2026-06-26 16:29:28.693684
AR002112,EMP00236,Heidi Chambers,Engineering,Azure,Admin,Alice Johnson,False,2026-05-17 16:29:28.693684
AR002113,EMP00352,Ashley Koch,Engineering,AWS,Read,Alice Johnson,False,2026-03-19 16:29:28.693684
AR002114,EMP00286,Andrea Rice,Security,Salesforce,Read,David Brown,True,2025-11-25 16:29:28.693684
AR002115,EMP00188,Melissa Hubbard,Human Resources,Active Directory,Admin,Bob Smith,False,2025-10-25 16:29:28.693684
AR002116,EMP00128,Harry Green,Security,ServiceNow,Write,Alice Johnson,True,2026-02-25 16:29:28.693684
AR002117,EMP00268,Justin Blankenship,Human Resources,ServiceNow,Write,David Brown,True,2026-03-09 16:29:28.693684
AR002118,EMP00243,Patricia Simpson,Engineering,Active Directory,Write,Bob Smith,False,2026-01-07 16:29:28.693684
AR002119,EMP00111,Jasmine Howell,Engineering,Active Directory,Admin,Carol Davis,True,2025-08-03 16:29:28.693684
AR002120,EMP00372,Jessica Hill,Engineering,Salesforce,Read,David Brown,False,2026-01-25 16:29:28.693684
AR002121,EMP00321,Dr. Shari Waters MD,Legal,Salesforce,Admin,Bob Smith,False,2026-07-26 16:29:28.693684
AR002122,EMP00087,Steven Schneider,Operations,Azure,Read,Bob Smith,True,2026-05-26 16:29:28.693684
AR002123,EMP00133,Cynthia Woodward,Operations,GitHub,Write,Alice Johnson,True,2026-07-07 16:29:28.693684
AR002124,EMP00069,Molly Schaefer,Operations,GitHub,Write,Alice Johnson,True,2026-06-12 16:29:28.693684
AR002125,EMP00104,Leonard Davis,Security,Azure,Read,Carol Davis,True,2026-03-05 16:29:28.693684
AR002126,EMP00224,Gina Williams,Finance,ServiceNow,Write,Carol Davis,True,2026-06-17 16:29:28.693684
AR002127,EMP00177,Brett Murray,Finance,AWS,Read,David Brown,False,2025-08-21 16:29:28.693684
AR002128,EMP00351,Sarah Pratt,Legal,Active Directory,Read,Bob Smith,True,2026-06-21 16:29:28.693684
AR002129,EMP00267,Anthony Alexander,Finance,Salesforce,Write,David Brown,False,2026-07-08 16:29:28.693684
AR002130,EMP00365,Mary Jones,Human Resources,GitHub,Read,Alice Johnson,True,2025-09-20 16:29:28.693684
AR002131,EMP00205,Michael Hunt,Operations,Azure,Read,Alice Johnson,False,2026-04-09 16:29:28.693684
AR002132,EMP00384,Stephanie Cook,Finance,AWS,Admin,Bob Smith,False,2025-08-26 16:29:28.693684
AR002133,EMP00375,Tina Ochoa,Legal,ServiceNow,Read,Bob Smith,True,2025-08-21 16:29:28.693684
AR002134,EMP00002,Curtis Archer,Security,Azure,Admin,Alice Johnson,True,2025-12-05 16:29:28.693684
AR002135,EMP00407,Rebecca Flores,Legal,AWS,Write,Carol Davis,True,2026-01-23 16:29:28.693684
AR002136,EMP00057,Tyler Levine,Operations,GitHub,Write,Alice Johnson,True,2025-11-01 16:29:28.693684
AR002137,EMP00093,Cody Taylor,Legal,GitHub,Admin,Alice Johnson,True,2026-07-07 16:29:28.693684
AR002138,EMP00073,William Velasquez,Human Resources,Active Directory,Write,Carol Davis,False,2026-05-20 16:29:28.693684
AR002139,EMP00087,Steven Schneider,Operations,AWS,Admin,Bob Smith,True,2026-06-08 16:29:28.693684
AR002140,EMP00226,Lynn Mercado,Operations,Salesforce,Write,Carol Davis,False,2026-05-28 16:29:28.693684
AR002141,EMP00394,Matthew Dyer,Legal,Salesforce,Admin,Alice Johnson,True,2026-02-03 16:29:28.693684
AR002142,EMP00124,Raymond Mullen,Finance,Salesforce,Write,Bob Smith,True,2025-10-05 16:29:28.693684
AR002143,EMP00068,Sean Reyes,Human Resources,Azure,Write,Bob Smith,True,2026-04-25 16:29:28.693684
AR002144,EMP00027,Anthony Walton,Security,Active Directory,Read,Carol Davis,True,2026-01-18 16:29:28.693684
AR002145,EMP00344,Kent Carter,Finance,ServiceNow,Write,Alice Johnson,True,2026-04-08 16:29:28.693684
AR002146,EMP00319,William Thomas MD,Human Resources,ServiceNow,Admin,David Brown,True,2025-08-27 16:29:28.693684
AR002147,EMP00059,Benjamin Johnson,IT,Salesforce,Write,Bob Smith,False,2026-03-29 16:29:28.693684
AR002148,EMP00151,Paige Harrington,Operations,AWS,Admin,Alice Johnson,True,2026-05-07 16:29:28.693684
AR002149,EMP00392,Shannon Fernandez,Operations,Azure,Write,Alice Johnson,True,2025-09-15 16:29:28.693684
AR002150,EMP00346,Alicia Howard,Legal,ServiceNow,Admin,Bob Smith,True,2025-10-02 16:29:28.693684
AR002151,EMP00428,Jaime Baker,Legal,GitHub,Admin,Alice Johnson,True,2025-11-17 16:29:28.693684
AR002152,EMP00327,Joel Peters,Legal,Azure,Read,Alice Johnson,True,2025-12-27 16:29:28.693684
AR002153,EMP00499,Ryan Cummings,Human Resources,Salesforce,Read,Alice Johnson,False,2026-05-11 16:29:28.693684
AR002154,EMP00447,Kevin Frederick,Security,Active Directory,Read,David Brown,False,2025-09-06 16:29:28.693684
AR002155,EMP00432,Jennifer Torres,Human Resources,Active Directory,Admin,David Brown,True,2026-06-03 16:29:28.693684
AR002156,EMP00201,Becky Ferguson,IT,GitHub,Admin,Bob Smith,True,2025-12-14 16:29:28.693684
AR002157,EMP00168,Maxwell Munoz,IT,GitHub,Write,David Brown,False,2026-03-28 16:29:28.693684
AR002158,EMP00153,Jennifer Freeman,Security,Salesforce,Write,David Brown,False,2025-10-06 16:29:28.693684
AR002159,EMP00157,Nicole Knox,Legal,AWS,Admin,David Brown,False,2026-03-09 16:29:28.693684
AR002160,EMP00125,Felicia Rocha,Human Resources,Azure,Admin,Bob Smith,True,2025-08-29 16:29:28.693684
AR002161,EMP00423,Roberto Thomas,Security,Salesforce,Read,David Brown,False,2026-06-06 16:29:28.693684
AR002162,EMP00357,Kimberly Scott,Operations,GitHub,Admin,Carol Davis,True,2026-04-08 16:29:28.693684
AR002163,EMP00249,Deborah George,Finance,ServiceNow,Admin,Alice Johnson,True,2026-07-11 16:29:28.693684
AR002164,EMP00477,William Pearson,Legal,ServiceNow,Read,Alice Johnson,False,2025-08-14 16:29:28.693684
AR002165,EMP00278,Matthew Perez,Human Resources,Azure,Admin,Bob Smith,True,2025-11-30 16:29:28.693684
AR002166,EMP00407,Rebecca Flores,Legal,GitHub,Write,Bob Smith,True,2026-01-23 16:29:28.693684
AR002167,EMP00076,Barbara Reynolds,Human Resources,Salesforce,Read,Bob Smith,True,2025-12-06 16:29:28.693684
AR002168,EMP00082,Ian Wright,Finance,Salesforce,Write,Bob Smith,True,2026-03-19 16:29:28.693684
AR002169,EMP00368,Melissa Michael,Finance,Salesforce,Read,Carol Davis,False,2026-07-24 16:29:28.693684
AR002170,EMP00429,Jessica Nunez,Engineering,GitHub,Write,Bob Smith,False,2026-03-29 16:29:28.693684
AR002171,EMP00452,Maurice Martinez,Engineering,ServiceNow,Admin,Alice Johnson,False,2026-03-04 16:29:28.693684
AR002172,EMP00053,Daniel Durham,Finance,AWS,Write,Bob Smith,True,2025-11-17 16:29:28.693684
AR002173,EMP00171,Kelly Flores,Finance,Active Directory,Read,Bob Smith,False,2026-01-05 16:29:28.693684
AR002174,EMP00418,Adam Brown,IT,Salesforce,Admin,Bob Smith,True,2026-03-16 16:29:28.693684
AR002175,EMP00266,Stephen Lloyd,IT,Salesforce,Write,Carol Davis,False,2026-06-12 16:29:28.693684
AR002176,EMP00189,Joseph Austin,Legal,GitHub,Admin,David Brown,True,2025-09-21 16:29:28.693684
AR002177,EMP00402,Clayton Baker,IT,Active Directory,Admin,David Brown,False,2026-06-13 16:29:28.693684
AR002178,EMP00095,Steven Gardner,Engineering,Azure,Write,Bob Smith,True,2025-09-23 16:29:28.693684
AR002179,EMP00369,Robert French,Human Resources,GitHub,Read,Carol Davis,True,2026-06-26 16:29:28.693684
AR002180,EMP00492,Jonathan Reese,Operations,Active Directory,Read,Carol Davis,False,2025-08-05 16:29:28.693684
AR002181,EMP00496,Jason Lam,Finance,ServiceNow,Read,Carol Davis,False,2025-11-23 16:29:28.693684
AR002182,EMP00296,Richard Richardson,Finance,GitHub,Write,Bob Smith,True,2025-12-13 16:29:28.693684
AR002183,EMP00331,Amanda Bailey MD,Human Resources,AWS,Write,Bob Smith,True,2026-01-29 16:29:28.693684
AR002184,EMP00374,Patricia Patel,Security,Active Directory,Read,Bob Smith,False,2025-10-26 16:29:28.693684
AR002185,EMP00194,Samantha Whitaker,IT,GitHub,Admin,Bob Smith,False,2025-08-16 16:29:28.693684
AR002186,EMP00168,Maxwell Munoz,IT,Active Directory,Admin,Carol Davis,False,2026-05-13 16:29:28.693684
AR002187,EMP00395,Darlene Padilla,Engineering,ServiceNow,Admin,Alice Johnson,True,2025-12-28 16:29:28.693684
AR002188,EMP00485,Anthony Gaines,Operations,GitHub,Read,Bob Smith,True,2026-05-18 16:29:28.693684
AR002189,EMP00033,Matthew Moody,IT,Active Directory,Write,Carol Davis,True,2026-05-04 16:29:28.693684
AR002190,EMP00072,Austin Miller,Security,Salesforce,Write,Alice Johnson,True,2026-07-02 16:29:28.693684
AR002191,EMP00190,Regina Turner,Legal,Salesforce,Admin,Carol Davis,True,2026-01-23 16:29:28.693684
AR002192,EMP00310,Lauren Tanner,Finance,AWS,Read,Carol Davis,True,2026-01-07 16:29:28.693684
AR002193,EMP00016,Stacey Jenkins,Engineering,Azure,Read,David Brown,False,2025-12-04 16:29:28.693684
AR002194,EMP00269,Travis Johnson,Security,AWS,Admin,Carol Davis,False,2026-03-22 16:29:28.693684
AR002195,EMP00414,Michael Bishop,Operations,GitHub,Write,David Brown,True,2025-09-10 16:29:28.693684
AR002196,EMP00314,Charles Tucker,Human Resources,Active Directory,Write,Carol Davis,True,2026-07-20 16:29:28.693684
AR002197,EMP00364,Eric Wilcox,IT,AWS,Admin,Bob Smith,True,2025-12-04 16:29:28.693684
AR002198,EMP00489,Nicholas Gonzales,Security,GitHub,Write,Alice Johnson,False,2026-07-24 16:29:28.693684
AR002199,EMP00249,Deborah George,Finance,Azure,Admin,David Brown,True,2025-10-03 16:29:28.693684
AR002200,EMP00144,Joseph Bryant,Operations,GitHub,Read,David Brown,False,2025-11-10 16:29:28.693684
AR002201,EMP00221,Marcus Fisher,Finance,GitHub,Write,Alice Johnson,False,2026-02-10 16:29:28.693684
AR002202,EMP00419,Brandon Barker,Engineering,Azure,Write,Carol Davis,False,2026-04-12 16:29:28.693684
AR002203,EMP00208,Kimberly Walker,Operations,GitHub,Read,Alice Johnson,True,2026-04-13 16:29:28.693684
AR002204,EMP00493,Edward Ferrell,Finance,Azure,Write,David Brown,False,2026-07-14 16:29:28.693684
AR002205,EMP00329,Danielle Anderson MD,Engineering,Active Directory,Write,Alice Johnson,True,2026-06-05 16:29:28.693684
AR002206,EMP00288,Christopher Young,Legal,AWS,Read,Carol Davis,False,2026-01-25 16:29:28.693684
AR002207,EMP00053,Daniel Durham,Finance,AWS,Admin,Alice Johnson,True,2025-10-29 16:29:28.693684
AR002208,EMP00288,Christopher Young,Legal,Azure,Write,Carol Davis,False,2025-09-23 16:29:28.693684
AR002209,EMP00329,Danielle Anderson MD,Engineering,Salesforce,Admin,Carol Davis,True,2025-09-30 16:29:28.693684
AR002210,EMP00470,Teresa Guerrero,Finance,ServiceNow,Admin,Alice Johnson,False,2026-06-09 16:29:28.693684
AR002211,EMP00458,Miss Melissa Tucker,Engineering,ServiceNow,Write,Bob Smith,False,2026-03-04 16:29:28.693684
AR002212,EMP00055,Benjamin White,IT,AWS,Read,Bob Smith,True,2026-03-29 16:29:28.693684
AR002213,EMP00095,Steven Gardner,Engineering,Salesforce,Write,David Brown,False,2025-10-30 16:29:28.693684
AR002214,EMP00222,Leah Dennis,Human Resources,Azure,Write,Bob Smith,True,2025-12-29 16:29:28.693684
AR002215,EMP00256,Carlos Dixon,Human Resources,Salesforce,Write,David Brown,True,2025-11-25 16:29:28.693684
AR002216,EMP00306,Kristi Atkins,Security,Active Directory,Admin,David Brown,True,2026-03-07 16:29:28.693684
AR002217,EMP00401,Tammy Chavez,Security,ServiceNow,Read,Bob Smith,False,2025-11-21 16:29:28.693684
AR002218,EMP00108,Veronica Novak,Human Resources,GitHub,Admin,Carol Davis,True,2025-08-16 16:29:28.693684
AR002219,EMP00396,Brittany Lynn,IT,Active Directory,Write,Bob Smith,False,2026-05-12 16:29:28.693684
AR002220,EMP00143,David Johnson,Security,Active Directory,Read,David Brown,False,2026-04-22 16:29:28.693684
AR002221,EMP00497,Melissa Andrade,Operations,Active Directory,Admin,Alice Johnson,False,2026-02-04 16:29:28.693684
AR002222,EMP00275,Michael Gutierrez,IT,AWS,Read,Carol Davis,True,2026-06-24 16:29:28.693684
AR002223,EMP00051,Richard Velez,Legal,ServiceNow,Admin,Alice Johnson,False,2026-04-09 16:29:28.693684
AR002224,EMP00145,Michael Adams,Finance,AWS,Admin,Alice Johnson,True,2026-03-03 16:29:28.693684
AR002225,EMP00346,Alicia Howard,Legal,GitHub,Read,Bob Smith,True,2025-09-21 16:29:28.693684
AR002226,EMP00373,David Oneill,Security,Salesforce,Write,Alice Johnson,False,2025-10-07 16:29:28.693684
AR002227,EMP00156,Michelle Thompson,Human Resources,ServiceNow,Read,David Brown,True,2026-06-22 16:29:28.693684
AR002228,EMP00058,Brian Velasquez,Operations,AWS,Read,David Brown,True,2026-06-11 16:29:28.693684
AR002229,EMP00007,Jessica Atkins,Finance,AWS,Admin,Bob Smith,False,2026-01-28 16:29:28.693684
AR002230,EMP00193,Christina Richardson,Operations,Salesforce,Admin,Bob Smith,False,2025-09-15 16:29:28.693684
AR002231,EMP00470,Teresa Guerrero,Finance,ServiceNow,Write,Alice Johnson,False,2026-01-09 16:29:28.693684
AR002232,EMP00190,Regina Turner,Legal,Salesforce,Write,Carol Davis,False,2026-07-08 16:29:28.693684
AR002233,EMP00351,Sarah Pratt,Legal,AWS,Read,Bob Smith,False,2025-10-06 16:29:28.693684
AR002234,EMP00470,Teresa Guerrero,Finance,Azure,Read,Bob Smith,True,2025-10-21 16:29:28.693684
AR002235,EMP00005,Jennifer Sanders,Legal,ServiceNow,Read,Alice Johnson,False,2025-10-17 16:29:28.693684
AR002236,EMP00101,Kirk Cortez,Legal,GitHub,Write,Bob Smith,False,2025-09-21 16:29:28.693684
AR002237,EMP00070,Brooke Proctor,Engineering,AWS,Admin,Alice Johnson,True,2026-04-22 16:29:28.693684
AR002238,EMP00429,Jessica Nunez,Engineering,Active Directory,Read,Carol Davis,False,2026-05-14 16:29:28.693684
AR002239,EMP00184,Courtney Lewis,Finance,ServiceNow,Write,Bob Smith,False,2025-11-24 16:29:28.693684
AR002240,EMP00058,Brian Velasquez,Operations,GitHub,Admin,Bob Smith,True,2026-03-28 16:29:28.693684
AR002241,EMP00291,Mario Bailey,Engineering,ServiceNow,Read,Alice Johnson,False,2025-12-11 16:29:28.693684
AR002242,EMP00472,Thomas Calderon,Human Resources,Azure,Write,Alice Johnson,False,2025-10-18 16:29:28.693684
AR002243,EMP00016,Stacey Jenkins,Engineering,Salesforce,Admin,Alice Johnson,False,2025-10-10 16:29:28.693684
AR002244,EMP00138,Felicia Carroll,Legal,Salesforce,Admin,Carol Davis,False,2025-08-14 16:29:28.693684
AR002245,EMP00452,Maurice Martinez,Engineering,ServiceNow,Read,Carol Davis,False,2026-04-23 16:29:28.693684
AR002246,EMP00184,Courtney Lewis,Finance,Azure,Read,Bob Smith,True,2026-06-24 16:29:28.693684
AR002247,EMP00300,Nicole Reed,Finance,Salesforce,Admin,Bob Smith,True,2025-09-07 16:29:28.693684
AR002248,EMP00445,Patricia Joseph,Finance,Salesforce,Read,Carol Davis,False,2026-06-01 16:29:28.693684
AR002249,EMP00405,Michael King,Engineering,Active Directory,Write,Bob Smith,False,2026-04-28 16:29:28.693684
AR002250,EMP00357,Kimberly Scott,Operations,AWS,Read,David Brown,False,2025-09-07 16:29:28.693684
AR002251,EMP00056,Jose Johnson,IT,ServiceNow,Write,David Brown,True,2026-07-20 16:29:28.693684
AR002252,EMP00117,Steven Burton,Operations,Salesforce,Read,Carol Davis,True,2026-03-18 16:29:28.693684
AR002253,EMP00329,Danielle Anderson MD,Engineering,GitHub,Write,Alice Johnson,True,2025-09-13 16:29:28.693684
AR002254,EMP00128,Harry Green,Security,ServiceNow,Admin,Carol Davis,False,2026-07-25 16:29:28.693684
AR002255,EMP00486,Stacy Woodward,Security,Salesforce,Admin,Alice Johnson,False,2025-11-15 16:29:28.693684
AR002256,EMP00306,Kristi Atkins,Security,Azure,Write,Alice Johnson,True,2026-01-05 16:29:28.693684
AR002257,EMP00362,Nancy Boyd,Operations,Azure,Read,Carol Davis,False,2026-07-20 16:29:28.693684
AR002258,EMP00084,Stephanie Wyatt,Security,GitHub,Write,David Brown,True,2026-02-02 16:29:28.693684
AR002259,EMP00108,Veronica Novak,Human Resources,Azure,Read,Alice Johnson,False,2025-07-29 16:29:28.693684
AR002260,EMP00289,Sean Hernandez,Finance,AWS,Admin,Carol Davis,False,2025-09-07 16:29:28.693684
AR002261,EMP00372,Jessica Hill,Engineering,Salesforce,Admin,Alice Johnson,False,2025-10-03 16:29:28.693684
AR002262,EMP00373,David Oneill,Security,Azure,Write,Carol Davis,False,2026-03-02 16:29:28.693684
AR002263,EMP00171,Kelly Flores,Finance,AWS,Read,Bob Smith,True,2025-11-08 16:29:28.693684
AR002264,EMP00379,Michael White,Engineering,GitHub,Write,Carol Davis,False,2026-05-27 16:29:28.693684
AR002265,EMP00244,William Jackson,IT,Salesforce,Write,Carol Davis,True,2026-04-04 16:29:28.693684
AR002266,EMP00490,Brandon Bradford,Human Resources,AWS,Admin,David Brown,False,2026-05-28 16:29:28.693684
AR002267,EMP00286,Andrea Rice,Security,GitHub,Admin,Bob Smith,False,2026-01-07 16:29:28.693684
AR002268,EMP00474,Ricardo Perez,Legal,AWS,Write,Carol Davis,True,2026-05-28 16:29:28.693684
AR002269,EMP00337,Jared Reyes,Human Resources,ServiceNow,Admin,David Brown,False,2025-08-19 16:29:28.693684
AR002270,EMP00487,Jason Richardson,IT,Azure,Admin,Carol Davis,True,2026-04-13 16:29:28.693684
AR002271,EMP00225,Sarah Anthony,Operations,ServiceNow,Write,Bob Smith,False,2026-04-03 16:29:28.693684
AR002272,EMP00266,Stephen Lloyd,IT,Active Directory,Admin,Alice Johnson,False,2025-08-21 16:29:28.693684
AR002273,EMP00018,Katherine Adams,Human Resources,Active Directory,Read,David Brown,True,2025-08-13 16:29:28.693684
AR002274,EMP00070,Brooke Proctor,Engineering,Azure,Admin,Carol Davis,True,2026-01-11 16:29:28.693684
AR002275,EMP00175,Janice Alvarez,Finance,AWS,Write,David Brown,True,2026-05-11 16:29:28.693684
AR002276,EMP00094,Victoria Austin,Engineering,GitHub,Admin,Bob Smith,False,2025-09-30 16:29:28.693684
AR002277,EMP00377,Vanessa Winters,Operations,ServiceNow,Write,Carol Davis,False,2025-11-27 16:29:28.693684
AR002278,EMP00170,Scott Smith,Operations,Azure,Write,David Brown,True,2025-09-01 16:29:28.693684
AR002279,EMP00277,Jonathan Davis,Operations,ServiceNow,Admin,Carol Davis,True,2026-03-16 16:29:28.693684
AR002280,EMP00344,Kent Carter,Finance,AWS,Admin,Bob Smith,False,2026-04-18 16:29:28.693684
AR002281,EMP00097,Mary Wyatt,Engineering,AWS,Admin,Carol Davis,True,2025-08-03 16:29:28.693684
AR002282,EMP00132,Megan Scott,Finance,Salesforce,Write,Bob Smith,False,2026-02-25 16:29:28.693684
AR002283,EMP00125,Felicia Rocha,Human Resources,AWS,Write,Alice Johnson,False,2025-12-26 16:29:28.693684
AR002284,EMP00133,Cynthia Woodward,Operations,Salesforce,Write,Bob Smith,False,2026-04-04 16:29:28.693684
AR002285,EMP00197,Brandon West,Finance,ServiceNow,Read,Bob Smith,False,2026-01-26 16:29:28.693684
AR002286,EMP00422,Matthew Wright,Operations,AWS,Read,Carol Davis,True,2026-07-24 16:29:28.693684
AR002287,EMP00161,Devon Neal,Human Resources,Active Directory,Read,Carol Davis,True,2026-05-27 16:29:28.693684
AR002288,EMP00077,Melissa Hill,Human Resources,GitHub,Read,Alice Johnson,False,2025-10-28 16:29:28.693684
AR002289,EMP00240,Randy Gordon,Legal,Active Directory,Admin,David Brown,False,2025-11-13 16:29:28.693684
AR002290,EMP00239,Jimmy Hernandez,Operations,Active Directory,Read,Bob Smith,True,2026-07-27 16:29:28.693684
AR002291,EMP00134,Marilyn Garcia,Operations,AWS,Write,David Brown,False,2026-03-27 16:29:28.693684
AR002292,EMP00131,Ronald Hale,Engineering,Salesforce,Write,Alice Johnson,True,2026-03-24 16:29:28.693684
AR002293,EMP00216,Elizabeth Sellers,Legal,Salesforce,Write,David Brown,True,2025-09-29 16:29:28.693684
AR002294,EMP00207,Robert Ford,Legal,Active Directory,Admin,Alice Johnson,True,2026-03-06 16:29:28.693684
AR002295,EMP00104,Leonard Davis,Security,Azure,Read,David Brown,False,2026-07-13 16:29:28.693684
AR002296,EMP00099,Destiny Spencer,Human Resources,Active Directory,Read,Bob Smith,False,2026-07-21 16:29:28.693684
AR002297,EMP00300,Nicole Reed,Finance,Azure,Write,Bob Smith,True,2026-07-25 16:29:28.693684
AR002298,EMP00293,Cristian Harris,Human Resources,GitHub,Read,Alice Johnson,False,2026-06-22 16:29:28.693684
AR002299,EMP00337,Jared Reyes,Human Resources,AWS,Admin,Bob Smith,False,2026-01-06 16:29:28.693684
AR002300,EMP00453,Steven Lee,Human Resources,GitHub,Admin,Alice Johnson,False,2026-01-12 16:29:28.693684
AR002301,EMP00170,Scott Smith,Operations,Active Directory,Admin,Alice Johnson,False,2026-02-27 16:29:28.693684
AR002302,EMP00163,Misty Rice,IT,ServiceNow,Admin,Carol Davis,False,2026-05-28 16:29:28.693684
AR002303,EMP00310,Lauren Tanner,Finance,Salesforce,Admin,Carol Davis,False,2025-11-03 16:29:28.693684
AR002304,EMP00318,Traci Edwards,Security,GitHub,Admin,David Brown,True,2025-10-03 16:29:28.693684
AR002305,EMP00022,Jim Cox,Human Resources,GitHub,Admin,David Brown,True,2026-04-20 16:29:28.693684
AR002306,EMP00277,Jonathan Davis,Operations,Active Directory,Admin,Bob Smith,False,2025-11-22 16:29:28.693684
AR002307,EMP00083,Michelle Williams,Engineering,ServiceNow,Write,Bob Smith,False,2026-01-16 16:29:28.693684
AR002308,EMP00360,Haley Peterson,Security,Active Directory,Write,Bob Smith,True,2025-08-13 16:29:28.693684
AR002309,EMP00005,Jennifer Sanders,Legal,Azure,Admin,Alice Johnson,True,2026-06-12 16:29:28.693684
AR002310,EMP00478,Charles Henderson,IT,ServiceNow,Admin,Bob Smith,True,2026-02-24 16:29:28.693684
AR002311,EMP00275,Michael Gutierrez,IT,GitHub,Write,Bob Smith,True,2025-12-30 16:29:28.693684
AR002312,EMP00089,Andrew Schmidt,Human Resources,ServiceNow,Write,Bob Smith,True,2025-12-21 16:29:28.693684
AR002313,EMP00204,Charles Wilcox,Human Resources,Azure,Admin,Alice Johnson,False,2025-12-14 16:29:28.693684
AR002314,EMP00097,Mary Wyatt,Engineering,Salesforce,Read,Alice Johnson,False,2026-05-03 16:29:28.693684
AR002315,EMP00447,Kevin Frederick,Security,AWS,Write,Carol Davis,True,2026-04-05 16:29:28.693684
AR002316,EMP00423,Roberto Thomas,Security,Salesforce,Write,Alice Johnson,True,2026-07-15 16:29:28.693684
AR002317,EMP00076,Barbara Reynolds,Human Resources,Salesforce,Write,Bob Smith,False,2026-06-07 16:29:28.693684
AR002318,EMP00032,Jeremiah Bryant,Human Resources,Azure,Read,David Brown,False,2025-10-30 16:29:28.693684
AR002319,EMP00011,Justin White,Security,Azure,Read,David Brown,True,2025-11-10 16:29:28.693684
AR002320,EMP00179,Miguel Weber,Engineering,AWS,Write,David Brown,False,2025-11-25 16:29:28.693684
AR002321,EMP00364,Eric Wilcox,IT,GitHub,Read,Carol Davis,False,2025-08-05 16:29:28.693684
AR002322,EMP00163,Misty Rice,IT,Active Directory,Write,Bob Smith,False,2025-08-20 16:29:28.693684
AR002323,EMP00002,Curtis Archer,Security,Active Directory,Admin,Carol Davis,True,2026-07-04 16:29:28.693684
AR002324,EMP00244,William Jackson,IT,GitHub,Write,Alice Johnson,False,2026-07-03 16:29:28.693684
AR002325,EMP00222,Leah Dennis,Human Resources,Azure,Read,Carol Davis,True,2026-07-25 16:29:28.693684
AR002326,EMP00457,Erik Reyes,Operations,Salesforce,Admin,Alice Johnson,False,2026-03-26 16:29:28.693684
AR002327,EMP00339,Paul Jenkins,Finance,ServiceNow,Read,Alice Johnson,True,2025-10-07 16:29:28.693684
AR002328,EMP00368,Melissa Michael,Finance,Active Directory,Admin,Bob Smith,False,2026-03-08 16:29:28.693684
AR002329,EMP00152,Amber Maddox,Operations,Active Directory,Admin,David Brown,False,2025-08-11 16:29:28.693684
AR002330,EMP00013,Sarah Silva,Legal,ServiceNow,Write,Carol Davis,True,2025-10-15 16:29:28.693684
AR002331,EMP00328,Stacey Barajas,Engineering,Salesforce,Write,Bob Smith,False,2025-08-22 16:29:28.693684
AR002332,EMP00313,Darren Middleton,Human Resources,Salesforce,Read,Bob Smith,True,2025-11-27 16:29:28.693684
AR002333,EMP00321,Dr. Shari Waters MD,Legal,Azure,Write,Bob Smith,True,2026-01-31 16:29:28.693684
AR002334,EMP00262,Lisa White,Human Resources,GitHub,Read,Alice Johnson,True,2026-05-29 16:29:28.693684
AR002335,EMP00283,Chad Soto,Finance,Azure,Read,Carol Davis,False,2026-02-17 16:29:28.693684
AR002336,EMP00359,Michael Barajas,Operations,Salesforce,Write,David Brown,True,2025-08-04 16:29:28.693684
AR002337,EMP00175,Janice Alvarez,Finance,GitHub,Admin,Bob Smith,False,2026-01-03 16:29:28.693684
AR002338,EMP00059,Benjamin Johnson,IT,Azure,Write,Bob Smith,False,2025-09-07 16:29:28.693684
AR002339,EMP00497,Melissa Andrade,Operations,Salesforce,Write,Bob Smith,True,2026-01-10 16:29:28.693684
AR002340,EMP00011,Justin White,Security,Azure,Admin,Bob Smith,True,2025-12-15 16:29:28.693684
AR002341,EMP00371,Karen Harper,Finance,GitHub,Read,David Brown,True,2025-09-17 16:29:28.693684
AR002342,EMP00097,Mary Wyatt,Engineering,Salesforce,Admin,Alice Johnson,False,2025-08-05 16:29:28.693684
AR002343,EMP00346,Alicia Howard,Legal,ServiceNow,Read,Alice Johnson,False,2026-06-22 16:29:28.693684
AR002344,EMP00337,Jared Reyes,Human Resources,Active Directory,Read,Bob Smith,False,2025-12-04 16:29:28.693684
AR002345,EMP00443,Michelle Richardson,Human Resources,AWS,Admin,Alice Johnson,False,2026-01-19 16:29:28.693684
AR002346,EMP00110,Steven Nichols,Security,ServiceNow,Read,Carol Davis,False,2026-04-20 16:29:28.693684
AR002347,EMP00385,Beth Nichols,Security,AWS,Write,Carol Davis,True,2026-06-09 16:29:28.693684
AR002348,EMP00358,Martha Mcgee,IT,GitHub,Admin,Bob Smith,False,2026-05-14 16:29:28.693684
AR002349,EMP00026,Shelly Mclaughlin,Finance,Azure,Read,David Brown,False,2025-11-19 16:29:28.693684
AR002350,EMP00060,Lydia Huffman,Finance,Salesforce,Admin,Bob Smith,True,2025-10-16 16:29:28.693684
AR002351,EMP00296,Richard Richardson,Finance,ServiceNow,Write,David Brown,True,2026-01-06 16:29:28.693684
AR002352,EMP00284,David Miller,IT,GitHub,Read,Alice Johnson,False,2026-02-15 16:29:28.693684
AR002353,EMP00340,Brett Turner,Engineering,GitHub,Read,Bob Smith,False,2026-06-01 16:29:28.693684
AR002354,EMP00160,Tammy Rodriguez,Legal,Salesforce,Read,Bob Smith,True,2025-09-22 16:29:28.693684
AR002355,EMP00358,Martha Mcgee,IT,GitHub,Admin,Alice Johnson,True,2026-07-05 16:29:28.693684
AR002356,EMP00433,Tyler Garcia,Operations,Azure,Write,David Brown,False,2026-03-21 16:29:28.693684
AR002357,EMP00155,Kenneth Miranda,Engineering,Active Directory,Admin,Carol Davis,False,2025-10-10 16:29:28.693684
AR002358,EMP00208,Kimberly Walker,Operations,GitHub,Write,Bob Smith,True,2025-10-23 16:29:28.693684
AR002359,EMP00268,Justin Blankenship,Human Resources,ServiceNow,Read,Alice Johnson,True,2025-10-10 16:29:28.693684
AR002360,EMP00261,Michael Carpenter,Human Resources,AWS,Admin,Bob Smith,True,2025-11-22 16:29:28.693684
AR002361,EMP00225,Sarah Anthony,Operations,AWS,Write,Carol Davis,True,2026-02-15 16:29:28.693684
AR002362,EMP00150,Kyle Cain,Security,Azure,Admin,Carol Davis,True,2026-07-21 16:29:28.693684
AR002363,EMP00270,Dr. Michael Stevens,IT,GitHub,Read,Bob Smith,False,2026-07-26 16:29:28.693684
AR002364,EMP00436,Jill Patterson,IT,GitHub,Read,Alice Johnson,False,2025-12-30 16:29:28.693684
AR002365,EMP00074,Melissa Monroe,Human Resources,ServiceNow,Read,David Brown,True,2026-04-15 16:29:28.693684
AR002366,EMP00456,Alexander Miller,Human Resources,Active Directory,Read,Carol Davis,False,2026-02-06 16:29:28.693684
AR002367,EMP00301,Craig Simpson,Security,Salesforce,Write,Bob Smith,True,2025-08-03 16:29:28.693684
AR002368,EMP00440,Tiffany Brown,Legal,ServiceNow,Read,Alice Johnson,True,2025-10-08 16:29:28.693684
AR002369,EMP00379,Michael White,Engineering,AWS,Write,Alice Johnson,False,2026-06-28 16:29:28.693684
AR002370,EMP00383,Christopher Bonilla,Legal,ServiceNow,Admin,Alice Johnson,True,2025-12-03 16:29:28.693684
AR002371,EMP00410,Jesse Watkins,IT,AWS,Admin,Carol Davis,False,2026-01-10 16:29:28.693684
AR002372,EMP00375,Tina Ochoa,Legal,Salesforce,Admin,Alice Johnson,True,2026-05-14 16:29:28.693684
AR002373,EMP00024,Michael Roberts,Human Resources,AWS,Read,Bob Smith,False,2026-02-08 16:29:28.693684
AR002374,EMP00471,Daniel Harris,Engineering,Azure,Write,Carol Davis,True,2026-07-16 16:29:28.693684
AR002375,EMP00386,Shawn Leblanc,Human Resources,AWS,Read,Bob Smith,False,2026-01-20 16:29:28.693684
AR002376,EMP00482,Jennifer Patel DVM,Engineering,AWS,Read,Bob Smith,True,2026-05-06 16:29:28.693684
AR002377,EMP00408,Mrs. Mary Brown,Human Resources,AWS,Admin,David Brown,True,2025-10-28 16:29:28.693684
AR002378,EMP00082,Ian Wright,Finance,Active Directory,Read,Alice Johnson,False,2026-04-17 16:29:28.693684
AR002379,EMP00064,Dr. Roberto Garner,Engineering,Active Directory,Read,Carol Davis,True,2026-07-19 16:29:28.693684
AR002380,EMP00096,Lauren Jensen,Human Resources,Salesforce,Read,Bob Smith,False,2026-01-19 16:29:28.693684
AR002381,EMP00094,Victoria Austin,Engineering,Active Directory,Admin,Alice Johnson,False,2025-08-25 16:29:28.693684
AR002382,EMP00304,Martin Whitaker,IT,GitHub,Admin,David Brown,True,2026-04-30 16:29:28.693684
AR002383,EMP00265,William Lee,Human Resources,ServiceNow,Admin,Alice Johnson,False,2026-07-03 16:29:28.693684
AR002384,EMP00077,Melissa Hill,Human Resources,GitHub,Write,Bob Smith,False,2026-07-10 16:29:28.693684
AR002385,EMP00440,Tiffany Brown,Legal,Active Directory,Admin,Bob Smith,True,2025-11-11 16:29:28.693684
AR002386,EMP00205,Michael Hunt,Operations,Active Directory,Read,Alice Johnson,False,2026-06-06 16:29:28.693684
AR002387,EMP00374,Patricia Patel,Security,Active Directory,Read,Carol Davis,False,2026-05-09 16:29:28.693684
AR002388,EMP00119,Misty Brandt,Finance,AWS,Read,Alice Johnson,True,2025-11-21 16:29:28.693684
AR002389,EMP00255,Monica Lee,IT,ServiceNow,Read,Alice Johnson,True,2026-07-06 16:29:28.693684
AR002390,EMP00031,Jack Sims,Legal,ServiceNow,Read,Alice Johnson,False,2025-10-14 16:29:28.693684
AR002391,EMP00255,Monica Lee,IT,GitHub,Write,Alice Johnson,True,2025-12-27 16:29:28.693684
AR002392,EMP00001,John Lopez,Human Resources,AWS,Write,Alice Johnson,False,2025-10-05 16:29:28.693684
AR002393,EMP00110,Steven Nichols,Security,Active Directory,Write,Bob Smith,False,2026-07-07 16:29:28.693684
AR002394,EMP00426,Brian Woodard,Legal,Active Directory,Admin,Bob Smith,True,2026-01-25 16:29:28.693684
AR002395,EMP00147,Jeffery Moore,Operations,ServiceNow,Write,Bob Smith,False,2025-12-31 16:29:28.693684
AR002396,EMP00081,Paul Patterson,Legal,GitHub,Admin,Bob Smith,True,2026-04-01 16:29:28.693684
AR002397,EMP00216,Elizabeth Sellers,Legal,Azure,Read,Alice Johnson,False,2025-12-05 16:29:28.693684
AR002398,EMP00438,Michael Fisher,IT,ServiceNow,Write,Carol Davis,False,2025-10-22 16:29:28.693684
AR002399,EMP00221,Marcus Fisher,Finance,AWS,Admin,Alice Johnson,True,2026-03-18 16:29:28.693684
AR002400,EMP00423,Roberto Thomas,Security,Azure,Admin,David Brown,False,2025-11-01 16:29:28.693684
AR002401,EMP00358,Martha Mcgee,IT,ServiceNow,Read,Carol Davis,True,2026-02-23 16:29:28.693684
AR002402,EMP00319,William Thomas MD,Human Resources,Active Directory,Read,Alice Johnson,True,2025-12-31 16:29:28.693684
AR002403,EMP00130,Michele Thomas,IT,AWS,Admin,Carol Davis,False,2025-08-30 16:29:28.693684
AR002404,EMP00158,Cassie Hoffman,Security,Azure,Write,Bob Smith,True,2026-03-25 16:29:28.693684
AR002405,EMP00079,Michael Oliver,Operations,AWS,Admin,David Brown,True,2025-12-31 16:29:28.693684
AR002406,EMP00287,Donna Ramirez,Operations,Active Directory,Write,Carol Davis,False,2025-12-03 16:29:28.693684
AR002407,EMP00370,Terry Parker,Security,Azure,Admin,Carol Davis,False,2025-12-11 16:29:28.693684
AR002408,EMP00048,Brian Travis,Security,Salesforce,Admin,Bob Smith,True,2026-02-10 16:29:28.693684
AR002409,EMP00127,Frank Roy,Human Resources,Salesforce,Read,Bob Smith,True,2025-12-24 16:29:28.693684
AR002410,EMP00198,Crystal Flores,IT,Azure,Admin,Bob Smith,True,2026-05-14 16:29:28.693684
AR002411,EMP00266,Stephen Lloyd,IT,Active Directory,Admin,Carol Davis,True,2026-06-28 16:29:28.693684
AR002412,EMP00189,Joseph Austin,Legal,Azure,Write,Carol Davis,True,2025-11-07 16:29:28.693684
AR002413,EMP00047,Connie Ward,Human Resources,AWS,Write,Carol Davis,True,2025-08-08 16:29:28.693684
AR002414,EMP00211,David Blake,Security,AWS,Write,Carol Davis,False,2026-07-10 16:29:28.693684
AR002415,EMP00407,Rebecca Flores,Legal,GitHub,Write,David Brown,False,2026-05-20 16:29:28.693684
AR002416,EMP00056,Jose Johnson,IT,AWS,Write,Carol Davis,True,2026-04-28 16:29:28.693684
AR002417,EMP00282,David Hawkins,IT,Salesforce,Read,Carol Davis,True,2025-10-31 16:29:28.693684
AR002418,EMP00279,Christian Gomez,Finance,GitHub,Write,Alice Johnson,False,2026-05-10 16:29:28.693684
AR002419,EMP00093,Cody Taylor,Legal,AWS,Admin,Carol Davis,True,2026-03-23 16:29:28.693684
AR002420,EMP00472,Thomas Calderon,Human Resources,Salesforce,Write,David Brown,False,2026-06-13 16:29:28.693684
AR002421,EMP00026,Shelly Mclaughlin,Finance,Azure,Admin,Alice Johnson,False,2025-09-26 16:29:28.693684
AR002422,EMP00390,Sherri Vance,Legal,Active Directory,Write,Bob Smith,True,2025-08-09 16:29:28.693684
AR002423,EMP00046,Jorge Fisher,Legal,AWS,Write,Carol Davis,True,2025-09-27 16:29:28.693684
AR002424,EMP00383,Christopher Bonilla,Legal,ServiceNow,Admin,Alice Johnson,False,2025-08-23 16:29:28.693684
AR002425,EMP00402,Clayton Baker,IT,Active Directory,Read,Bob Smith,True,2026-07-15 16:29:28.693684
AR002426,EMP00334,Kelly Reese,Human Resources,ServiceNow,Write,Bob Smith,False,2025-09-11 16:29:28.693684
AR002427,EMP00030,Alexandra Wilson,Finance,AWS,Admin,Alice Johnson,False,2025-12-20 16:29:28.693684
AR002428,EMP00161,Devon Neal,Human Resources,ServiceNow,Admin,Alice Johnson,True,2026-07-06 16:29:28.693684
AR002429,EMP00019,Alan Yu,IT,ServiceNow,Write,Bob Smith,True,2026-06-09 16:29:28.693684
AR002430,EMP00469,Brian Pham,IT,ServiceNow,Admin,Bob Smith,True,2026-01-27 16:29:28.693684
AR002431,EMP00185,Barry Thompson,Human Resources,Azure,Read,Alice Johnson,True,2026-02-26 16:29:28.693684
AR002432,EMP00171,Kelly Flores,Finance,ServiceNow,Admin,Alice Johnson,False,2025-12-24 16:29:28.693684
AR002433,EMP00125,Felicia Rocha,Human Resources,AWS,Admin,Alice Johnson,False,2025-11-16 16:29:28.693684
AR002434,EMP00276,Christopher Cuevas,Engineering,Azure,Admin,Alice Johnson,False,2026-01-12 16:29:28.693684
AR002435,EMP00276,Christopher Cuevas,Engineering,ServiceNow,Read,David Brown,False,2026-05-09 16:29:28.693684
AR002436,EMP00110,Steven Nichols,Security,GitHub,Write,Carol Davis,True,2025-08-19 16:29:28.693684
AR002437,EMP00116,Penny Frazier,Human Resources,Active Directory,Read,David Brown,True,2026-01-10 16:29:28.693684
AR002438,EMP00016,Stacey Jenkins,Engineering,GitHub,Admin,Bob Smith,True,2026-06-14 16:29:28.693684
AR002439,EMP00096,Lauren Jensen,Human Resources,GitHub,Write,Carol Davis,True,2025-10-02 16:29:28.693684
AR002440,EMP00141,William Durham,Finance,Active Directory,Admin,David Brown,False,2025-10-04 16:29:28.693684
AR002441,EMP00471,Daniel Harris,Engineering,Azure,Admin,Carol Davis,True,2025-09-21 16:29:28.693684
AR002442,EMP00037,Harold Oliver,Operations,ServiceNow,Admin,Carol Davis,True,2026-06-05 16:29:28.693684
AR002443,EMP00337,Jared Reyes,Human Resources,Active Directory,Write,Carol Davis,False,2025-09-27 16:29:28.693684
AR002444,EMP00103,Laura James,Finance,Active Directory,Admin,Carol Davis,True,2025-10-05 16:29:28.693684
AR002445,EMP00262,Lisa White,Human Resources,AWS,Read,Alice Johnson,True,2026-02-06 16:29:28.693684
AR002446,EMP00401,Tammy Chavez,Security,ServiceNow,Admin,Bob Smith,False,2025-09-14 16:29:28.693684
AR002447,EMP00133,Cynthia Woodward,Operations,AWS,Admin,David Brown,True,2026-02-13 16:29:28.693684
AR002448,EMP00227,Bethany Patel,Human Resources,Active Directory,Read,Carol Davis,False,2025-11-30 16:29:28.693684
AR002449,EMP00014,Samantha Valdez,Operations,Active Directory,Admin,Bob Smith,False,2026-05-23 16:29:28.693684
AR002450,EMP00308,Christopher Grant,Finance,AWS,Write,Bob Smith,False,2025-10-13 16:29:28.693684
AR002451,EMP00458,Miss Melissa Tucker,Engineering,Azure,Admin,Carol Davis,False,2025-10-24 16:29:28.693684
AR002452,EMP00433,Tyler Garcia,Operations,ServiceNow,Admin,Bob Smith,True,2026-03-23 16:29:28.693684
AR002453,EMP00489,Nicholas Gonzales,Security,ServiceNow,Write,Carol Davis,True,2025-10-12 16:29:28.693684
AR002454,EMP00251,Amy Merritt,Finance,Salesforce,Read,David Brown,False,2026-07-26 16:29:28.693684
AR002455,EMP00092,Micheal Barajas,Security,ServiceNow,Admin,Bob Smith,True,2026-03-21 16:29:28.693684
AR002456,EMP00167,Peter Contreras,Finance,Azure,Read,David Brown,False,2025-12-08 16:29:28.693684
AR002457,EMP00186,Kelly Calhoun,IT,AWS,Admin,Carol Davis,False,2026-07-08 16:29:28.693684
AR002458,EMP00184,Courtney Lewis,Finance,GitHub,Read,Alice Johnson,True,2026-06-30 16:29:28.693684
AR002459,EMP00369,Robert French,Human Resources,Salesforce,Admin,Alice Johnson,False,2026-04-20 16:29:28.693684
AR002460,EMP00195,Aaron Anderson,Human Resources,ServiceNow,Read,Bob Smith,True,2026-03-24 16:29:28.693684
AR002461,EMP00366,Stacey Jimenez,Security,GitHub,Write,Carol Davis,False,2025-10-13 16:29:28.693684
AR002462,EMP00199,Terry Henson,Legal,Active Directory,Admin,Alice Johnson,False,2026-03-18 16:29:28.693684
AR002463,EMP00057,Tyler Levine,Operations,AWS,Write,Bob Smith,True,2026-01-21 16:29:28.693684
AR002464,EMP00157,Nicole Knox,Legal,Azure,Read,Bob Smith,False,2026-06-06 16:29:28.693684
AR002465,EMP00471,Daniel Harris,Engineering,ServiceNow,Admin,Carol Davis,True,2026-06-19 16:29:28.693684
AR002466,EMP00390,Sherri Vance,Legal,ServiceNow,Admin,Bob Smith,False,2025-11-03 16:29:28.693684
AR002467,EMP00115,Benjamin Thompson,IT,Azure,Read,Carol Davis,True,2026-03-01 16:29:28.693684
AR002468,EMP00191,Kristy Cruz,Security,Active Directory,Read,Alice Johnson,False,2026-03-06 16:29:28.693684
AR002469,EMP00304,Martin Whitaker,IT,AWS,Admin,Bob Smith,False,2025-09-09 16:29:28.693684
AR002470,EMP00311,Mark Deleon,Security,Azure,Read,Alice Johnson,False,2025-10-30 16:29:28.693684
AR002471,EMP00308,Christopher Grant,Finance,Azure,Admin,Carol Davis,False,2025-09-03 16:29:28.693684
AR002472,EMP00222,Leah Dennis,Human Resources,ServiceNow,Read,David Brown,False,2026-01-06 16:29:28.693684
AR002473,EMP00166,Robert Patterson,Engineering,Active Directory,Read,Bob Smith,False,2026-03-12 16:29:28.693684
AR002474,EMP00271,Lori Lamb,Operations,ServiceNow,Read,David Brown,False,2025-09-01 16:29:28.693684
AR002475,EMP00324,Donna Smith,Finance,ServiceNow,Write,David Brown,False,2026-04-09 16:29:28.693684
AR002476,EMP00428,Jaime Baker,Legal,Azure,Admin,David Brown,True,2026-06-10 16:29:28.693684
AR002477,EMP00189,Joseph Austin,Legal,Salesforce,Write,Carol Davis,True,2026-02-19 16:29:28.693684
AR002478,EMP00270,Dr. Michael Stevens,IT,Azure,Read,Bob Smith,False,2025-09-15 16:29:28.693684
AR002479,EMP00419,Brandon Barker,Engineering,Azure,Admin,Carol Davis,False,2025-09-24 16:29:28.693684
AR002480,EMP00478,Charles Henderson,IT,Azure,Read,Bob Smith,True,2025-12-20 16:29:28.693684
AR002481,EMP00433,Tyler Garcia,Operations,Salesforce,Read,Bob Smith,False,2026-01-24 16:29:28.693684
AR002482,EMP00232,David Henson,Engineering,Active Directory,Read,Carol Davis,False,2025-08-21 16:29:28.693684
AR002483,EMP00356,Veronica Diaz,Human Resources,Azure,Admin,Alice Johnson,False,2026-05-25 16:29:28.693684
AR002484,EMP00241,Jacob Powell Jr.,Legal,ServiceNow,Read,Carol Davis,True,2026-01-08 16:29:28.693684
AR002485,EMP00424,Monica Miller,Human Resources,Azure,Write,Bob Smith,False,2026-02-14 16:29:28.693684
AR002486,EMP00156,Michelle Thompson,Human Resources,Azure,Write,Alice Johnson,False,2025-11-10 16:29:28.693684
AR002487,EMP00143,David Johnson,Security,Active Directory,Write,Carol Davis,False,2025-09-05 16:29:28.693684
AR002488,EMP00186,Kelly Calhoun,IT,Azure,Write,Alice Johnson,True,2025-12-16 16:29:28.693684
AR002489,EMP00380,Dennis Garrett,IT,Salesforce,Read,Alice Johnson,False,2026-05-20 16:29:28.693684
AR002490,EMP00318,Traci Edwards,Security,Azure,Read,David Brown,True,2025-09-25 16:29:28.693684
AR002491,EMP00018,Katherine Adams,Human Resources,Active Directory,Read,Carol Davis,True,2025-08-05 16:29:28.693684
AR002492,EMP00383,Christopher Bonilla,Legal,ServiceNow,Read,Carol Davis,False,2025-07-29 16:29:28.693684
AR002493,EMP00464,Sarah David,Legal,ServiceNow,Read,Carol Davis,True,2025-08-06 16:29:28.693684
AR002494,EMP00231,Tracy Sanders,Finance,AWS,Read,Carol Davis,False,2025-11-29 16:29:28.693684
AR002495,EMP00345,William Lewis,Engineering,AWS,Read,Carol Davis,False,2025-11-17 16:29:28.693684
AR002496,EMP00090,Leonard Brown,IT,AWS,Read,Carol Davis,True,2025-08-01 16:29:28.693684
AR002497,EMP00089,Andrew Schmidt,Human Resources,Azure,Write,David Brown,False,2025-11-09 16:29:28.693684
AR002498,EMP00340,Brett Turner,Engineering,GitHub,Write,David Brown,False,2025-09-27 16:29:28.693684
AR002499,EMP00396,Brittany Lynn,IT,ServiceNow,Read,Carol Davis,True,2026-01-08 16:29:28.693684
AR002500,EMP00143,David Johnson,Security,Salesforce,Read,Carol Davis,False,2026-06-05 16:29:28.693684
AR002501,EMP00035,Jonathan Solis,Human Resources,AWS,Read,Alice Johnson,False,2026-06-30 16:29:28.693684
AR002502,EMP00310,Lauren Tanner,Finance,ServiceNow,Write,Carol Davis,True,2026-05-24 16:29:28.693684
AR002503,EMP00451,James Watson,Legal,Active Directory,Write,Alice Johnson,False,2026-01-23 16:29:28.693684
AR002504,EMP00107,Brittany Adams,Engineering,AWS,Admin,Alice Johnson,False,2025-11-01 16:29:28.693684
AR002505,EMP00106,Gloria Thomas,Operations,Active Directory,Write,Carol Davis,False,2025-09-07 16:29:28.693684
AR002506,EMP00404,Nicole Garcia,Security,GitHub,Admin,Alice Johnson,False,2026-06-12 16:29:28.693684
AR002507,EMP00451,James Watson,Legal,Salesforce,Admin,Alice Johnson,True,2026-02-28 16:29:28.693684
AR002508,EMP00206,Laura Cook,Operations,GitHub,Write,Carol Davis,True,2026-05-17 16:29:28.693684
AR002509,EMP00287,Donna Ramirez,Operations,Azure,Read,David Brown,False,2026-06-18 16:29:28.693684
AR002510,EMP00141,William Durham,Finance,ServiceNow,Read,Bob Smith,False,2025-12-25 16:29:28.693684
AR002511,EMP00232,David Henson,Engineering,ServiceNow,Write,Carol Davis,False,2026-07-17 16:29:28.693684
AR002512,EMP00385,Beth Nichols,Security,AWS,Read,Bob Smith,True,2025-11-02 16:29:28.693684
AR002513,EMP00348,Laura Neal,Operations,ServiceNow,Read,Bob Smith,True,2026-05-13 16:29:28.693684
AR002514,EMP00432,Jennifer Torres,Human Resources,Azure,Admin,Carol Davis,True,2026-02-27 16:29:28.693684
AR002515,EMP00053,Daniel Durham,Finance,ServiceNow,Read,David Brown,True,2026-04-23 16:29:28.693684
AR002516,EMP00218,Rebecca Burns,Human Resources,GitHub,Admin,Carol Davis,False,2026-07-17 16:29:28.693684
AR002517,EMP00453,Steven Lee,Human Resources,Active Directory,Write,Alice Johnson,False,2026-07-12 16:29:28.693684
AR002518,EMP00271,Lori Lamb,Operations,Salesforce,Write,Bob Smith,False,2026-04-13 16:29:28.693684
AR002519,EMP00200,Matthew Warren,Security,GitHub,Write,Alice Johnson,True,2025-12-08 16:29:28.693684
AR002520,EMP00264,Carl Stafford,Finance,GitHub,Admin,Carol Davis,False,2026-01-02 16:29:28.693684
AR002521,EMP00460,Maureen Lopez,Security,Azure,Admin,David Brown,True,2025-09-29 16:29:28.693684
AR002522,EMP00440,Tiffany Brown,Legal,GitHub,Write,Carol Davis,False,2026-01-11 16:29:28.693684
AR002523,EMP00479,Jennifer Salazar,Security,Salesforce,Admin,Carol Davis,True,2025-08-30 16:29:28.693684
AR002524,EMP00005,Jennifer Sanders,Legal,Salesforce,Write,Bob Smith,True,2025-11-27 16:29:28.693684
AR002525,EMP00259,Margaret Allen,Legal,GitHub,Write,David Brown,True,2025-09-22 16:29:28.693684
AR002526,EMP00441,Anthony Zimmerman,Security,AWS,Admin,Alice Johnson,False,2025-11-03 16:29:28.693684
AR002527,EMP00045,Jose Williams,Engineering,Salesforce,Admin,Carol Davis,False,2026-02-21 16:29:28.693684
AR002528,EMP00161,Devon Neal,Human Resources,Active Directory,Write,Alice Johnson,False,2026-01-26 16:29:28.693684
AR002529,EMP00470,Teresa Guerrero,Finance,Active Directory,Read,Carol Davis,False,2026-06-27 16:29:28.693684
AR002530,EMP00433,Tyler Garcia,Operations,GitHub,Read,David Brown,False,2026-06-08 16:29:28.693684
AR002531,EMP00431,Mark King,Human Resources,Salesforce,Read,Carol Davis,False,2025-08-24 16:29:28.693684
AR002532,EMP00422,Matthew Wright,Operations,Azure,Admin,David Brown,True,2025-11-11 16:29:28.693684
AR002533,EMP00432,Jennifer Torres,Human Resources,Azure,Read,David Brown,True,2025-12-20 16:29:28.693684
AR002534,EMP00486,Stacy Woodward,Security,Salesforce,Read,Carol Davis,False,2026-04-22 16:29:28.693684
AR002535,EMP00321,Dr. Shari Waters MD,Legal,AWS,Write,Carol Davis,True,2026-06-18 16:29:28.693684
AR002536,EMP00338,Alexander Dudley,Security,GitHub,Admin,David Brown,False,2025-11-10 16:29:28.693684
AR002537,EMP00103,Laura James,Finance,Salesforce,Admin,Alice Johnson,True,2025-11-22 16:29:28.693684
AR002538,EMP00483,Shannon Peterson,Operations,GitHub,Write,Carol Davis,False,2025-08-13 16:29:28.693684
AR002539,EMP00127,Frank Roy,Human Resources,Salesforce,Read,Alice Johnson,False,2026-03-12 16:29:28.693684
AR002540,EMP00376,George Hutchinson,Engineering,Salesforce,Admin,Alice Johnson,False,2026-06-29 16:29:28.693684
AR002541,EMP00061,Joel Pitts,Engineering,Salesforce,Write,Bob Smith,True,2026-03-23 16:29:28.693684
AR002542,EMP00306,Kristi Atkins,Security,GitHub,Write,David Brown,True,2026-01-31 16:29:28.693684
AR002543,EMP00381,Terry Morgan,IT,ServiceNow,Admin,Alice Johnson,False,2026-02-22 16:29:28.693684
AR002544,EMP00486,Stacy Woodward,Security,Azure,Read,David Brown,True,2025-10-19 16:29:28.693684
AR002545,EMP00113,Richard Lambert,Legal,GitHub,Write,Bob Smith,False,2025-10-14 16:29:28.693684
AR002546,EMP00043,Danielle Silva,Operations,ServiceNow,Write,Carol Davis,True,2025-11-28 16:29:28.693684
AR002547,EMP00406,Kyle Rojas,Human Resources,GitHub,Admin,David Brown,False,2025-10-09 16:29:28.693684
AR002548,EMP00148,Jeremy Bailey,Human Resources,GitHub,Admin,Alice Johnson,True,2025-12-15 16:29:28.693684
AR002549,EMP00389,Elizabeth Patel,Security,Active Directory,Admin,Bob Smith,False,2026-06-15 16:29:28.693684
AR002550,EMP00179,Miguel Weber,Engineering,Salesforce,Admin,Alice Johnson,False,2025-11-01 16:29:28.693684
AR002551,EMP00284,David Miller,IT,Azure,Admin,Carol Davis,True,2026-04-30 16:29:28.693684
AR002552,EMP00188,Melissa Hubbard,Human Resources,Active Directory,Read,Carol Davis,False,2026-05-22 16:29:28.693684
AR002553,EMP00277,Jonathan Davis,Operations,Salesforce,Admin,Bob Smith,False,2025-08-24 16:29:28.693684
AR002554,EMP00070,Brooke Proctor,Engineering,Active Directory,Write,Bob Smith,True,2026-01-14 16:29:28.693684
AR002555,EMP00395,Darlene Padilla,Engineering,ServiceNow,Admin,Alice Johnson,False,2025-09-18 16:29:28.693684
AR002556,EMP00032,Jeremiah Bryant,Human Resources,Azure,Write,David Brown,False,2025-08-28 16:29:28.693684
AR002557,EMP00358,Martha Mcgee,IT,GitHub,Admin,David Brown,False,2025-08-01 16:29:28.693684
AR002558,EMP00049,Mrs. Kara Holt,Human Resources,Salesforce,Admin,Bob Smith,False,2026-07-07 16:29:28.693684
AR002559,EMP00088,Tracey Rodriguez,Human Resources,ServiceNow,Admin,Carol Davis,True,2025-10-28 16:29:28.693684
AR002560,EMP00299,Daniel Chambers,Finance,Salesforce,Admin,Bob Smith,True,2026-03-31 16:29:28.693684
AR002561,EMP00399,Jennifer Richardson,Legal,AWS,Write,Bob Smith,False,2026-01-19 16:29:28.693684
AR002562,EMP00451,James Watson,Legal,Active Directory,Write,David Brown,True,2025-09-23 16:29:28.693684
AR002563,EMP00149,Sabrina Hoffman,IT,Active Directory,Write,Carol Davis,True,2025-09-29 16:29:28.693684
AR002564,EMP00319,William Thomas MD,Human Resources,ServiceNow,Read,Bob Smith,False,2026-02-21 16:29:28.693684
AR002565,EMP00443,Michelle Richardson,Human Resources,ServiceNow,Write,Carol Davis,True,2025-08-30 16:29:28.693684
AR002566,EMP00282,David Hawkins,IT,ServiceNow,Read,Alice Johnson,True,2025-09-10 16:29:28.693684
AR002567,EMP00308,Christopher Grant,Finance,Salesforce,Admin,David Brown,False,2026-01-16 16:29:28.693684
AR002568,EMP00350,Brandon Allison,Engineering,Active Directory,Write,Alice Johnson,True,2025-09-23 16:29:28.693684
AR002569,EMP00012,Sean Wang,Finance,Salesforce,Admin,Carol Davis,False,2025-09-04 16:29:28.693684
AR002570,EMP00121,Richard Maldonado,Human Resources,Salesforce,Admin,Carol Davis,True,2025-08-16 16:29:28.693684
AR002571,EMP00496,Jason Lam,Finance,GitHub,Write,Bob Smith,True,2026-01-24 16:29:28.693684
AR002572,EMP00063,Tricia Moody,Operations,GitHub,Write,Bob Smith,True,2026-02-23 16:29:28.693684
AR002573,EMP00130,Michele Thomas,IT,Azure,Write,Alice Johnson,True,2026-04-11 16:29:28.693684
AR002574,EMP00155,Kenneth Miranda,Engineering,Active Directory,Read,Carol Davis,True,2026-04-19 16:29:28.693684
AR002575,EMP00216,Elizabeth Sellers,Legal,AWS,Admin,Carol Davis,False,2026-04-24 16:29:28.693684
AR002576,EMP00294,Shannon Roy,Security,ServiceNow,Admin,Bob Smith,False,2026-02-02 16:29:28.693684
AR002577,EMP00430,Victor Everett,Engineering,Azure,Write,David Brown,False,2026-06-25 16:29:28.693684
AR002578,EMP00293,Cristian Harris,Human Resources,Active Directory,Write,Bob Smith,True,2025-10-09 16:29:28.693684
AR002579,EMP00222,Leah Dennis,Human Resources,GitHub,Write,Carol Davis,True,2026-01-05 16:29:28.693684
AR002580,EMP00329,Danielle Anderson MD,Engineering,ServiceNow,Admin,Alice Johnson,True,2026-01-27 16:29:28.693684
AR002581,EMP00263,Alexis Roberts,Finance,Salesforce,Write,David Brown,False,2026-05-08 16:29:28.693684
AR002582,EMP00274,Stephanie Landry,Security,AWS,Admin,Bob Smith,True,2025-12-02 16:29:28.693684
AR002583,EMP00224,Gina Williams,Finance,AWS,Read,Carol Davis,False,2025-12-27 16:29:28.693684
AR002584,EMP00285,Heather Carter,Human Resources,AWS,Write,Alice Johnson,False,2025-12-17 16:29:28.693684
AR002585,EMP00412,Charles Rogers,Operations,Salesforce,Write,Alice Johnson,False,2026-01-19 16:29:28.693684
AR002586,EMP00171,Kelly Flores,Finance,Active Directory,Admin,David Brown,True,2026-03-03 16:29:28.693684
AR002587,EMP00022,Jim Cox,Human Resources,GitHub,Read,Carol Davis,False,2025-12-02 16:29:28.693684
AR002588,EMP00009,Hayden Young,IT,AWS,Write,Carol Davis,False,2025-10-08 16:29:28.693684
AR002589,EMP00037,Harold Oliver,Operations,Azure,Read,Bob Smith,True,2026-03-23 16:29:28.693684
AR002590,EMP00150,Kyle Cain,Security,Active Directory,Write,David Brown,False,2025-08-12 16:29:28.693684
AR002591,EMP00389,Elizabeth Patel,Security,Active Directory,Admin,Bob Smith,True,2025-10-20 16:29:28.693684
AR002592,EMP00351,Sarah Pratt,Legal,ServiceNow,Admin,Alice Johnson,True,2026-07-23 16:29:28.693684
AR002593,EMP00001,John Lopez,Human Resources,Salesforce,Read,Carol Davis,False,2026-05-31 16:29:28.693684
AR002594,EMP00109,Tracey Morris,IT,Active Directory,Read,Alice Johnson,False,2026-02-09 16:29:28.693684
AR002595,EMP00001,John Lopez,Human Resources,Active Directory,Write,David Brown,True,2026-07-07 16:29:28.693684
AR002596,EMP00015,John Tate,Operations,Active Directory,Read,Carol Davis,False,2025-12-21 16:29:28.693684
AR002597,EMP00392,Shannon Fernandez,Operations,ServiceNow,Read,Bob Smith,True,2026-01-27 16:29:28.693684
AR002598,EMP00304,Martin Whitaker,IT,Active Directory,Write,Bob Smith,True,2026-03-29 16:29:28.693684
AR002599,EMP00356,Veronica Diaz,Human Resources,Azure,Admin,Bob Smith,True,2026-04-30 16:29:28.693684
AR002600,EMP00394,Matthew Dyer,Legal,Active Directory,Write,David Brown,True,2026-04-04 16:29:28.693684
AR002601,EMP00180,Andrea Castillo,Engineering,AWS,Read,Alice Johnson,False,2026-07-05 16:29:28.693684
AR002602,EMP00075,James White,Legal,Azure,Read,Bob Smith,False,2025-10-16 16:29:28.693684
AR002603,EMP00015,John Tate,Operations,AWS,Admin,Alice Johnson,True,2026-07-23 16:29:28.693684
AR002604,EMP00422,Matthew Wright,Operations,ServiceNow,Read,Bob Smith,True,2026-06-15 16:29:28.693684
AR002605,EMP00389,Elizabeth Patel,Security,Azure,Admin,Bob Smith,True,2025-08-06 16:29:28.693684
AR002606,EMP00380,Dennis Garrett,IT,AWS,Write,David Brown,False,2025-09-29 16:29:28.693684
AR002607,EMP00081,Paul Patterson,Legal,Active Directory,Read,Alice Johnson,True,2026-02-01 16:29:28.693684
AR002608,EMP00279,Christian Gomez,Finance,Active Directory,Admin,Bob Smith,True,2025-09-13 16:29:28.693684
AR002609,EMP00127,Frank Roy,Human Resources,Azure,Read,Carol Davis,False,2025-09-07 16:29:28.693684
AR002610,EMP00112,Natalie Friedman,Security,AWS,Admin,Alice Johnson,True,2026-06-14 16:29:28.693684
AR002611,EMP00049,Mrs. Kara Holt,Human Resources,AWS,Admin,Alice Johnson,False,2025-11-08 16:29:28.693684
AR002612,EMP00437,Elizabeth Sanchez,Legal,AWS,Admin,David Brown,True,2025-09-24 16:29:28.693684
AR002613,EMP00068,Sean Reyes,Human Resources,Salesforce,Admin,Alice Johnson,True,2025-10-31 16:29:28.693684
AR002614,EMP00097,Mary Wyatt,Engineering,AWS,Write,Carol Davis,True,2025-10-31 16:29:28.693684
AR002615,EMP00177,Brett Murray,Finance,AWS,Write,Alice Johnson,True,2025-10-05 16:29:28.693684
AR002616,EMP00236,Heidi Chambers,Engineering,Salesforce,Read,David Brown,False,2026-07-19 16:29:28.693684
AR002617,EMP00019,Alan Yu,IT,Active Directory,Read,Alice Johnson,True,2025-08-29 16:29:28.693684
AR002618,EMP00299,Daniel Chambers,Finance,AWS,Write,David Brown,False,2025-10-05 16:29:28.693684
AR002619,EMP00273,Matthew Lozano,Finance,Active Directory,Admin,David Brown,True,2025-09-04 16:29:28.693684
AR002620,EMP00112,Natalie Friedman,Security,Salesforce,Read,David Brown,True,2025-12-22 16:29:28.693684
AR002621,EMP00291,Mario Bailey,Engineering,GitHub,Admin,Alice Johnson,False,2026-05-26 16:29:28.693684
AR002622,EMP00113,Richard Lambert,Legal,ServiceNow,Admin,Bob Smith,False,2025-10-31 16:29:28.693684
AR002623,EMP00415,Dave Gutierrez,Human Resources,AWS,Read,Bob Smith,True,2026-01-14 16:29:28.693684
AR002624,EMP00044,Rebecca Glenn,Finance,Active Directory,Write,David Brown,True,2026-02-26 16:29:28.693684
AR002625,EMP00022,Jim Cox,Human Resources,Active Directory,Read,Bob Smith,True,2025-09-07 16:29:28.693684
AR002626,EMP00457,Erik Reyes,Operations,AWS,Write,David Brown,False,2025-10-08 16:29:28.693684
AR002627,EMP00303,Judith Wright,Security,GitHub,Read,David Brown,True,2025-11-16 16:29:28.693684
AR002628,EMP00283,Chad Soto,Finance,Azure,Read,David Brown,True,2026-06-28 16:29:28.693684
AR002629,EMP00190,Regina Turner,Legal,Salesforce,Read,Carol Davis,False,2025-11-06 16:29:28.693684
AR002630,EMP00305,Benjamin Stewart,Human Resources,AWS,Read,Bob Smith,False,2025-09-28 16:29:28.693684
AR002631,EMP00008,Nathaniel Green,Operations,ServiceNow,Admin,Carol Davis,False,2026-01-06 16:29:28.693684
AR002632,EMP00266,Stephen Lloyd,IT,Salesforce,Admin,David Brown,True,2026-02-20 16:29:28.693684
AR002633,EMP00174,Emily Church,Human Resources,Active Directory,Read,Carol Davis,False,2026-01-21 16:29:28.693684
AR002634,EMP00346,Alicia Howard,Legal,Azure,Admin,Alice Johnson,True,2025-07-29 16:29:28.693684
AR002635,EMP00453,Steven Lee,Human Resources,Azure,Write,Alice Johnson,True,2026-03-21 16:29:28.693684
AR002636,EMP00461,Daniel Harris,IT,ServiceNow,Read,Bob Smith,False,2025-08-14 16:29:28.693684
AR002637,EMP00144,Joseph Bryant,Operations,AWS,Write,Alice Johnson,True,2025-12-10 16:29:28.693684
AR002638,EMP00173,David Stephenson,Engineering,ServiceNow,Read,David Brown,True,2026-06-08 16:29:28.693684
AR002639,EMP00493,Edward Ferrell,Finance,Active Directory,Admin,Bob Smith,True,2025-10-06 16:29:28.693684
AR002640,EMP00017,Taylor Mccormick,Engineering,Azure,Read,Alice Johnson,False,2025-10-18 16:29:28.693684
AR002641,EMP00495,Sarah Woods,Finance,ServiceNow,Admin,Carol Davis,True,2026-05-14 16:29:28.693684
AR002642,EMP00021,Brandi Smith,Operations,Azure,Admin,David Brown,True,2026-03-31 16:29:28.693684
AR002643,EMP00049,Mrs. Kara Holt,Human Resources,Salesforce,Admin,Carol Davis,False,2025-12-30 16:29:28.693684
AR002644,EMP00423,Roberto Thomas,Security,GitHub,Write,Bob Smith,False,2025-10-05 16:29:28.693684
AR002645,EMP00124,Raymond Mullen,Finance,Active Directory,Write,David Brown,True,2026-06-19 16:29:28.693684
AR002646,EMP00439,Mia Davis,IT,Salesforce,Write,Carol Davis,False,2026-06-29 16:29:28.693684
AR002647,EMP00241,Jacob Powell Jr.,Legal,Azure,Write,David Brown,False,2026-03-06 16:29:28.693684
AR002648,EMP00222,Leah Dennis,Human Resources,Salesforce,Admin,Bob Smith,False,2025-09-06 16:29:28.693684
AR002649,EMP00320,David Ayala,Security,GitHub,Admin,Bob Smith,True,2026-06-11 16:29:28.693684
AR002650,EMP00126,Isabel Perez,Engineering,GitHub,Admin,Carol Davis,False,2026-01-17 16:29:28.693684
AR002651,EMP00370,Terry Parker,Security,Azure,Admin,David Brown,True,2026-06-17 16:29:28.693684
AR002652,EMP00281,Randy Cortez DVM,Finance,GitHub,Write,Alice Johnson,False,2026-05-01 16:29:28.693684
AR002653,EMP00210,Meredith Atkinson DVM,Operations,Azure,Read,David Brown,True,2026-02-04 16:29:28.693684
AR002654,EMP00373,David Oneill,Security,ServiceNow,Read,Bob Smith,True,2026-01-10 16:29:28.693684
AR002655,EMP00090,Leonard Brown,IT,Active Directory,Write,David Brown,True,2026-03-27 16:29:28.693684
AR002656,EMP00246,Jennifer Bates,Legal,Active Directory,Admin,Carol Davis,False,2026-07-12 16:29:28.693684
AR002657,EMP00180,Andrea Castillo,Engineering,GitHub,Write,Bob Smith,False,2025-11-04 16:29:28.693684
AR002658,EMP00115,Benjamin Thompson,IT,AWS,Admin,Alice Johnson,False,2026-03-04 16:29:28.693684
AR002659,EMP00296,Richard Richardson,Finance,Active Directory,Write,Bob Smith,True,2026-05-06 16:29:28.693684
AR002660,EMP00491,Melissa Knight,Engineering,Salesforce,Read,Carol Davis,False,2026-01-31 16:29:28.693684
AR002661,EMP00315,Colleen Cochran,Operations,Active Directory,Admin,Bob Smith,True,2026-07-27 16:29:28.693684
AR002662,EMP00492,Jonathan Reese,Operations,Azure,Read,David Brown,True,2025-12-05 16:29:28.693684
AR002663,EMP00049,Mrs. Kara Holt,Human Resources,Salesforce,Admin,Bob Smith,True,2025-12-31 16:29:28.693684
AR002664,EMP00182,Megan Harris,Finance,AWS,Admin,Alice Johnson,True,2025-11-27 16:29:28.693684
AR002665,EMP00008,Nathaniel Green,Operations,Active Directory,Read,David Brown,True,2025-08-18 16:29:28.693684
AR002666,EMP00365,Mary Jones,Human Resources,Active Directory,Read,Alice Johnson,True,2026-05-09 16:29:28.693684
AR002667,EMP00350,Brandon Allison,Engineering,GitHub,Admin,Bob Smith,False,2026-07-11 16:29:28.693684
AR002668,EMP00200,Matthew Warren,Security,Azure,Admin,Bob Smith,False,2026-02-03 16:29:28.693684
AR002669,EMP00209,Sherry Hale,IT,AWS,Write,Bob Smith,False,2026-04-24 16:29:28.693684
AR002670,EMP00222,Leah Dennis,Human Resources,AWS,Read,Bob Smith,True,2025-09-24 16:29:28.693684
AR002671,EMP00070,Brooke Proctor,Engineering,ServiceNow,Write,Carol Davis,True,2026-01-06 16:29:28.693684
AR002672,EMP00281,Randy Cortez DVM,Finance,Azure,Write,Alice Johnson,True,2025-10-08 16:29:28.693684
AR002673,EMP00417,Ashley Taylor,IT,Salesforce,Admin,Bob Smith,False,2026-07-01 16:29:28.693684
AR002674,EMP00063,Tricia Moody,Operations,Salesforce,Admin,David Brown,True,2026-02-28 16:29:28.693684
AR002675,EMP00085,Kathleen Lynch,Human Resources,GitHub,Admin,David Brown,True,2025-09-19 16:29:28.693684
AR002676,EMP00449,Jamie Robinson,Engineering,Salesforce,Write,David Brown,True,2025-08-14 16:29:28.693684
AR002677,EMP00248,Breanna Gomez,Operations,GitHub,Read,Alice Johnson,True,2026-02-10 16:29:28.693684
AR002678,EMP00367,Alice Hardy,IT,Azure,Read,Carol Davis,False,2026-04-06 16:29:28.693684
AR002679,EMP00095,Steven Gardner,Engineering,Salesforce,Write,David Brown,False,2026-04-25 16:29:28.693684
AR002680,EMP00412,Charles Rogers,Operations,Azure,Write,Alice Johnson,False,2025-08-09 16:29:28.693684
AR002681,EMP00381,Terry Morgan,IT,Azure,Admin,Carol Davis,False,2026-02-21 16:29:28.693684
AR002682,EMP00327,Joel Peters,Legal,Azure,Write,Bob Smith,True,2026-01-29 16:29:28.693684
AR002683,EMP00353,Gail Ellis,Legal,Salesforce,Read,David Brown,True,2025-08-15 16:29:28.693684
AR002684,EMP00306,Kristi Atkins,Security,ServiceNow,Read,David Brown,False,2025-11-03 16:29:28.693684
AR002685,EMP00153,Jennifer Freeman,Security,AWS,Write,David Brown,False,2025-11-13 16:29:28.693684
AR002686,EMP00218,Rebecca Burns,Human Resources,Active Directory,Write,Alice Johnson,True,2026-01-28 16:29:28.693684
AR002687,EMP00213,Gregory Lyons,IT,Azure,Write,Carol Davis,False,2025-09-18 16:29:28.693684
AR002688,EMP00454,Sarah Phillips,Human Resources,Active Directory,Admin,Carol Davis,False,2025-10-09 16:29:28.693684
AR002689,EMP00161,Devon Neal,Human Resources,Salesforce,Read,Carol Davis,True,2026-01-06 16:29:28.693684
AR002690,EMP00194,Samantha Whitaker,IT,Azure,Write,Alice Johnson,False,2025-09-03 16:29:28.693684
AR002691,EMP00265,William Lee,Human Resources,Active Directory,Write,Bob Smith,False,2026-02-25 16:29:28.693684
AR002692,EMP00446,Mrs. Autumn Wyatt,Legal,ServiceNow,Write,David Brown,True,2026-05-21 16:29:28.693684
AR002693,EMP00322,Michael Arias,Operations,GitHub,Read,Bob Smith,False,2025-11-25 16:29:28.693684
AR002694,EMP00095,Steven Gardner,Engineering,ServiceNow,Read,Alice Johnson,True,2026-04-17 16:29:28.693684
AR002695,EMP00478,Charles Henderson,IT,AWS,Read,Bob Smith,True,2025-09-24 16:29:28.693684
AR002696,EMP00237,Deborah Hall,Security,ServiceNow,Admin,Bob Smith,True,2025-10-19 16:29:28.693684
AR002697,EMP00209,Sherry Hale,IT,Azure,Write,David Brown,True,2026-07-25 16:29:28.693684
AR002698,EMP00486,Stacy Woodward,Security,GitHub,Admin,Alice Johnson,False,2026-04-25 16:29:28.693684
AR002699,EMP00380,Dennis Garrett,IT,ServiceNow,Read,Carol Davis,False,2025-08-23 16:29:28.693684
AR002700,EMP00057,Tyler Levine,Operations,Active Directory,Write,Carol Davis,True,2025-07-28 16:29:28.693684
AR002701,EMP00185,Barry Thompson,Human Resources,ServiceNow,Read,David Brown,True,2026-04-12 16:29:28.693684
AR002702,EMP00445,Patricia Joseph,Finance,Active Directory,Read,David Brown,True,2025-12-03 16:29:28.693684
AR002703,EMP00157,Nicole Knox,Legal,GitHub,Admin,David Brown,False,2026-04-02 16:29:28.693684
AR002704,EMP00190,Regina Turner,Legal,Active Directory,Write,Alice Johnson,False,2025-12-01 16:29:28.693684
AR002705,EMP00148,Jeremy Bailey,Human Resources,Salesforce,Read,Bob Smith,False,2026-04-27 16:29:28.693684
AR002706,EMP00132,Megan Scott,Finance,AWS,Read,Alice Johnson,True,2026-03-28 16:29:28.693684
AR002707,EMP00351,Sarah Pratt,Legal,Active Directory,Admin,David Brown,True,2026-02-10 16:29:28.693684
AR002708,EMP00266,Stephen Lloyd,IT,GitHub,Read,Alice Johnson,False,2025-12-14 16:29:28.693684
AR002709,EMP00419,Brandon Barker,Engineering,ServiceNow,Admin,David Brown,True,2026-01-03 16:29:28.693684
AR002710,EMP00317,Caleb Myers,IT,Azure,Read,David Brown,False,2025-09-13 16:29:28.693684
AR002711,EMP00301,Craig Simpson,Security,Salesforce,Write,Carol Davis,False,2025-11-24 16:29:28.693684
AR002712,EMP00192,Jennifer Hogan,Human Resources,Salesforce,Read,Alice Johnson,True,2025-08-03 16:29:28.693684
AR002713,EMP00157,Nicole Knox,Legal,AWS,Write,Carol Davis,False,2026-02-19 16:29:28.693684
AR002714,EMP00486,Stacy Woodward,Security,Salesforce,Admin,David Brown,True,2026-03-29 16:29:28.693684
AR002715,EMP00221,Marcus Fisher,Finance,ServiceNow,Admin,David Brown,False,2026-03-10 16:29:28.693684
AR002716,EMP00041,Jody Burton,Engineering,Azure,Read,David Brown,False,2026-07-24 16:29:28.693684
AR002717,EMP00264,Carl Stafford,Finance,Salesforce,Admin,Carol Davis,True,2026-05-16 16:29:28.693684
AR002718,EMP00231,Tracy Sanders,Finance,Active Directory,Write,Carol Davis,False,2025-08-14 16:29:28.693684
AR002719,EMP00328,Stacey Barajas,Engineering,ServiceNow,Write,Carol Davis,True,2025-07-30 16:29:28.693684
AR002720,EMP00447,Kevin Frederick,Security,AWS,Read,Alice Johnson,False,2026-05-31 16:29:28.693684
AR002721,EMP00144,Joseph Bryant,Operations,Active Directory,Write,Carol Davis,False,2026-01-12 16:29:28.693684
AR002722,EMP00479,Jennifer Salazar,Security,AWS,Write,David Brown,True,2025-09-16 16:29:28.693684
AR002723,EMP00196,Melissa Dudley,Engineering,GitHub,Write,Carol Davis,True,2026-05-18 16:29:28.693684
AR002724,EMP00159,Andrew Roberts,Operations,Azure,Read,David Brown,True,2026-05-28 16:29:28.693684
AR002725,EMP00386,Shawn Leblanc,Human Resources,GitHub,Admin,Bob Smith,True,2025-09-11 16:29:28.693684
AR002726,EMP00382,Elizabeth Lang,Human Resources,AWS,Admin,Carol Davis,False,2026-01-19 16:29:28.693684
AR002727,EMP00089,Andrew Schmidt,Human Resources,ServiceNow,Read,David Brown,True,2026-07-21 16:29:28.693684
AR002728,EMP00135,Steven Dunn,Engineering,Active Directory,Write,Carol Davis,True,2025-10-12 16:29:28.693684
AR002729,EMP00408,Mrs. Mary Brown,Human Resources,Azure,Admin,Bob Smith,True,2025-08-16 16:29:28.693684
AR002730,EMP00409,Jessica Warner,Security,Active Directory,Read,Carol Davis,False,2026-01-01 16:29:28.693684
AR002731,EMP00337,Jared Reyes,Human Resources,Salesforce,Read,Bob Smith,False,2026-02-28 16:29:28.693684
AR002732,EMP00204,Charles Wilcox,Human Resources,AWS,Write,David Brown,False,2026-04-25 16:29:28.693684
AR002733,EMP00416,Victoria Silva,Legal,Active Directory,Read,Bob Smith,True,2026-06-26 16:29:28.693684
AR002734,EMP00232,David Henson,Engineering,Azure,Read,Bob Smith,True,2025-10-13 16:29:28.693684
AR002735,EMP00416,Victoria Silva,Legal,Active Directory,Read,David Brown,False,2026-01-28 16:29:28.693684
AR002736,EMP00197,Brandon West,Finance,GitHub,Read,Carol Davis,False,2026-02-17 16:29:28.693684
AR002737,EMP00497,Melissa Andrade,Operations,Active Directory,Admin,Bob Smith,True,2025-11-12 16:29:28.693684
AR002738,EMP00056,Jose Johnson,IT,GitHub,Read,Carol Davis,True,2026-01-19 16:29:28.693684
AR002739,EMP00374,Patricia Patel,Security,AWS,Write,Bob Smith,False,2026-02-23 16:29:28.693684
AR002740,EMP00385,Beth Nichols,Security,Active Directory,Write,Carol Davis,False,2025-11-08 16:29:28.693684
AR002741,EMP00171,Kelly Flores,Finance,Active Directory,Admin,Bob Smith,False,2025-11-15 16:29:28.693684
AR002742,EMP00147,Jeffery Moore,Operations,Salesforce,Write,Carol Davis,False,2026-07-04 16:29:28.693684
AR002743,EMP00244,William Jackson,IT,AWS,Read,David Brown,False,2025-08-03 16:29:28.693684
AR002744,EMP00306,Kristi Atkins,Security,ServiceNow,Read,David Brown,True,2026-06-17 16:29:28.693684
AR002745,EMP00379,Michael White,Engineering,AWS,Admin,David Brown,False,2026-07-16 16:29:28.693684
AR002746,EMP00402,Clayton Baker,IT,GitHub,Admin,Bob Smith,False,2025-08-30 16:29:28.693684
AR002747,EMP00043,Danielle Silva,Operations,ServiceNow,Admin,Bob Smith,False,2025-08-10 16:29:28.693684
AR002748,EMP00362,Nancy Boyd,Operations,AWS,Read,David Brown,True,2025-07-28 16:29:28.693684
AR002749,EMP00012,Sean Wang,Finance,GitHub,Read,Alice Johnson,True,2025-10-14 16:29:28.693684
AR002750,EMP00154,Robert Howell,Legal,GitHub,Write,Bob Smith,False,2026-03-08 16:29:28.693684
AR002751,EMP00455,James Pierce,Finance,Azure,Read,Alice Johnson,True,2026-04-04 16:29:28.693684
AR002752,EMP00050,Mr. Ronald Wright,IT,GitHub,Read,David Brown,False,2026-01-15 16:29:28.693684
AR002753,EMP00170,Scott Smith,Operations,Salesforce,Write,Alice Johnson,True,2026-05-12 16:29:28.693684
AR002754,EMP00434,Dean Mayo,Human Resources,GitHub,Write,Carol Davis,True,2026-06-13 16:29:28.693684
AR002755,EMP00065,Jeffrey Orozco,Legal,Salesforce,Admin,Carol Davis,False,2025-09-13 16:29:28.693684
AR002756,EMP00198,Crystal Flores,IT,ServiceNow,Write,David Brown,False,2025-12-28 16:29:28.693684
AR002757,EMP00048,Brian Travis,Security,AWS,Write,Carol Davis,False,2026-01-12 16:29:28.695686
AR002758,EMP00048,Brian Travis,Security,AWS,Write,Alice Johnson,False,2026-04-18 16:29:28.695686
AR002759,EMP00324,Donna Smith,Finance,Active Directory,Write,David Brown,False,2026-05-06 16:29:28.695686
AR002760,EMP00491,Melissa Knight,Engineering,ServiceNow,Write,Bob Smith,False,2026-05-18 16:29:28.695686
AR002761,EMP00493,Edward Ferrell,Finance,ServiceNow,Write,Bob Smith,True,2025-12-01 16:29:28.695686
AR002762,EMP00464,Sarah David,Legal,Active Directory,Admin,Carol Davis,True,2026-05-24 16:29:28.695686
AR002763,EMP00247,David Shah,Finance,Salesforce,Write,David Brown,False,2026-02-22 16:29:28.695686
AR002764,EMP00018,Katherine Adams,Human Resources,AWS,Read,Bob Smith,True,2025-07-29 16:29:28.695686
AR002765,EMP00166,Robert Patterson,Engineering,AWS,Admin,Alice Johnson,False,2026-05-29 16:29:28.695686
AR002766,EMP00058,Brian Velasquez,Operations,Salesforce,Read,Alice Johnson,False,2025-10-02 16:29:28.695686
AR002767,EMP00447,Kevin Frederick,Security,GitHub,Write,Bob Smith,False,2025-11-19 16:29:28.695686
AR002768,EMP00125,Felicia Rocha,Human Resources,ServiceNow,Read,David Brown,False,2025-11-30 16:29:28.695686
AR002769,EMP00124,Raymond Mullen,Finance,Salesforce,Write,Carol Davis,False,2026-05-09 16:29:28.695686
AR002770,EMP00217,Monica Castillo,Legal,AWS,Admin,Bob Smith,False,2026-06-02 16:29:28.695686
AR002771,EMP00376,George Hutchinson,Engineering,GitHub,Write,Alice Johnson,False,2025-08-16 16:29:28.695686
AR002772,EMP00295,Kristen Howell,IT,Azure,Write,David Brown,False,2026-06-14 16:29:28.695686
AR002773,EMP00388,Kari Pace,Legal,Salesforce,Admin,Alice Johnson,False,2026-05-17 16:29:28.695686
AR002774,EMP00288,Christopher Young,Legal,Active Directory,Write,David Brown,False,2025-09-22 16:29:28.695686
AR002775,EMP00265,William Lee,Human Resources,Azure,Admin,Alice Johnson,True,2026-01-12 16:29:28.695686
AR002776,EMP00460,Maureen Lopez,Security,Salesforce,Admin,David Brown,False,2025-12-27 16:29:28.695686
AR002777,EMP00420,Jeremy Lopez,Legal,ServiceNow,Admin,David Brown,False,2026-04-15 16:29:28.695686
AR002778,EMP00160,Tammy Rodriguez,Legal,Azure,Write,Bob Smith,True,2026-02-21 16:29:28.695686
AR002779,EMP00312,Rachael Fisher,Engineering,Active Directory,Read,Alice Johnson,True,2026-01-26 16:29:28.695686
AR002780,EMP00470,Teresa Guerrero,Finance,Active Directory,Read,Bob Smith,False,2025-11-01 16:29:28.695686
AR002781,EMP00200,Matthew Warren,Security,Azure,Write,David Brown,False,2026-06-03 16:29:28.695686
AR002782,EMP00204,Charles Wilcox,Human Resources,Azure,Write,Carol Davis,True,2025-10-30 16:29:28.695686
AR002783,EMP00497,Melissa Andrade,Operations,Active Directory,Read,David Brown,True,2026-01-19 16:29:28.695686
AR002784,EMP00436,Jill Patterson,IT,Salesforce,Write,David Brown,True,2026-07-08 16:29:28.695686
AR002785,EMP00498,Ricky Cook,Operations,Active Directory,Admin,David Brown,False,2026-01-25 16:29:28.695686
AR002786,EMP00144,Joseph Bryant,Operations,Azure,Admin,Carol Davis,True,2026-06-12 16:29:28.695686
AR002787,EMP00089,Andrew Schmidt,Human Resources,Salesforce,Admin,Alice Johnson,True,2026-01-06 16:29:28.695686
AR002788,EMP00029,Jeffrey Sullivan,IT,GitHub,Write,David Brown,True,2026-02-16 16:29:28.695686
AR002789,EMP00473,Zachary Martinez,Human Resources,Azure,Admin,David Brown,True,2025-09-24 16:29:28.695686
AR002790,EMP00145,Michael Adams,Finance,Salesforce,Write,Alice Johnson,True,2025-11-07 16:29:28.695686
AR002791,EMP00489,Nicholas Gonzales,Security,AWS,Write,David Brown,False,2026-05-22 16:29:28.695686
AR002792,EMP00255,Monica Lee,IT,Salesforce,Write,Carol Davis,True,2025-12-10 16:29:28.695686
AR002793,EMP00274,Stephanie Landry,Security,AWS,Write,Carol Davis,False,2026-07-12 16:29:28.695686
AR002794,EMP00230,Michael Morales,IT,AWS,Read,Bob Smith,True,2026-04-01 16:29:28.695686
AR002795,EMP00172,Susan Hanson,Security,ServiceNow,Read,Bob Smith,False,2025-10-21 16:29:28.695686
AR002796,EMP00387,Joshua Phillips,Operations,Azure,Admin,Carol Davis,False,2025-09-11 16:29:28.695686
AR002797,EMP00363,Leslie Johnson,Operations,GitHub,Read,David Brown,False,2026-05-02 16:29:28.695686
AR002798,EMP00172,Susan Hanson,Security,ServiceNow,Admin,Alice Johnson,False,2025-12-28 16:29:28.695686
AR002799,EMP00101,Kirk Cortez,Legal,Azure,Read,Bob Smith,False,2026-05-28 16:29:28.695686
AR002800,EMP00234,Kaitlin Martinez,Engineering,AWS,Read,Alice Johnson,False,2026-05-21 16:29:28.695686
AR002801,EMP00497,Melissa Andrade,Operations,AWS,Write,Alice Johnson,True,2025-09-13 16:29:28.695686
AR002802,EMP00102,Jake Barker,Security,Active Directory,Admin,Bob Smith,True,2025-09-05 16:29:28.695686
AR002803,EMP00261,Michael Carpenter,Human Resources,Azure,Admin,Bob Smith,False,2025-07-31 16:29:28.695686
AR002804,EMP00298,Patricia Potter,Human Resources,GitHub,Write,Alice Johnson,False,2026-04-23 16:29:28.695686
AR002805,EMP00181,Michelle Gill,Legal,Salesforce,Write,Bob Smith,False,2026-03-19 16:29:28.695686
AR002806,EMP00284,David Miller,IT,Active Directory,Admin,Alice Johnson,False,2025-09-01 16:29:28.695686
AR002807,EMP00426,Brian Woodard,Legal,Active Directory,Read,David Brown,False,2025-09-22 16:29:28.695686
AR002808,EMP00181,Michelle Gill,Legal,GitHub,Admin,Alice Johnson,False,2025-11-16 16:29:28.695686
AR002809,EMP00052,Joshua Jones,Engineering,GitHub,Admin,Bob Smith,True,2026-06-09 16:29:28.695686
AR002810,EMP00252,Nicholas Taylor,Security,Active Directory,Admin,Alice Johnson,True,2025-12-13 16:29:28.695686
AR002811,EMP00013,Sarah Silva,Legal,Azure,Admin,Bob Smith,True,2026-03-29 16:29:28.695686
AR002812,EMP00256,Carlos Dixon,Human Resources,Azure,Admin,Alice Johnson,True,2025-12-14 16:29:28.695686
AR002813,EMP00051,Richard Velez,Legal,GitHub,Read,Carol Davis,False,2026-02-15 16:29:28.695686
AR002814,EMP00305,Benjamin Stewart,Human Resources,Active Directory,Admin,Bob Smith,True,2026-04-19 16:29:28.695686
AR002815,EMP00480,Joshua Davis,Engineering,AWS,Admin,David Brown,False,2025-11-08 16:29:28.695686
AR002816,EMP00025,David Everett,Human Resources,Salesforce,Read,Alice Johnson,True,2026-01-24 16:29:28.695686
AR002817,EMP00083,Michelle Williams,Engineering,Active Directory,Write,Bob Smith,True,2025-08-23 16:29:28.695686
AR002818,EMP00015,John Tate,Operations,GitHub,Write,Bob Smith,True,2025-12-07 16:29:28.695686
AR002819,EMP00297,Jonathan Hampton,Finance,GitHub,Write,David Brown,False,2026-03-06 16:29:28.695686
AR002820,EMP00424,Monica Miller,Human Resources,ServiceNow,Admin,Carol Davis,True,2025-12-03 16:29:28.695686
AR002821,EMP00199,Terry Henson,Legal,AWS,Write,Bob Smith,True,2026-06-07 16:29:28.695686
AR002822,EMP00245,Sarah Jefferson,Operations,GitHub,Write,Alice Johnson,True,2026-05-13 16:29:28.695686
AR002823,EMP00124,Raymond Mullen,Finance,Azure,Admin,David Brown,True,2026-01-21 16:29:28.695686
AR002824,EMP00339,Paul Jenkins,Finance,AWS,Write,Carol Davis,True,2026-01-17 16:29:28.695686
AR002825,EMP00148,Jeremy Bailey,Human Resources,Salesforce,Read,Carol Davis,False,2026-03-16 16:29:28.695686
AR002826,EMP00234,Kaitlin Martinez,Engineering,AWS,Write,Bob Smith,False,2025-12-06 16:29:28.695686
AR002827,EMP00105,David Rose,IT,GitHub,Admin,Alice Johnson,True,2025-09-19 16:29:28.695686
AR002828,EMP00102,Jake Barker,Security,ServiceNow,Write,Alice Johnson,False,2026-01-12 16:29:28.695686
AR002829,EMP00166,Robert Patterson,Engineering,Salesforce,Read,Alice Johnson,True,2026-04-29 16:29:28.695686
AR002830,EMP00153,Jennifer Freeman,Security,ServiceNow,Admin,Bob Smith,True,2025-08-11 16:29:28.695686
AR002831,EMP00380,Dennis Garrett,IT,Active Directory,Admin,Bob Smith,False,2025-12-01 16:29:28.695686
AR002832,EMP00452,Maurice Martinez,Engineering,AWS,Write,Alice Johnson,False,2025-10-17 16:29:28.695686
AR002833,EMP00265,William Lee,Human Resources,Salesforce,Read,Bob Smith,True,2025-09-30 16:29:28.695686
AR002834,EMP00134,Marilyn Garcia,Operations,GitHub,Read,Carol Davis,True,2025-08-31 16:29:28.695686
AR002835,EMP00404,Nicole Garcia,Security,GitHub,Write,David Brown,False,2025-08-14 16:29:28.695686
AR002836,EMP00004,Lisa Pierce,IT,ServiceNow,Write,Bob Smith,False,2026-01-05 16:29:28.695686
AR002837,EMP00158,Cassie Hoffman,Security,ServiceNow,Write,Bob Smith,True,2026-04-23 16:29:28.695686
AR002838,EMP00138,Felicia Carroll,Legal,AWS,Admin,David Brown,False,2026-03-27 16:29:28.695686
AR002839,EMP00286,Andrea Rice,Security,AWS,Read,Alice Johnson,False,2025-12-14 16:29:28.695686
AR002840,EMP00311,Mark Deleon,Security,GitHub,Admin,Alice Johnson,True,2026-02-02 16:29:28.695686
AR002841,EMP00102,Jake Barker,Security,Azure,Read,Bob Smith,False,2026-06-03 16:29:28.695686
AR002842,EMP00098,Susan Mckay,Human Resources,Salesforce,Write,Carol Davis,False,2026-07-05 16:29:28.695686
AR002843,EMP00019,Alan Yu,IT,Salesforce,Write,Bob Smith,False,2026-02-22 16:29:28.695686
AR002844,EMP00455,James Pierce,Finance,GitHub,Read,Bob Smith,False,2025-10-15 16:29:28.695686
AR002845,EMP00179,Miguel Weber,Engineering,Active Directory,Write,Carol Davis,False,2026-07-20 16:29:28.695686
AR002846,EMP00294,Shannon Roy,Security,ServiceNow,Admin,David Brown,False,2026-05-06 16:29:28.695686
AR002847,EMP00317,Caleb Myers,IT,Active Directory,Admin,Alice Johnson,False,2025-10-12 16:29:28.695686
AR002848,EMP00297,Jonathan Hampton,Finance,Azure,Write,Alice Johnson,False,2025-09-17 16:29:28.695686
AR002849,EMP00461,Daniel Harris,IT,Salesforce,Read,David Brown,False,2025-09-16 16:29:28.695686
AR002850,EMP00398,Jonathan Torres,Human Resources,GitHub,Admin,David Brown,True,2026-05-03 16:29:28.695686
AR002851,EMP00011,Justin White,Security,Active Directory,Write,Alice Johnson,False,2025-10-16 16:29:28.695686
AR002852,EMP00100,Terry Rios,Legal,ServiceNow,Write,Carol Davis,True,2026-07-01 16:29:28.695686
AR002853,EMP00222,Leah Dennis,Human Resources,ServiceNow,Write,Carol Davis,True,2026-03-28 16:29:28.695686
AR002854,EMP00209,Sherry Hale,IT,Active Directory,Read,Carol Davis,True,2026-07-02 16:29:28.695686
AR002855,EMP00395,Darlene Padilla,Engineering,Active Directory,Write,David Brown,False,2026-01-28 16:29:28.695686
AR002856,EMP00010,Teresa Booth,Engineering,Active Directory,Read,Bob Smith,True,2025-09-03 16:29:28.695686
AR002857,EMP00283,Chad Soto,Finance,GitHub,Read,Alice Johnson,True,2025-09-30 16:29:28.695686
AR002858,EMP00393,Omar Williams,Finance,Salesforce,Admin,David Brown,True,2025-11-17 16:29:28.695686
AR002859,EMP00161,Devon Neal,Human Resources,Active Directory,Admin,David Brown,True,2025-09-07 16:29:28.695686
AR002860,EMP00155,Kenneth Miranda,Engineering,AWS,Admin,Bob Smith,True,2026-06-05 16:29:28.695686
AR002861,EMP00429,Jessica Nunez,Engineering,AWS,Write,Alice Johnson,True,2026-05-29 16:29:28.695686
AR002862,EMP00255,Monica Lee,IT,ServiceNow,Write,Carol Davis,True,2026-07-06 16:29:28.695686
AR002863,EMP00292,Annette Figueroa,Engineering,Azure,Write,David Brown,True,2026-07-19 16:29:28.695686
AR002864,EMP00472,Thomas Calderon,Human Resources,AWS,Write,Carol Davis,True,2026-01-20 16:29:28.695686
AR002865,EMP00202,Shirley Baird,Human Resources,Azure,Write,David Brown,True,2025-11-18 16:29:28.695686
AR002866,EMP00118,Nicole Orr,Finance,ServiceNow,Write,David Brown,False,2026-07-27 16:29:28.695686
AR002867,EMP00314,Charles Tucker,Human Resources,GitHub,Admin,Bob Smith,True,2026-02-19 16:29:28.695686
AR002868,EMP00182,Megan Harris,Finance,AWS,Admin,Bob Smith,True,2026-01-02 16:29:28.695686
AR002869,EMP00262,Lisa White,Human Resources,Azure,Write,Alice Johnson,False,2026-01-15 16:29:28.695686
AR002870,EMP00467,Elaine Rice,Security,Active Directory,Admin,Alice Johnson,False,2025-12-21 16:29:28.695686
AR002871,EMP00325,Joshua Cook,IT,Azure,Admin,Carol Davis,True,2026-04-11 16:29:28.695686
AR002872,EMP00146,Pam Reyes,Operations,ServiceNow,Read,David Brown,True,2025-11-22 16:29:28.695686
AR002873,EMP00073,William Velasquez,Human Resources,Azure,Write,Carol Davis,True,2026-02-17 16:29:28.695686
AR002874,EMP00151,Paige Harrington,Operations,Salesforce,Read,David Brown,False,2025-11-20 16:29:28.695686
AR002875,EMP00052,Joshua Jones,Engineering,ServiceNow,Write,David Brown,False,2025-10-09 16:29:28.695686
AR002876,EMP00084,Stephanie Wyatt,Security,Salesforce,Admin,Bob Smith,False,2026-04-29 16:29:28.695686
AR002877,EMP00058,Brian Velasquez,Operations,AWS,Admin,David Brown,False,2026-04-10 16:29:28.695686
AR002878,EMP00048,Brian Travis,Security,AWS,Write,David Brown,False,2026-07-28 16:29:28.695686
AR002879,EMP00229,Michael Blevins,Human Resources,ServiceNow,Read,Alice Johnson,True,2025-11-19 16:29:28.695686
AR002880,EMP00044,Rebecca Glenn,Finance,Salesforce,Read,Carol Davis,True,2026-06-30 16:29:28.695686
AR002881,EMP00031,Jack Sims,Legal,AWS,Read,Bob Smith,False,2026-04-18 16:29:28.695686
AR002882,EMP00136,Luke Marshall,Finance,Salesforce,Write,Carol Davis,True,2026-03-21 16:29:28.695686
AR002883,EMP00355,Terry Alexander,IT,Active Directory,Read,David Brown,True,2025-10-09 16:29:28.695686
AR002884,EMP00433,Tyler Garcia,Operations,GitHub,Read,Alice Johnson,False,2026-03-27 16:29:28.695686
AR002885,EMP00411,Renee Davis,Operations,AWS,Read,Carol Davis,False,2025-08-15 16:29:28.695686
AR002886,EMP00424,Monica Miller,Human Resources,AWS,Write,David Brown,False,2025-11-01 16:29:28.695686
AR002887,EMP00418,Adam Brown,IT,Active Directory,Read,David Brown,False,2026-03-15 16:29:28.695686
AR002888,EMP00005,Jennifer Sanders,Legal,ServiceNow,Write,Alice Johnson,False,2025-12-13 16:29:28.695686
AR002889,EMP00223,Michelle Miller,Finance,Salesforce,Admin,Alice Johnson,True,2025-10-26 16:29:28.695686
AR002890,EMP00064,Dr. Roberto Garner,Engineering,GitHub,Admin,Alice Johnson,False,2025-08-27 16:29:28.695686
AR002891,EMP00019,Alan Yu,IT,ServiceNow,Admin,Carol Davis,True,2026-01-29 16:29:28.695686
AR002892,EMP00004,Lisa Pierce,IT,GitHub,Write,Carol Davis,False,2026-03-14 16:29:28.695686
AR002893,EMP00257,James Payne,Engineering,GitHub,Admin,Carol Davis,True,2025-10-17 16:29:28.695686
AR002894,EMP00378,Norman Jackson,Human Resources,ServiceNow,Write,Carol Davis,False,2026-03-05 16:29:28.695686
AR002895,EMP00379,Michael White,Engineering,GitHub,Read,David Brown,False,2025-10-16 16:29:28.695686
AR002896,EMP00294,Shannon Roy,Security,ServiceNow,Admin,David Brown,True,2025-12-14 16:29:28.695686
AR002897,EMP00078,Deborah Cooper MD,Security,AWS,Write,Alice Johnson,True,2025-11-10 16:29:28.695686
AR002898,EMP00258,Denise Williams,Human Resources,Azure,Admin,Bob Smith,True,2026-04-21 16:29:28.695686
AR002899,EMP00165,Jeremy Moody,Security,ServiceNow,Read,David Brown,True,2026-03-23 16:29:28.695686
AR002900,EMP00372,Jessica Hill,Engineering,Active Directory,Write,Alice Johnson,False,2025-10-27 16:29:28.695686
AR002901,EMP00122,Caitlin Williams,Legal,Active Directory,Admin,Alice Johnson,True,2025-10-11 16:29:28.695686
AR002902,EMP00414,Michael Bishop,Operations,AWS,Admin,Bob Smith,False,2025-12-21 16:29:28.695686
AR002903,EMP00009,Hayden Young,IT,AWS,Admin,Bob Smith,False,2026-06-13 16:29:28.695686
AR002904,EMP00315,Colleen Cochran,Operations,Azure,Read,Bob Smith,True,2026-06-13 16:29:28.695686
AR002905,EMP00400,Cheryl Ballard,Human Resources,AWS,Write,Carol Davis,True,2025-09-27 16:29:28.695686
AR002906,EMP00155,Kenneth Miranda,Engineering,Salesforce,Write,Carol Davis,True,2026-07-21 16:29:28.695686
AR002907,EMP00233,Sharon Villarreal,Security,AWS,Read,Carol Davis,True,2026-02-04 16:29:28.695686
AR002908,EMP00275,Michael Gutierrez,IT,Active Directory,Admin,Carol Davis,False,2026-02-25 16:29:28.695686
AR002909,EMP00294,Shannon Roy,Security,Active Directory,Read,David Brown,True,2025-12-02 16:29:28.695686
AR002910,EMP00342,Lisa Cooper,Engineering,Active Directory,Read,Carol Davis,False,2025-12-16 16:29:28.695686
AR002911,EMP00241,Jacob Powell Jr.,Legal,Salesforce,Write,David Brown,True,2025-12-22 16:29:28.695686
AR002912,EMP00196,Melissa Dudley,Engineering,Salesforce,Read,Carol Davis,False,2025-10-27 16:29:28.695686
AR002913,EMP00463,Justin Webster,Human Resources,AWS,Write,David Brown,True,2025-09-06 16:29:28.695686
AR002914,EMP00090,Leonard Brown,IT,GitHub,Write,David Brown,False,2025-09-25 16:29:28.695686
AR002915,EMP00374,Patricia Patel,Security,Azure,Admin,David Brown,False,2026-07-05 16:29:28.695686
AR002916,EMP00154,Robert Howell,Legal,ServiceNow,Write,Carol Davis,True,2025-12-17 16:29:28.695686
AR002917,EMP00445,Patricia Joseph,Finance,Azure,Read,Alice Johnson,False,2026-06-07 16:29:28.695686
AR002918,EMP00337,Jared Reyes,Human Resources,Salesforce,Admin,Carol Davis,True,2026-06-23 16:29:28.695686
AR002919,EMP00300,Nicole Reed,Finance,Azure,Admin,Carol Davis,False,2026-04-10 16:29:28.695686
AR002920,EMP00490,Brandon Bradford,Human Resources,ServiceNow,Write,Carol Davis,False,2025-08-29 16:29:28.695686
AR002921,EMP00066,Steven English,Engineering,GitHub,Read,David Brown,False,2026-03-23 16:29:28.695686
AR002922,EMP00399,Jennifer Richardson,Legal,ServiceNow,Admin,Alice Johnson,False,2026-03-12 16:29:28.695686
AR002923,EMP00052,Joshua Jones,Engineering,Active Directory,Write,David Brown,True,2026-06-18 16:29:28.695686
AR002924,EMP00402,Clayton Baker,IT,GitHub,Admin,Alice Johnson,False,2025-12-13 16:29:28.695686
AR002925,EMP00492,Jonathan Reese,Operations,Azure,Read,Carol Davis,False,2026-07-02 16:29:28.695686
AR002926,EMP00433,Tyler Garcia,Operations,Active Directory,Write,David Brown,False,2026-05-12 16:29:28.695686
AR002927,EMP00059,Benjamin Johnson,IT,GitHub,Read,Bob Smith,True,2026-03-23 16:29:28.695686
AR002928,EMP00100,Terry Rios,Legal,ServiceNow,Write,David Brown,False,2026-07-07 16:29:28.695686
AR002929,EMP00139,Pamela Howard,Finance,AWS,Write,Alice Johnson,True,2025-10-23 16:29:28.695686
AR002930,EMP00069,Molly Schaefer,Operations,Azure,Admin,Bob Smith,True,2025-12-29 16:29:28.695686
AR002931,EMP00490,Brandon Bradford,Human Resources,Azure,Admin,Alice Johnson,True,2025-12-01 16:29:28.695686
AR002932,EMP00438,Michael Fisher,IT,AWS,Read,Bob Smith,True,2026-07-06 16:29:28.695686
AR002933,EMP00151,Paige Harrington,Operations,Active Directory,Write,Bob Smith,True,2026-07-19 16:29:28.695686
AR002934,EMP00135,Steven Dunn,Engineering,AWS,Admin,Alice Johnson,False,2026-03-07 16:29:28.695686
AR002935,EMP00149,Sabrina Hoffman,IT,Salesforce,Admin,Carol Davis,True,2026-02-17 16:29:28.695686
AR002936,EMP00480,Joshua Davis,Engineering,Salesforce,Admin,David Brown,False,2025-09-11 16:29:28.695686
AR002937,EMP00174,Emily Church,Human Resources,AWS,Write,Bob Smith,True,2025-09-11 16:29:28.695686
AR002938,EMP00133,Cynthia Woodward,Operations,Azure,Read,Alice Johnson,True,2026-01-28 16:29:28.695686
AR002939,EMP00164,Mary Meyer,IT,Azure,Write,David Brown,False,2026-06-04 16:29:28.695686
AR002940,EMP00278,Matthew Perez,Human Resources,Azure,Read,David Brown,True,2026-05-03 16:29:28.695686
AR002941,EMP00228,Nancy Orozco,Finance,ServiceNow,Write,David Brown,False,2026-07-17 16:29:28.695686
AR002942,EMP00048,Brian Travis,Security,ServiceNow,Admin,Carol Davis,False,2026-05-30 16:29:28.695686
AR002943,EMP00027,Anthony Walton,Security,GitHub,Write,Alice Johnson,False,2026-06-26 16:29:28.695686
AR002944,EMP00015,John Tate,Operations,Active Directory,Admin,Carol Davis,False,2025-09-06 16:29:28.695686
AR002945,EMP00016,Stacey Jenkins,Engineering,ServiceNow,Read,David Brown,False,2026-07-15 16:29:28.695686
AR002946,EMP00074,Melissa Monroe,Human Resources,GitHub,Write,David Brown,False,2025-11-30 16:29:28.695686
AR002947,EMP00255,Monica Lee,IT,AWS,Read,David Brown,True,2025-10-22 16:29:28.695686
AR002948,EMP00047,Connie Ward,Human Resources,Salesforce,Write,David Brown,True,2026-01-22 16:29:28.695686
AR002949,EMP00069,Molly Schaefer,Operations,GitHub,Write,David Brown,True,2025-12-24 16:29:28.695686
AR002950,EMP00370,Terry Parker,Security,ServiceNow,Read,David Brown,True,2025-10-05 16:29:28.695686
AR002951,EMP00112,Natalie Friedman,Security,Azure,Read,Alice Johnson,False,2026-07-22 16:29:28.695686
AR002952,EMP00487,Jason Richardson,IT,Azure,Read,Alice Johnson,False,2026-02-14 16:29:28.695686
AR002953,EMP00376,George Hutchinson,Engineering,Salesforce,Read,Alice Johnson,False,2026-06-25 16:29:28.695686
AR002954,EMP00400,Cheryl Ballard,Human Resources,AWS,Write,Alice Johnson,False,2026-03-13 16:29:28.695686
AR002955,EMP00463,Justin Webster,Human Resources,AWS,Admin,Carol Davis,False,2025-10-01 16:29:28.695686
AR002956,EMP00474,Ricardo Perez,Legal,Azure,Admin,Carol Davis,True,2025-08-27 16:29:28.695686
AR002957,EMP00429,Jessica Nunez,Engineering,AWS,Read,David Brown,False,2026-04-14 16:29:28.695686
AR002958,EMP00011,Justin White,Security,ServiceNow,Admin,Alice Johnson,True,2026-04-28 16:29:28.695686
AR002959,EMP00359,Michael Barajas,Operations,AWS,Admin,Carol Davis,False,2025-09-15 16:29:28.695686
AR002960,EMP00355,Terry Alexander,IT,GitHub,Read,Bob Smith,True,2025-10-20 16:29:28.695686
AR002961,EMP00059,Benjamin Johnson,IT,ServiceNow,Admin,Alice Johnson,False,2026-04-21 16:29:28.695686
AR002962,EMP00256,Carlos Dixon,Human Resources,GitHub,Read,Alice Johnson,False,2025-11-30 16:29:28.695686
AR002963,EMP00165,Jeremy Moody,Security,ServiceNow,Read,Carol Davis,False,2025-11-10 16:29:28.695686
AR002964,EMP00210,Meredith Atkinson DVM,Operations,GitHub,Read,David Brown,False,2026-04-12 16:29:28.695686
AR002965,EMP00487,Jason Richardson,IT,Active Directory,Write,David Brown,False,2025-12-20 16:29:28.695686
AR002966,EMP00411,Renee Davis,Operations,GitHub,Read,Alice Johnson,False,2026-04-03 16:29:28.695686
AR002967,EMP00349,Brian Rowland,Legal,Azure,Write,Bob Smith,True,2025-09-23 16:29:28.695686
AR002968,EMP00363,Leslie Johnson,Operations,GitHub,Read,Bob Smith,False,2025-08-14 16:29:28.695686
AR002969,EMP00235,Patty Camacho,IT,ServiceNow,Admin,Bob Smith,True,2025-08-03 16:29:28.695686
AR002970,EMP00020,Jonathan Davis,IT,Azure,Admin,Alice Johnson,True,2025-10-27 16:29:28.695686
AR002971,EMP00226,Lynn Mercado,Operations,AWS,Admin,Alice Johnson,True,2026-02-26 16:29:28.695686
AR002972,EMP00379,Michael White,Engineering,Active Directory,Read,Alice Johnson,True,2025-12-04 16:29:28.695686
AR002973,EMP00445,Patricia Joseph,Finance,Active Directory,Read,David Brown,True,2025-11-24 16:29:28.695686
AR002974,EMP00390,Sherri Vance,Legal,GitHub,Admin,David Brown,False,2025-10-10 16:29:28.695686
AR002975,EMP00390,Sherri Vance,Legal,AWS,Write,David Brown,True,2026-01-09 16:29:28.695686
AR002976,EMP00411,Renee Davis,Operations,ServiceNow,Admin,Carol Davis,True,2025-12-24 16:29:28.695686
AR002977,EMP00290,Emily Nelson,Human Resources,Active Directory,Admin,Bob Smith,False,2026-04-05 16:29:28.695686
AR002978,EMP00450,Sheryl Stone,Engineering,Azure,Read,Bob Smith,True,2025-09-12 16:29:28.695686
AR002979,EMP00185,Barry Thompson,Human Resources,Azure,Write,Bob Smith,True,2026-05-29 16:29:28.695686
AR002980,EMP00421,Michael Johnson,Security,ServiceNow,Write,Alice Johnson,False,2025-09-19 16:29:28.695686
AR002981,EMP00423,Roberto Thomas,Security,ServiceNow,Read,Alice Johnson,False,2026-05-10 16:29:28.695686
AR002982,EMP00040,Daniel Chavez,Operations,Active Directory,Write,Bob Smith,False,2026-04-10 16:29:28.695686
AR002983,EMP00266,Stephen Lloyd,IT,Salesforce,Write,David Brown,True,2025-11-10 16:29:28.695686
AR002984,EMP00017,Taylor Mccormick,Engineering,Azure,Write,Alice Johnson,False,2026-06-03 16:29:28.695686
AR002985,EMP00223,Michelle Miller,Finance,GitHub,Read,Bob Smith,True,2025-10-04 16:29:28.695686
AR002986,EMP00294,Shannon Roy,Security,AWS,Read,Alice Johnson,False,2026-04-04 16:29:28.695686
AR002987,EMP00414,Michael Bishop,Operations,Salesforce,Write,Carol Davis,True,2026-01-14 16:29:28.695686
AR002988,EMP00213,Gregory Lyons,IT,AWS,Read,Bob Smith,False,2026-01-23 16:29:28.695686
AR002989,EMP00032,Jeremiah Bryant,Human Resources,Azure,Write,David Brown,False,2026-04-19 16:29:28.695686
AR002990,EMP00375,Tina Ochoa,Legal,Azure,Write,David Brown,False,2025-11-21 16:29:28.695686
AR002991,EMP00396,Brittany Lynn,IT,Azure,Read,Alice Johnson,True,2025-10-23 16:29:28.695686
AR002992,EMP00201,Becky Ferguson,IT,ServiceNow,Write,Bob Smith,True,2026-05-11 16:29:28.695686
AR002993,EMP00473,Zachary Martinez,Human Resources,AWS,Admin,Alice Johnson,True,2025-08-23 16:29:28.695686
AR002994,EMP00475,Heather Jones,Operations,Azure,Write,Alice Johnson,False,2026-04-28 16:29:28.695686
AR002995,EMP00324,Donna Smith,Finance,Azure,Admin,Carol Davis,True,2026-04-23 16:29:28.695686
AR002996,EMP00185,Barry Thompson,Human Resources,Salesforce,Read,Alice Johnson,True,2025-10-02 16:29:28.695686
AR002997,EMP00034,Mark Mason,Security,Active Directory,Write,David Brown,True,2026-02-10 16:29:28.695686
AR002998,EMP00443,Michelle Richardson,Human Resources,AWS,Write,David Brown,True,2026-05-06 16:29:28.695686
AR002999,EMP00155,Kenneth Miranda,Engineering,ServiceNow,Admin,Carol Davis,True,2025-10-20 16:29:28.695686
AR003000,EMP00351,Sarah Pratt,Legal,AWS,Read,Bob Smith,True,2025-11-23 16:29:28.695686
AR003001,EMP00164,Mary Meyer,IT,ServiceNow,Admin,Alice Johnson,False,2026-03-29 16:29:28.695686
AR003002,EMP00302,Breanna Hester,Finance,Salesforce,Write,Bob Smith,False,2026-03-30 16:29:28.695686
AR003003,EMP00235,Patty Camacho,IT,Active Directory,Write,David Brown,False,2026-05-20 16:29:28.695686
AR003004,EMP00255,Monica Lee,IT,Azure,Read,Bob Smith,True,2025-09-02 16:29:28.695686
AR003005,EMP00429,Jessica Nunez,Engineering,GitHub,Write,Alice Johnson,True,2026-03-17 16:29:28.695686
AR003006,EMP00273,Matthew Lozano,Finance,Salesforce,Write,Bob Smith,True,2026-04-19 16:29:28.695686
AR003007,EMP00478,Charles Henderson,IT,GitHub,Admin,David Brown,False,2025-08-05 16:29:28.695686
AR003008,EMP00301,Craig Simpson,Security,AWS,Admin,Alice Johnson,True,2026-02-21 16:29:28.695686
AR003009,EMP00019,Alan Yu,IT,GitHub,Admin,David Brown,False,2025-11-16 16:29:28.695686
AR003010,EMP00340,Brett Turner,Engineering,ServiceNow,Write,Alice Johnson,True,2026-05-09 16:29:28.695686
AR003011,EMP00498,Ricky Cook,Operations,Active Directory,Write,David Brown,True,2026-06-01 16:29:28.695686
AR003012,EMP00461,Daniel Harris,IT,Azure,Write,Carol Davis,False,2025-10-29 16:29:28.695686
AR003013,EMP00375,Tina Ochoa,Legal,Azure,Admin,Alice Johnson,True,2026-03-12 16:29:28.695686
AR003014,EMP00290,Emily Nelson,Human Resources,GitHub,Write,Bob Smith,False,2026-04-19 16:29:28.695686
AR003015,EMP00474,Ricardo Perez,Legal,AWS,Read,David Brown,False,2026-01-05 16:29:28.695686
AR003016,EMP00273,Matthew Lozano,Finance,Salesforce,Admin,Carol Davis,False,2025-12-20 16:29:28.695686
AR003017,EMP00484,Joseph Gomez,Finance,AWS,Admin,Bob Smith,False,2026-04-14 16:29:28.695686
AR003018,EMP00014,Samantha Valdez,Operations,ServiceNow,Read,David Brown,True,2026-03-17 16:29:28.695686
AR003019,EMP00230,Michael Morales,IT,Azure,Read,David Brown,True,2026-01-12 16:29:28.695686
AR003020,EMP00155,Kenneth Miranda,Engineering,Azure,Read,Alice Johnson,True,2026-06-01 16:29:28.695686
AR003021,EMP00340,Brett Turner,Engineering,Azure,Write,Bob Smith,False,2026-02-17 16:29:28.695686
AR003022,EMP00019,Alan Yu,IT,Active Directory,Admin,Alice Johnson,False,2025-11-29 16:29:28.695686
AR003023,EMP00130,Michele Thomas,IT,GitHub,Write,David Brown,True,2025-11-20 16:29:28.695686
AR003024,EMP00079,Michael Oliver,Operations,Active Directory,Write,David Brown,True,2026-04-24 16:29:28.695686
AR003025,EMP00063,Tricia Moody,Operations,AWS,Write,Bob Smith,True,2026-05-29 16:29:28.695686
AR003026,EMP00369,Robert French,Human Resources,Azure,Read,Carol Davis,True,2026-02-03 16:29:28.695686
AR003027,EMP00080,Kristin Sutton DDS,Engineering,ServiceNow,Admin,Alice Johnson,True,2026-06-08 16:29:28.695686
AR003028,EMP00433,Tyler Garcia,Operations,Active Directory,Admin,Bob Smith,False,2025-11-04 16:29:28.695686
AR003029,EMP00029,Jeffrey Sullivan,IT,AWS,Admin,Alice Johnson,True,2025-10-18 16:29:28.695686
AR003030,EMP00273,Matthew Lozano,Finance,GitHub,Admin,David Brown,False,2026-02-15 16:29:28.695686
AR003031,EMP00288,Christopher Young,Legal,Salesforce,Read,David Brown,True,2025-09-03 16:29:28.695686
AR003032,EMP00182,Megan Harris,Finance,Active Directory,Admin,David Brown,True,2025-12-25 16:29:28.695686
AR003033,EMP00441,Anthony Zimmerman,Security,ServiceNow,Write,Alice Johnson,False,2025-11-02 16:29:28.695686
AR003034,EMP00420,Jeremy Lopez,Legal,Azure,Write,Carol Davis,True,2026-04-16 16:29:28.695686
AR003035,EMP00254,Larry Garcia,IT,Azure,Admin,Alice Johnson,False,2025-11-23 16:29:28.695686
AR003036,EMP00483,Shannon Peterson,Operations,Salesforce,Write,Alice Johnson,True,2026-03-16 16:29:28.695686
AR003037,EMP00442,Autumn Taylor,Operations,AWS,Admin,David Brown,False,2026-01-26 16:29:28.695686
AR003038,EMP00441,Anthony Zimmerman,Security,ServiceNow,Read,David Brown,True,2026-02-16 16:29:28.695686
AR003039,EMP00004,Lisa Pierce,IT,Active Directory,Admin,Bob Smith,True,2026-07-16 16:29:28.695686
AR003040,EMP00354,Monica Craig,Human Resources,Azure,Admin,David Brown,True,2025-10-09 16:29:28.695686
AR003041,EMP00162,Erica Garcia,Legal,Salesforce,Write,Carol Davis,True,2025-09-15 16:29:28.695686
AR003042,EMP00463,Justin Webster,Human Resources,Azure,Write,David Brown,True,2026-05-15 16:29:28.695686
AR003043,EMP00093,Cody Taylor,Legal,ServiceNow,Read,David Brown,True,2025-10-29 16:29:28.695686
AR003044,EMP00356,Veronica Diaz,Human Resources,Salesforce,Write,Carol Davis,True,2026-04-23 16:29:28.695686
AR003045,EMP00181,Michelle Gill,Legal,AWS,Admin,David Brown,False,2026-03-21 16:29:28.695686
AR003046,EMP00074,Melissa Monroe,Human Resources,ServiceNow,Write,Alice Johnson,False,2026-07-17 16:29:28.695686
AR003047,EMP00406,Kyle Rojas,Human Resources,GitHub,Admin,David Brown,True,2025-09-06 16:29:28.695686
AR003048,EMP00494,Claudia Andrews,Legal,AWS,Read,David Brown,True,2026-01-20 16:29:28.695686
AR003049,EMP00136,Luke Marshall,Finance,Salesforce,Read,Bob Smith,False,2025-07-31 16:29:28.695686
AR003050,EMP00418,Adam Brown,IT,Active Directory,Admin,Bob Smith,True,2026-04-03 16:29:28.695686
AR003051,EMP00131,Ronald Hale,Engineering,Azure,Admin,Alice Johnson,True,2025-09-04 16:29:28.695686
AR003052,EMP00241,Jacob Powell Jr.,Legal,GitHub,Read,Alice Johnson,True,2026-04-22 16:29:28.695686
AR003053,EMP00499,Ryan Cummings,Human Resources,GitHub,Admin,Alice Johnson,True,2025-09-18 16:29:28.695686
AR003054,EMP00001,John Lopez,Human Resources,GitHub,Read,David Brown,True,2026-05-14 16:29:28.695686
AR003055,EMP00296,Richard Richardson,Finance,Azure,Read,Bob Smith,False,2026-05-24 16:29:28.695686
AR003056,EMP00225,Sarah Anthony,Operations,GitHub,Read,Bob Smith,True,2026-07-14 16:29:28.695686
AR003057,EMP00192,Jennifer Hogan,Human Resources,GitHub,Write,Bob Smith,False,2026-02-03 16:29:28.695686
AR003058,EMP00293,Cristian Harris,Human Resources,GitHub,Admin,David Brown,True,2026-07-26 16:29:28.695686
AR003059,EMP00221,Marcus Fisher,Finance,Active Directory,Admin,Bob Smith,False,2025-08-16 16:29:28.695686
AR003060,EMP00270,Dr. Michael Stevens,IT,GitHub,Read,Bob Smith,True,2025-08-22 16:29:28.695686
AR003061,EMP00077,Melissa Hill,Human Resources,ServiceNow,Admin,Carol Davis,False,2026-07-09 16:29:28.695686
AR003062,EMP00093,Cody Taylor,Legal,ServiceNow,Admin,Bob Smith,True,2025-08-18 16:29:28.695686
AR003063,EMP00434,Dean Mayo,Human Resources,AWS,Read,David Brown,True,2025-11-02 16:29:28.695686
AR003064,EMP00245,Sarah Jefferson,Operations,Azure,Admin,David Brown,False,2026-01-13 16:29:28.695686
AR003065,EMP00371,Karen Harper,Finance,AWS,Write,Bob Smith,False,2026-03-09 16:29:28.695686
AR003066,EMP00370,Terry Parker,Security,Active Directory,Read,Bob Smith,False,2025-12-17 16:29:28.695686
AR003067,EMP00136,Luke Marshall,Finance,Salesforce,Write,Bob Smith,False,2026-02-02 16:29:28.695686
AR003068,EMP00426,Brian Woodard,Legal,AWS,Write,Alice Johnson,False,2026-03-14 16:29:28.695686
AR003069,EMP00065,Jeffrey Orozco,Legal,ServiceNow,Admin,David Brown,False,2026-02-24 16:29:28.695686
AR003070,EMP00007,Jessica Atkins,Finance,AWS,Read,Bob Smith,False,2026-02-22 16:29:28.695686
AR003071,EMP00050,Mr. Ronald Wright,IT,ServiceNow,Admin,Bob Smith,True,2026-05-13 16:29:28.695686
AR003072,EMP00404,Nicole Garcia,Security,ServiceNow,Admin,David Brown,False,2026-06-28 16:29:28.695686
AR003073,EMP00265,William Lee,Human Resources,GitHub,Admin,Alice Johnson,False,2026-01-03 16:29:28.695686
AR003074,EMP00043,Danielle Silva,Operations,GitHub,Write,Alice Johnson,True,2026-04-01 16:29:28.695686
AR003075,EMP00320,David Ayala,Security,GitHub,Write,Alice Johnson,False,2026-07-26 16:29:28.695686
AR003076,EMP00478,Charles Henderson,IT,Salesforce,Read,Alice Johnson,False,2026-03-23 16:29:28.695686
AR003077,EMP00385,Beth Nichols,Security,Active Directory,Read,Alice Johnson,True,2025-10-03 16:29:28.695686
AR003078,EMP00497,Melissa Andrade,Operations,GitHub,Admin,Alice Johnson,True,2025-12-13 16:29:28.695686
AR003079,EMP00471,Daniel Harris,Engineering,GitHub,Admin,David Brown,False,2026-06-24 16:29:28.695686
AR003080,EMP00257,James Payne,Engineering,GitHub,Read,David Brown,False,2025-12-28 16:29:28.695686
AR003081,EMP00310,Lauren Tanner,Finance,Azure,Admin,Carol Davis,False,2026-07-21 16:29:28.695686
AR003082,EMP00305,Benjamin Stewart,Human Resources,AWS,Read,Bob Smith,False,2025-11-07 16:29:28.695686
AR003083,EMP00245,Sarah Jefferson,Operations,GitHub,Read,Alice Johnson,False,2025-09-01 16:29:28.695686
AR003084,EMP00377,Vanessa Winters,Operations,Salesforce,Admin,David Brown,False,2025-10-14 16:29:28.695686
AR003085,EMP00360,Haley Peterson,Security,ServiceNow,Read,Carol Davis,False,2026-02-22 16:29:28.695686
AR003086,EMP00256,Carlos Dixon,Human Resources,Salesforce,Read,Carol Davis,False,2026-07-10 16:29:28.695686
AR003087,EMP00073,William Velasquez,Human Resources,AWS,Read,Bob Smith,True,2026-07-25 16:29:28.695686
AR003088,EMP00407,Rebecca Flores,Legal,Active Directory,Read,David Brown,True,2025-08-09 16:29:28.695686
AR003089,EMP00179,Miguel Weber,Engineering,Azure,Read,Alice Johnson,True,2026-03-03 16:29:28.695686
AR003090,EMP00035,Jonathan Solis,Human Resources,ServiceNow,Write,Carol Davis,True,2025-12-04 16:29:28.695686
AR003091,EMP00143,David Johnson,Security,ServiceNow,Read,Bob Smith,False,2025-08-29 16:29:28.695686
AR003092,EMP00072,Austin Miller,Security,Salesforce,Admin,Alice Johnson,True,2026-04-20 16:29:28.695686
AR003093,EMP00042,Tabitha Cook,Legal,Azure,Write,Bob Smith,False,2026-03-13 16:29:28.695686
AR003094,EMP00362,Nancy Boyd,Operations,AWS,Admin,Carol Davis,True,2025-11-29 16:29:28.695686
AR003095,EMP00342,Lisa Cooper,Engineering,Active Directory,Read,Alice Johnson,False,2025-07-31 16:29:28.695686
AR003096,EMP00067,Jennifer Richardson,Engineering,AWS,Write,Carol Davis,True,2025-11-14 16:29:28.695686
AR003097,EMP00395,Darlene Padilla,Engineering,Salesforce,Read,Carol Davis,False,2025-09-20 16:29:28.695686
AR003098,EMP00092,Micheal Barajas,Security,AWS,Read,Carol Davis,True,2025-09-16 16:29:28.695686
AR003099,EMP00388,Kari Pace,Legal,Salesforce,Admin,Alice Johnson,False,2025-12-22 16:29:28.695686
AR003100,EMP00128,Harry Green,Security,AWS,Read,Alice Johnson,False,2026-05-16 16:29:28.695686
AR003101,EMP00399,Jennifer Richardson,Legal,GitHub,Write,Carol Davis,True,2025-09-16 16:29:28.695686
AR003102,EMP00391,Susan Green,Human Resources,AWS,Write,Carol Davis,False,2026-04-16 16:29:28.695686
AR003103,EMP00216,Elizabeth Sellers,Legal,Active Directory,Write,Carol Davis,False,2025-12-25 16:29:28.695686
AR003104,EMP00120,Scott Lopez,Engineering,Salesforce,Write,Carol Davis,False,2026-05-15 16:29:28.695686
AR003105,EMP00090,Leonard Brown,IT,Active Directory,Admin,Bob Smith,True,2025-12-05 16:29:28.695686
AR003106,EMP00401,Tammy Chavez,Security,Salesforce,Write,Carol Davis,True,2025-11-18 16:29:28.695686
AR003107,EMP00187,Marie Bates,Human Resources,Active Directory,Admin,Carol Davis,True,2026-06-17 16:29:28.695686
AR003108,EMP00219,Robert Smith,Legal,GitHub,Admin,David Brown,True,2026-01-01 16:29:28.695686
AR003109,EMP00140,Samantha Erickson,Finance,Active Directory,Write,David Brown,True,2025-11-06 16:29:28.695686
AR003110,EMP00190,Regina Turner,Legal,Salesforce,Write,Bob Smith,False,2026-03-10 16:29:28.695686
AR003111,EMP00498,Ricky Cook,Operations,Azure,Read,Carol Davis,False,2026-06-24 16:29:28.695686
AR003112,EMP00390,Sherri Vance,Legal,ServiceNow,Admin,Bob Smith,False,2026-02-28 16:29:28.695686
AR003113,EMP00424,Monica Miller,Human Resources,ServiceNow,Write,Carol Davis,False,2025-07-31 16:29:28.695686
AR003114,EMP00114,Megan Flowers,IT,ServiceNow,Write,Bob Smith,False,2026-03-10 16:29:28.695686
AR003115,EMP00015,John Tate,Operations,AWS,Write,David Brown,False,2025-09-13 16:29:28.695686
AR003116,EMP00227,Bethany Patel,Human Resources,GitHub,Write,David Brown,False,2026-01-15 16:29:28.695686
AR003117,EMP00227,Bethany Patel,Human Resources,Salesforce,Read,Bob Smith,True,2025-12-07 16:29:28.695686
AR003118,EMP00162,Erica Garcia,Legal,AWS,Read,Bob Smith,False,2025-10-25 16:29:28.695686
AR003119,EMP00154,Robert Howell,Legal,ServiceNow,Admin,David Brown,True,2026-06-05 16:29:28.695686
AR003120,EMP00403,Alexandra Hansen,Security,GitHub,Read,Bob Smith,False,2026-03-01 16:29:28.695686
AR003121,EMP00397,William Cook,Finance,ServiceNow,Read,Alice Johnson,False,2026-05-30 16:29:28.695686
AR003122,EMP00422,Matthew Wright,Operations,Salesforce,Admin,Bob Smith,True,2026-03-27 16:29:28.695686
AR003123,EMP00420,Jeremy Lopez,Legal,AWS,Write,David Brown,True,2026-06-22 16:29:28.695686
AR003124,EMP00225,Sarah Anthony,Operations,ServiceNow,Read,Bob Smith,False,2026-01-17 16:29:28.695686
AR003125,EMP00472,Thomas Calderon,Human Resources,Active Directory,Write,Bob Smith,False,2025-09-06 16:29:28.695686
AR003126,EMP00306,Kristi Atkins,Security,GitHub,Admin,Bob Smith,False,2026-02-26 16:29:28.695686
AR003127,EMP00427,Thomas Tucker,Engineering,Azure,Write,David Brown,True,2025-11-22 16:29:28.695686
AR003128,EMP00363,Leslie Johnson,Operations,Azure,Read,Bob Smith,False,2025-08-06 16:29:28.695686
AR003129,EMP00236,Heidi Chambers,Engineering,AWS,Admin,David Brown,False,2026-04-06 16:29:28.695686
AR003130,EMP00074,Melissa Monroe,Human Resources,Azure,Read,David Brown,True,2025-12-05 16:29:28.695686
AR003131,EMP00244,William Jackson,IT,AWS,Admin,Carol Davis,False,2026-04-12 16:29:28.695686
AR003132,EMP00177,Brett Murray,Finance,ServiceNow,Write,Bob Smith,False,2026-05-03 16:29:28.695686
AR003133,EMP00449,Jamie Robinson,Engineering,AWS,Write,David Brown,True,2026-02-05 16:29:28.695686
AR003134,EMP00017,Taylor Mccormick,Engineering,Azure,Admin,David Brown,False,2025-12-03 16:29:28.695686
AR003135,EMP00263,Alexis Roberts,Finance,Azure,Read,Carol Davis,False,2026-03-16 16:29:28.695686
AR003136,EMP00109,Tracey Morris,IT,GitHub,Admin,Carol Davis,False,2026-03-30 16:29:28.695686
AR003137,EMP00167,Peter Contreras,Finance,Active Directory,Write,Bob Smith,True,2025-09-18 16:29:28.695686
AR003138,EMP00105,David Rose,IT,Salesforce,Admin,David Brown,True,2026-04-13 16:29:28.695686
AR003139,EMP00028,Jeremy Beasley,Engineering,AWS,Admin,Bob Smith,False,2026-07-15 16:29:28.695686
AR003140,EMP00151,Paige Harrington,Operations,Salesforce,Write,Carol Davis,False,2026-03-24 16:29:28.695686
AR003141,EMP00119,Misty Brandt,Finance,Salesforce,Read,David Brown,False,2025-10-12 16:29:28.695686
AR003142,EMP00465,Carmen Davis,Human Resources,Azure,Admin,Carol Davis,True,2025-08-07 16:29:28.695686
AR003143,EMP00312,Rachael Fisher,Engineering,GitHub,Read,Alice Johnson,True,2025-10-26 16:29:28.695686
AR003144,EMP00450,Sheryl Stone,Engineering,Azure,Read,David Brown,False,2025-12-17 16:29:28.695686
AR003145,EMP00321,Dr. Shari Waters MD,Legal,Azure,Admin,Bob Smith,True,2026-06-01 16:29:28.695686
AR003146,EMP00267,Anthony Alexander,Finance,Active Directory,Write,Carol Davis,False,2026-02-12 16:29:28.695686
AR003147,EMP00155,Kenneth Miranda,Engineering,Active Directory,Write,Bob Smith,False,2025-12-12 16:29:28.695686
AR003148,EMP00272,Shannon Hicks,Human Resources,Azure,Read,Carol Davis,False,2025-12-02 16:29:28.695686
AR003149,EMP00122,Caitlin Williams,Legal,Salesforce,Write,Alice Johnson,False,2026-04-24 16:29:28.695686
AR003150,EMP00392,Shannon Fernandez,Operations,AWS,Write,David Brown,True,2025-11-26 16:29:28.695686
AR003151,EMP00259,Margaret Allen,Legal,Salesforce,Write,Bob Smith,True,2026-03-01 16:29:28.695686
AR003152,EMP00129,Leslie Preston,Security,GitHub,Read,Bob Smith,False,2025-10-28 16:29:28.695686
AR003153,EMP00232,David Henson,Engineering,Active Directory,Admin,Bob Smith,False,2025-09-22 16:29:28.695686
AR003154,EMP00348,Laura Neal,Operations,Active Directory,Admin,Carol Davis,True,2026-06-30 16:29:28.695686
AR003155,EMP00098,Susan Mckay,Human Resources,Active Directory,Admin,Bob Smith,False,2026-04-23 16:29:28.695686
AR003156,EMP00024,Michael Roberts,Human Resources,GitHub,Write,David Brown,True,2026-03-02 16:29:28.695686
AR003157,EMP00433,Tyler Garcia,Operations,Active Directory,Write,David Brown,False,2026-06-23 16:29:28.695686
AR003158,EMP00417,Ashley Taylor,IT,ServiceNow,Read,Bob Smith,True,2026-06-13 16:29:28.695686
AR003159,EMP00437,Elizabeth Sanchez,Legal,Active Directory,Write,Alice Johnson,False,2025-09-06 16:29:28.695686
AR003160,EMP00135,Steven Dunn,Engineering,Azure,Admin,Bob Smith,True,2025-09-16 16:29:28.695686
AR003161,EMP00205,Michael Hunt,Operations,Azure,Read,Carol Davis,False,2025-11-22 16:29:28.695686
AR003162,EMP00012,Sean Wang,Finance,GitHub,Admin,David Brown,True,2026-07-05 16:29:28.695686
AR003163,EMP00226,Lynn Mercado,Operations,Salesforce,Write,David Brown,False,2025-12-16 16:29:28.695686
AR003164,EMP00004,Lisa Pierce,IT,ServiceNow,Admin,Bob Smith,True,2025-10-15 16:29:28.695686
AR003165,EMP00221,Marcus Fisher,Finance,Azure,Read,Carol Davis,False,2025-11-16 16:29:28.695686
AR003166,EMP00223,Michelle Miller,Finance,GitHub,Admin,Alice Johnson,False,2025-12-01 16:29:28.695686
AR003167,EMP00030,Alexandra Wilson,Finance,Azure,Write,Bob Smith,True,2026-01-08 16:29:28.695686
AR003168,EMP00452,Maurice Martinez,Engineering,AWS,Write,Alice Johnson,False,2026-01-27 16:29:28.695686
AR003169,EMP00489,Nicholas Gonzales,Security,GitHub,Write,Bob Smith,True,2026-06-29 16:29:28.695686
AR003170,EMP00428,Jaime Baker,Legal,Azure,Admin,Bob Smith,True,2025-09-28 16:29:28.695686
AR003171,EMP00488,Christopher Perez,Security,ServiceNow,Write,Bob Smith,True,2026-07-09 16:29:28.695686
AR003172,EMP00267,Anthony Alexander,Finance,GitHub,Write,Alice Johnson,False,2025-09-14 16:29:28.695686
AR003173,EMP00257,James Payne,Engineering,Salesforce,Admin,Carol Davis,False,2025-09-24 16:29:28.695686
AR003174,EMP00013,Sarah Silva,Legal,GitHub,Admin,David Brown,False,2026-05-21 16:29:28.695686
AR003175,EMP00278,Matthew Perez,Human Resources,Azure,Read,David Brown,True,2026-05-26 16:29:28.695686
AR003176,EMP00466,Jody Hoffman,Security,GitHub,Write,Carol Davis,True,2025-10-05 16:29:28.695686
AR003177,EMP00339,Paul Jenkins,Finance,GitHub,Write,David Brown,False,2025-10-18 16:29:28.695686
AR003178,EMP00466,Jody Hoffman,Security,ServiceNow,Write,Bob Smith,True,2025-10-14 16:29:28.695686
AR003179,EMP00205,Michael Hunt,Operations,Salesforce,Admin,Alice Johnson,True,2026-07-13 16:29:28.695686
AR003180,EMP00404,Nicole Garcia,Security,Azure,Write,Alice Johnson,False,2026-03-09 16:29:28.695686
AR003181,EMP00379,Michael White,Engineering,ServiceNow,Read,Carol Davis,True,2026-05-28 16:29:28.695686
AR003182,EMP00194,Samantha Whitaker,IT,Active Directory,Write,Alice Johnson,True,2025-10-22 16:29:28.695686
AR003183,EMP00361,Michael Thomas,Security,AWS,Write,Alice Johnson,True,2025-12-04 16:29:28.695686
AR003184,EMP00470,Teresa Guerrero,Finance,ServiceNow,Admin,Alice Johnson,False,2026-03-26 16:29:28.695686
AR003185,EMP00193,Christina Richardson,Operations,ServiceNow,Admin,David Brown,False,2026-02-11 16:29:28.695686
AR003186,EMP00083,Michelle Williams,Engineering,AWS,Read,Bob Smith,True,2025-09-30 16:29:28.695686
AR003187,EMP00282,David Hawkins,IT,ServiceNow,Read,Alice Johnson,True,2026-04-24 16:29:28.695686
AR003188,EMP00466,Jody Hoffman,Security,Azure,Admin,Carol Davis,False,2025-09-28 16:29:28.695686
AR003189,EMP00160,Tammy Rodriguez,Legal,ServiceNow,Write,Alice Johnson,True,2025-11-11 16:29:28.695686
AR003190,EMP00415,Dave Gutierrez,Human Resources,ServiceNow,Read,Bob Smith,False,2025-10-01 16:29:28.695686
AR003191,EMP00404,Nicole Garcia,Security,Salesforce,Write,Carol Davis,True,2025-12-06 16:29:28.695686
AR003192,EMP00141,William Durham,Finance,Azure,Read,David Brown,False,2025-09-17 16:29:28.695686
AR003193,EMP00002,Curtis Archer,Security,Salesforce,Write,Carol Davis,True,2026-03-30 16:29:28.695686
AR003194,EMP00028,Jeremy Beasley,Engineering,Salesforce,Read,David Brown,True,2025-11-10 16:29:28.695686
AR003195,EMP00470,Teresa Guerrero,Finance,GitHub,Admin,Alice Johnson,False,2025-11-09 16:29:28.695686
AR003196,EMP00400,Cheryl Ballard,Human Resources,Azure,Admin,Bob Smith,True,2026-05-02 16:29:28.695686
AR003197,EMP00250,Marcus Schroeder,Engineering,ServiceNow,Write,Alice Johnson,False,2025-11-18 16:29:28.695686
AR003198,EMP00302,Breanna Hester,Finance,Active Directory,Admin,Bob Smith,False,2026-01-03 16:29:28.695686
AR003199,EMP00002,Curtis Archer,Security,Salesforce,Write,Bob Smith,False,2025-08-01 16:29:28.695686
AR003200,EMP00396,Brittany Lynn,IT,AWS,Write,Alice Johnson,False,2026-04-25 16:29:28.695686
AR003201,EMP00172,Susan Hanson,Security,GitHub,Admin,Carol Davis,True,2026-04-15 16:29:28.695686
AR003202,EMP00489,Nicholas Gonzales,Security,Salesforce,Write,Alice Johnson,True,2026-01-01 16:29:28.695686
AR003203,EMP00353,Gail Ellis,Legal,Active Directory,Admin,Alice Johnson,True,2026-06-05 16:29:28.695686
AR003204,EMP00488,Christopher Perez,Security,Active Directory,Read,Carol Davis,False,2026-01-26 16:29:28.695686
AR003205,EMP00319,William Thomas MD,Human Resources,ServiceNow,Write,Bob Smith,False,2026-04-28 16:29:28.695686
AR003206,EMP00149,Sabrina Hoffman,IT,Salesforce,Read,Carol Davis,False,2025-12-06 16:29:28.695686
AR003207,EMP00220,Daniel Smith,Finance,GitHub,Read,Carol Davis,True,2026-07-05 16:29:28.695686
AR003208,EMP00246,Jennifer Bates,Legal,Active Directory,Write,Carol Davis,False,2025-08-15 16:29:28.695686
AR003209,EMP00045,Jose Williams,Engineering,Active Directory,Write,Carol Davis,False,2026-05-26 16:29:28.695686
AR003210,EMP00044,Rebecca Glenn,Finance,Active Directory,Read,David Brown,False,2026-07-05 16:29:28.695686
AR003211,EMP00284,David Miller,IT,AWS,Write,Bob Smith,False,2025-09-27 16:29:28.695686
AR003212,EMP00317,Caleb Myers,IT,Salesforce,Read,Alice Johnson,True,2025-08-20 16:29:28.695686
AR003213,EMP00068,Sean Reyes,Human Resources,Salesforce,Read,Alice Johnson,True,2025-12-21 16:29:28.695686
AR003214,EMP00101,Kirk Cortez,Legal,AWS,Read,David Brown,False,2026-04-12 16:29:28.695686
AR003215,EMP00034,Mark Mason,Security,ServiceNow,Admin,David Brown,True,2026-04-11 16:29:28.695686
AR003216,EMP00182,Megan Harris,Finance,Salesforce,Write,Carol Davis,False,2025-12-17 16:29:28.695686
AR003217,EMP00401,Tammy Chavez,Security,Active Directory,Admin,David Brown,True,2025-12-12 16:29:28.695686
AR003218,EMP00090,Leonard Brown,IT,Salesforce,Read,Alice Johnson,False,2025-12-01 16:29:28.695686
AR003219,EMP00297,Jonathan Hampton,Finance,Active Directory,Read,Alice Johnson,False,2025-10-03 16:29:28.695686
AR003220,EMP00346,Alicia Howard,Legal,ServiceNow,Read,Carol Davis,False,2026-04-28 16:29:28.695686
AR003221,EMP00241,Jacob Powell Jr.,Legal,Salesforce,Write,Alice Johnson,True,2026-05-14 16:29:28.695686
AR003222,EMP00122,Caitlin Williams,Legal,AWS,Read,David Brown,True,2025-11-22 16:29:28.695686
AR003223,EMP00396,Brittany Lynn,IT,Active Directory,Read,David Brown,False,2026-03-30 16:29:28.695686
AR003224,EMP00044,Rebecca Glenn,Finance,ServiceNow,Write,Alice Johnson,False,2026-06-14 16:29:28.695686
AR003225,EMP00129,Leslie Preston,Security,Azure,Admin,Alice Johnson,False,2025-10-14 16:29:28.695686
AR003226,EMP00136,Luke Marshall,Finance,ServiceNow,Read,Carol Davis,False,2025-08-23 16:29:28.695686
AR003227,EMP00226,Lynn Mercado,Operations,Active Directory,Write,Bob Smith,True,2026-03-30 16:29:28.695686
AR003228,EMP00226,Lynn Mercado,Operations,Active Directory,Read,Alice Johnson,True,2025-10-09 16:29:28.695686
AR003229,EMP00195,Aaron Anderson,Human Resources,Azure,Admin,David Brown,False,2026-07-02 16:29:28.695686
AR003230,EMP00053,Daniel Durham,Finance,ServiceNow,Write,David Brown,True,2026-02-24 16:29:28.695686
AR003231,EMP00109,Tracey Morris,IT,AWS,Admin,Carol Davis,False,2025-11-10 16:29:28.695686
AR003232,EMP00342,Lisa Cooper,Engineering,AWS,Read,Carol Davis,False,2025-11-20 16:29:28.695686
AR003233,EMP00384,Stephanie Cook,Finance,Active Directory,Write,David Brown,False,2025-07-31 16:29:28.695686
AR003234,EMP00330,Sharon Crawford,Legal,AWS,Read,David Brown,True,2025-09-15 16:29:28.695686
AR003235,EMP00428,Jaime Baker,Legal,AWS,Admin,Alice Johnson,True,2026-05-23 16:29:28.695686
AR003236,EMP00373,David Oneill,Security,Azure,Read,Bob Smith,True,2026-05-06 16:29:28.695686
AR003237,EMP00421,Michael Johnson,Security,ServiceNow,Read,Bob Smith,False,2026-07-27 16:29:28.695686
AR003238,EMP00191,Kristy Cruz,Security,Active Directory,Admin,David Brown,False,2026-04-11 16:29:28.695686
AR003239,EMP00277,Jonathan Davis,Operations,AWS,Admin,David Brown,False,2026-03-26 16:29:28.695686
AR003240,EMP00053,Daniel Durham,Finance,GitHub,Admin,David Brown,True,2026-06-08 16:29:28.695686
AR003241,EMP00298,Patricia Potter,Human Resources,Salesforce,Read,David Brown,False,2026-04-09 16:29:28.695686
AR003242,EMP00227,Bethany Patel,Human Resources,ServiceNow,Read,Bob Smith,False,2025-08-03 16:29:28.695686
AR003243,EMP00083,Michelle Williams,Engineering,Active Directory,Write,David Brown,False,2026-07-20 16:29:28.695686
AR003244,EMP00388,Kari Pace,Legal,AWS,Write,Alice Johnson,True,2026-05-12 16:29:28.695686
AR003245,EMP00334,Kelly Reese,Human Resources,GitHub,Admin,David Brown,False,2026-03-21 16:29:28.695686
AR003246,EMP00469,Brian Pham,IT,GitHub,Write,David Brown,True,2025-10-15 16:29:28.695686
AR003247,EMP00112,Natalie Friedman,Security,Salesforce,Read,Alice Johnson,False,2026-05-31 16:29:28.695686
AR003248,EMP00450,Sheryl Stone,Engineering,AWS,Admin,David Brown,True,2025-11-09 16:29:28.695686
AR003249,EMP00145,Michael Adams,Finance,AWS,Write,Carol Davis,True,2026-04-30 16:29:28.695686
AR003250,EMP00402,Clayton Baker,IT,Active Directory,Admin,Alice Johnson,False,2025-10-09 16:29:28.695686
AR003251,EMP00006,Austin Benson,Legal,Active Directory,Read,Alice Johnson,False,2026-06-27 16:29:28.695686
AR003252,EMP00166,Robert Patterson,Engineering,Active Directory,Admin,David Brown,False,2026-04-17 16:29:28.695686
AR003253,EMP00018,Katherine Adams,Human Resources,Salesforce,Admin,Bob Smith,False,2025-09-19 16:29:28.695686
AR003254,EMP00417,Ashley Taylor,IT,ServiceNow,Write,Alice Johnson,True,2026-05-21 16:29:28.695686
AR003255,EMP00048,Brian Travis,Security,Azure,Write,David Brown,False,2026-03-11 16:29:28.695686
AR003256,EMP00465,Carmen Davis,Human Resources,GitHub,Admin,Bob Smith,True,2026-05-24 16:29:28.695686
AR003257,EMP00184,Courtney Lewis,Finance,ServiceNow,Write,Carol Davis,True,2026-03-20 16:29:28.695686
AR003258,EMP00276,Christopher Cuevas,Engineering,GitHub,Read,Alice Johnson,False,2026-01-24 16:29:28.695686
AR003259,EMP00071,William Maldonado,Human Resources,GitHub,Read,David Brown,False,2026-04-19 16:29:28.695686
AR003260,EMP00453,Steven Lee,Human Resources,Salesforce,Admin,Carol Davis,False,2026-03-20 16:29:28.695686
AR003261,EMP00226,Lynn Mercado,Operations,AWS,Admin,Bob Smith,False,2026-05-14 16:29:28.695686
AR003262,EMP00479,Jennifer Salazar,Security,GitHub,Read,Carol Davis,False,2026-01-15 16:29:28.695686
AR003263,EMP00081,Paul Patterson,Legal,AWS,Admin,Alice Johnson,False,2025-09-28 16:29:28.695686
AR003264,EMP00464,Sarah David,Legal,Active Directory,Write,Carol Davis,True,2025-11-28 16:29:28.695686
AR003265,EMP00118,Nicole Orr,Finance,Azure,Write,David Brown,False,2025-10-29 16:29:28.695686
AR003266,EMP00396,Brittany Lynn,IT,AWS,Admin,David Brown,False,2025-11-25 16:29:28.695686
AR003267,EMP00494,Claudia Andrews,Legal,Active Directory,Write,Carol Davis,False,2026-01-20 16:29:28.695686
AR003268,EMP00192,Jennifer Hogan,Human Resources,Active Directory,Write,Bob Smith,True,2025-10-17 16:29:28.695686
AR003269,EMP00449,Jamie Robinson,Engineering,AWS,Write,Bob Smith,False,2026-02-09 16:29:28.695686
AR003270,EMP00312,Rachael Fisher,Engineering,Active Directory,Read,Alice Johnson,True,2025-07-31 16:29:28.695686
AR003271,EMP00125,Felicia Rocha,Human Resources,Azure,Read,David Brown,False,2026-02-04 16:29:28.695686
AR003272,EMP00446,Mrs. Autumn Wyatt,Legal,GitHub,Read,Carol Davis,False,2026-02-11 16:29:28.695686
AR003273,EMP00118,Nicole Orr,Finance,GitHub,Write,Alice Johnson,False,2026-01-29 16:29:28.695686
AR003274,EMP00054,Shelly Rios,IT,ServiceNow,Read,Carol Davis,False,2025-10-22 16:29:28.695686
AR003275,EMP00316,Richard Carter,Security,ServiceNow,Admin,Bob Smith,True,2025-10-04 16:29:28.695686
AR003276,EMP00487,Jason Richardson,IT,Azure,Write,Bob Smith,True,2025-10-13 16:29:28.695686
AR003277,EMP00062,Mariah Duncan,Finance,GitHub,Admin,Carol Davis,True,2025-12-02 16:29:28.695686
AR003278,EMP00006,Austin Benson,Legal,GitHub,Write,Bob Smith,True,2026-03-08 16:29:28.695686
AR003279,EMP00195,Aaron Anderson,Human Resources,AWS,Admin,Carol Davis,True,2026-02-12 16:29:28.695686
AR003280,EMP00073,William Velasquez,Human Resources,ServiceNow,Admin,Carol Davis,True,2026-01-19 16:29:28.695686
AR003281,EMP00074,Melissa Monroe,Human Resources,ServiceNow,Write,Carol Davis,True,2025-08-11 16:29:28.695686
AR003282,EMP00177,Brett Murray,Finance,ServiceNow,Write,David Brown,False,2025-11-16 16:29:28.695686
AR003283,EMP00025,David Everett,Human Resources,ServiceNow,Write,David Brown,True,2026-06-17 16:29:28.695686
AR003284,EMP00143,David Johnson,Security,ServiceNow,Read,Bob Smith,True,2026-01-23 16:29:28.695686
AR003285,EMP00208,Kimberly Walker,Operations,Active Directory,Admin,Bob Smith,False,2025-12-07 16:29:28.695686
AR003286,EMP00067,Jennifer Richardson,Engineering,Salesforce,Write,Bob Smith,False,2026-04-07 16:29:28.695686
AR003287,EMP00293,Cristian Harris,Human Resources,GitHub,Admin,David Brown,True,2026-02-27 16:29:28.695686
AR003288,EMP00330,Sharon Crawford,Legal,Azure,Write,Bob Smith,False,2025-11-09 16:29:28.695686
AR003289,EMP00019,Alan Yu,IT,GitHub,Write,David Brown,True,2026-04-05 16:29:28.695686
AR003290,EMP00025,David Everett,Human Resources,Salesforce,Write,David Brown,False,2026-04-07 16:29:28.695686
AR003291,EMP00301,Craig Simpson,Security,Active Directory,Read,Alice Johnson,False,2026-04-12 16:29:28.695686
AR003292,EMP00101,Kirk Cortez,Legal,Azure,Admin,Bob Smith,False,2026-07-09 16:29:28.695686
AR003293,EMP00375,Tina Ochoa,Legal,Active Directory,Read,Bob Smith,False,2025-08-29 16:29:28.695686
AR003294,EMP00165,Jeremy Moody,Security,Active Directory,Admin,Carol Davis,True,2026-03-18 16:29:28.695686
AR003295,EMP00067,Jennifer Richardson,Engineering,AWS,Admin,Alice Johnson,True,2025-11-01 16:29:28.695686
AR003296,EMP00180,Andrea Castillo,Engineering,Active Directory,Read,David Brown,False,2025-12-17 16:29:28.695686
AR003297,EMP00071,William Maldonado,Human Resources,ServiceNow,Write,Alice Johnson,True,2026-07-09 16:29:28.695686
AR003298,EMP00338,Alexander Dudley,Security,AWS,Admin,David Brown,True,2025-11-07 16:29:28.695686
AR003299,EMP00053,Daniel Durham,Finance,GitHub,Read,David Brown,False,2026-07-02 16:29:28.695686
AR003300,EMP00158,Cassie Hoffman,Security,Salesforce,Write,David Brown,True,2026-07-15 16:29:28.695686
AR003301,EMP00147,Jeffery Moore,Operations,ServiceNow,Read,Carol Davis,True,2025-09-23 16:29:28.695686
AR003302,EMP00450,Sheryl Stone,Engineering,GitHub,Write,Carol Davis,False,2025-12-15 16:29:28.695686
AR003303,EMP00013,Sarah Silva,Legal,GitHub,Write,Alice Johnson,True,2025-11-02 16:29:28.695686
AR003304,EMP00242,George Yoder,Finance,Azure,Read,David Brown,False,2025-11-01 16:29:28.695686
AR003305,EMP00500,Daniel Hall,Human Resources,Salesforce,Write,David Brown,True,2026-05-21 16:29:28.695686
AR003306,EMP00379,Michael White,Engineering,GitHub,Write,Alice Johnson,False,2026-02-27 16:29:28.695686
AR003307,EMP00477,William Pearson,Legal,Salesforce,Write,Alice Johnson,True,2026-04-30 16:29:28.695686
AR003308,EMP00456,Alexander Miller,Human Resources,Active Directory,Read,Alice Johnson,True,2025-11-19 16:29:28.695686
AR003309,EMP00306,Kristi Atkins,Security,Salesforce,Read,Bob Smith,False,2025-09-25 16:29:28.695686
AR003310,EMP00456,Alexander Miller,Human Resources,ServiceNow,Admin,David Brown,True,2026-02-27 16:29:28.695686
AR003311,EMP00251,Amy Merritt,Finance,ServiceNow,Admin,David Brown,False,2026-05-11 16:29:28.695686
AR003312,EMP00398,Jonathan Torres,Human Resources,Azure,Read,Carol Davis,False,2026-01-30 16:29:28.695686
AR003313,EMP00437,Elizabeth Sanchez,Legal,GitHub,Read,Bob Smith,True,2025-07-29 16:29:28.695686
AR003314,EMP00007,Jessica Atkins,Finance,GitHub,Read,Bob Smith,False,2025-12-11 16:29:28.695686
AR003315,EMP00431,Mark King,Human Resources,Salesforce,Read,David Brown,False,2025-10-20 16:29:28.695686
AR003316,EMP00188,Melissa Hubbard,Human Resources,AWS,Read,David Brown,True,2025-10-11 16:29:28.695686
AR003317,EMP00373,David Oneill,Security,ServiceNow,Read,Carol Davis,False,2025-08-18 16:29:28.695686
AR003318,EMP00274,Stephanie Landry,Security,Azure,Read,David Brown,False,2026-04-10 16:29:28.695686
AR003319,EMP00110,Steven Nichols,Security,Active Directory,Read,Carol Davis,True,2025-09-16 16:29:28.695686
AR003320,EMP00055,Benjamin White,IT,Salesforce,Read,David Brown,True,2026-05-01 16:29:28.695686
AR003321,EMP00384,Stephanie Cook,Finance,Azure,Read,Carol Davis,True,2025-09-20 16:29:28.695686
AR003322,EMP00006,Austin Benson,Legal,GitHub,Admin,Alice Johnson,True,2026-01-10 16:29:28.695686
AR003323,EMP00113,Richard Lambert,Legal,GitHub,Admin,Bob Smith,False,2026-05-15 16:29:28.695686
AR003324,EMP00084,Stephanie Wyatt,Security,GitHub,Read,David Brown,False,2026-07-08 16:29:28.695686
AR003325,EMP00209,Sherry Hale,IT,GitHub,Write,Alice Johnson,True,2026-06-05 16:29:28.695686
AR003326,EMP00083,Michelle Williams,Engineering,ServiceNow,Write,Carol Davis,False,2025-08-07 16:29:28.695686
AR003327,EMP00177,Brett Murray,Finance,Salesforce,Write,Bob Smith,True,2026-06-20 16:29:28.695686
AR003328,EMP00210,Meredith Atkinson DVM,Operations,Salesforce,Write,Carol Davis,True,2026-05-19 16:29:28.695686
AR003329,EMP00151,Paige Harrington,Operations,GitHub,Read,Alice Johnson,False,2026-05-17 16:29:28.695686
AR003330,EMP00278,Matthew Perez,Human Resources,Salesforce,Read,Alice Johnson,False,2025-09-08 16:29:28.695686
AR003331,EMP00089,Andrew Schmidt,Human Resources,Active Directory,Admin,Carol Davis,False,2025-10-26 16:29:28.695686
AR003332,EMP00132,Megan Scott,Finance,Salesforce,Write,David Brown,True,2026-02-17 16:29:28.695686
AR003333,EMP00018,Katherine Adams,Human Resources,GitHub,Write,Alice Johnson,False,2026-05-08 16:29:28.695686
AR003334,EMP00003,Natasha Obrien,Engineering,AWS,Write,Carol Davis,False,2026-04-04 16:29:28.695686
AR003335,EMP00459,Katrina Murphy,Legal,Azure,Write,Bob Smith,False,2026-07-07 16:29:28.695686
AR003336,EMP00050,Mr. Ronald Wright,IT,GitHub,Write,David Brown,True,2026-02-21 16:29:28.695686
AR003337,EMP00312,Rachael Fisher,Engineering,Active Directory,Write,Bob Smith,True,2026-06-21 16:29:28.695686
AR003338,EMP00478,Charles Henderson,IT,Azure,Read,Carol Davis,False,2025-08-20 16:29:28.695686
AR003339,EMP00212,Sean Franco,IT,GitHub,Read,David Brown,True,2025-08-22 16:29:28.695686
AR003340,EMP00453,Steven Lee,Human Resources,AWS,Read,Carol Davis,False,2025-12-09 16:29:28.695686
AR003341,EMP00029,Jeffrey Sullivan,IT,ServiceNow,Write,Carol Davis,True,2026-02-08 16:29:28.695686
AR003342,EMP00434,Dean Mayo,Human Resources,Salesforce,Write,Alice Johnson,False,2026-07-22 16:29:28.695686
AR003343,EMP00109,Tracey Morris,IT,Active Directory,Admin,David Brown,True,2026-07-13 16:29:28.695686
AR003344,EMP00483,Shannon Peterson,Operations,AWS,Admin,Alice Johnson,False,2026-03-01 16:29:28.695686
AR003345,EMP00366,Stacey Jimenez,Security,Active Directory,Admin,David Brown,True,2025-10-27 16:29:28.695686
AR003346,EMP00176,Anthony Burns,Security,Active Directory,Read,David Brown,True,2025-10-08 16:29:28.695686
AR003347,EMP00213,Gregory Lyons,IT,ServiceNow,Read,Carol Davis,False,2026-01-30 16:29:28.695686
AR003348,EMP00477,William Pearson,Legal,Salesforce,Write,Alice Johnson,False,2025-10-21 16:29:28.695686
AR003349,EMP00389,Elizabeth Patel,Security,Active Directory,Admin,Carol Davis,False,2026-02-06 16:29:28.695686
AR003350,EMP00489,Nicholas Gonzales,Security,ServiceNow,Admin,Carol Davis,False,2026-07-05 16:29:28.695686
AR003351,EMP00398,Jonathan Torres,Human Resources,Salesforce,Write,Carol Davis,False,2025-10-09 16:29:28.695686
AR003352,EMP00480,Joshua Davis,Engineering,ServiceNow,Admin,David Brown,False,2025-12-25 16:29:28.695686
AR003353,EMP00398,Jonathan Torres,Human Resources,Salesforce,Admin,Alice Johnson,False,2026-01-07 16:29:28.695686
AR003354,EMP00298,Patricia Potter,Human Resources,Active Directory,Admin,Alice Johnson,False,2026-03-08 16:29:28.695686
AR003355,EMP00242,George Yoder,Finance,GitHub,Read,Bob Smith,True,2026-06-14 16:29:28.695686
AR003356,EMP00145,Michael Adams,Finance,Azure,Write,Carol Davis,True,2025-08-04 16:29:28.695686
AR003357,EMP00082,Ian Wright,Finance,Salesforce,Admin,Carol Davis,False,2026-05-17 16:29:28.695686
AR003358,EMP00439,Mia Davis,IT,AWS,Admin,Alice Johnson,True,2026-07-13 16:29:28.695686
AR003359,EMP00473,Zachary Martinez,Human Resources,ServiceNow,Read,Alice Johnson,True,2026-06-16 16:29:28.695686
AR003360,EMP00472,Thomas Calderon,Human Resources,Salesforce,Read,Alice Johnson,False,2026-06-23 16:29:28.695686
AR003361,EMP00363,Leslie Johnson,Operations,ServiceNow,Read,Alice Johnson,False,2025-09-05 16:29:28.695686
AR003362,EMP00295,Kristen Howell,IT,AWS,Read,Carol Davis,False,2026-07-03 16:29:28.695686
AR003363,EMP00043,Danielle Silva,Operations,Azure,Read,Carol Davis,False,2025-09-24 16:29:28.695686
AR003364,EMP00482,Jennifer Patel DVM,Engineering,Active Directory,Write,David Brown,False,2025-10-03 16:29:28.695686
AR003365,EMP00475,Heather Jones,Operations,AWS,Write,Bob Smith,False,2026-05-17 16:29:28.695686
AR003366,EMP00010,Teresa Booth,Engineering,Active Directory,Read,Bob Smith,True,2026-07-12 16:29:28.695686
AR003367,EMP00012,Sean Wang,Finance,Salesforce,Read,Bob Smith,True,2026-05-27 16:29:28.695686
AR003368,EMP00027,Anthony Walton,Security,GitHub,Read,Alice Johnson,True,2026-03-23 16:29:28.695686
AR003369,EMP00253,Richard Bailey,Engineering,ServiceNow,Read,David Brown,False,2026-06-25 16:29:28.695686
AR003370,EMP00091,Daniel Ramos,Operations,ServiceNow,Admin,Bob Smith,False,2026-04-01 16:29:28.695686
AR003371,EMP00342,Lisa Cooper,Engineering,GitHub,Admin,Bob Smith,False,2026-05-20 16:29:28.695686
AR003372,EMP00348,Laura Neal,Operations,Azure,Admin,David Brown,True,2026-04-22 16:29:28.695686
AR003373,EMP00449,Jamie Robinson,Engineering,Active Directory,Write,David Brown,True,2026-04-04 16:29:28.695686
AR003374,EMP00176,Anthony Burns,Security,GitHub,Read,Carol Davis,False,2025-07-29 16:29:28.695686
AR003375,EMP00350,Brandon Allison,Engineering,ServiceNow,Admin,Carol Davis,False,2026-03-01 16:29:28.695686
AR003376,EMP00158,Cassie Hoffman,Security,ServiceNow,Read,David Brown,True,2025-11-11 16:29:28.695686
AR003377,EMP00067,Jennifer Richardson,Engineering,Azure,Read,Alice Johnson,False,2026-02-01 16:29:28.695686
AR003378,EMP00138,Felicia Carroll,Legal,Active Directory,Write,Carol Davis,False,2025-11-23 16:29:28.695686
AR003379,EMP00195,Aaron Anderson,Human Resources,Salesforce,Write,Alice Johnson,True,2025-12-04 16:29:28.695686
AR003380,EMP00170,Scott Smith,Operations,ServiceNow,Admin,Alice Johnson,True,2026-03-14 16:29:28.695686
AR003381,EMP00022,Jim Cox,Human Resources,ServiceNow,Admin,Carol Davis,True,2026-04-26 16:29:28.695686
AR003382,EMP00190,Regina Turner,Legal,Azure,Write,Bob Smith,True,2025-08-08 16:29:28.695686
AR003383,EMP00237,Deborah Hall,Security,Active Directory,Read,Carol Davis,True,2025-08-23 16:29:28.695686
AR003384,EMP00416,Victoria Silva,Legal,Salesforce,Read,Alice Johnson,True,2026-04-11 16:29:28.695686
AR003385,EMP00287,Donna Ramirez,Operations,Azure,Admin,Bob Smith,True,2026-05-28 16:29:28.695686
AR003386,EMP00049,Mrs. Kara Holt,Human Resources,AWS,Write,Alice Johnson,False,2026-06-14 16:29:28.695686
AR003387,EMP00177,Brett Murray,Finance,Active Directory,Read,David Brown,True,2025-10-06 16:29:28.695686
AR003388,EMP00390,Sherri Vance,Legal,AWS,Admin,David Brown,False,2025-10-14 16:29:28.695686
AR003389,EMP00340,Brett Turner,Engineering,Active Directory,Write,David Brown,True,2026-04-03 16:29:28.695686
AR003390,EMP00113,Richard Lambert,Legal,AWS,Read,Carol Davis,False,2026-05-21 16:29:28.695686
AR003391,EMP00095,Steven Gardner,Engineering,AWS,Write,Alice Johnson,False,2026-07-01 16:29:28.695686
AR003392,EMP00016,Stacey Jenkins,Engineering,AWS,Write,Carol Davis,True,2025-08-22 16:29:28.695686
AR003393,EMP00046,Jorge Fisher,Legal,GitHub,Read,Bob Smith,False,2025-12-18 16:29:28.695686
AR003394,EMP00331,Amanda Bailey MD,Human Resources,Azure,Write,Alice Johnson,False,2025-12-05 16:29:28.695686
AR003395,EMP00167,Peter Contreras,Finance,Active Directory,Read,Carol Davis,True,2025-12-03 16:29:28.695686
AR003396,EMP00167,Peter Contreras,Finance,Active Directory,Admin,Carol Davis,False,2026-06-27 16:29:28.695686
AR003397,EMP00308,Christopher Grant,Finance,GitHub,Read,Carol Davis,True,2025-09-12 16:29:28.695686
AR003398,EMP00475,Heather Jones,Operations,Azure,Admin,Alice Johnson,True,2025-10-26 16:29:28.695686
AR003399,EMP00042,Tabitha Cook,Legal,ServiceNow,Write,Bob Smith,True,2026-06-29 16:29:28.695686
AR003400,EMP00130,Michele Thomas,IT,Salesforce,Write,Bob Smith,True,2025-11-07 16:29:28.695686
AR003401,EMP00313,Darren Middleton,Human Resources,Salesforce,Admin,Bob Smith,False,2025-09-08 16:29:28.695686
AR003402,EMP00298,Patricia Potter,Human Resources,Azure,Admin,Bob Smith,True,2025-09-21 16:29:28.695686
AR003403,EMP00287,Donna Ramirez,Operations,Active Directory,Read,Alice Johnson,False,2026-03-06 16:29:28.695686
AR003404,EMP00033,Matthew Moody,IT,GitHub,Write,David Brown,False,2026-07-03 16:29:28.695686
AR003405,EMP00212,Sean Franco,IT,GitHub,Admin,Carol Davis,True,2026-05-07 16:29:28.695686
AR003406,EMP00489,Nicholas Gonzales,Security,Salesforce,Admin,Bob Smith,True,2026-07-18 16:29:28.695686
AR003407,EMP00010,Teresa Booth,Engineering,Salesforce,Read,Alice Johnson,False,2026-06-28 16:29:28.695686
AR003408,EMP00145,Michael Adams,Finance,ServiceNow,Write,Carol Davis,True,2026-03-17 16:29:28.695686
AR003409,EMP00385,Beth Nichols,Security,ServiceNow,Admin,David Brown,False,2026-05-13 16:29:28.695686
AR003410,EMP00174,Emily Church,Human Resources,Azure,Write,Alice Johnson,True,2025-12-14 16:29:28.695686
AR003411,EMP00175,Janice Alvarez,Finance,Active Directory,Admin,Bob Smith,False,2025-10-05 16:29:28.695686
AR003412,EMP00380,Dennis Garrett,IT,AWS,Admin,Alice Johnson,False,2026-04-14 16:29:28.695686
AR003413,EMP00151,Paige Harrington,Operations,Salesforce,Read,Bob Smith,False,2026-02-09 16:29:28.695686
AR003414,EMP00022,Jim Cox,Human Resources,ServiceNow,Write,Alice Johnson,True,2025-11-21 16:29:28.695686
AR003415,EMP00366,Stacey Jimenez,Security,Salesforce,Admin,Bob Smith,False,2026-04-11 16:29:28.695686
AR003416,EMP00042,Tabitha Cook,Legal,GitHub,Admin,Carol Davis,False,2026-01-09 16:29:28.695686
AR003417,EMP00178,Kelsey Long,Finance,Salesforce,Admin,Carol Davis,True,2026-06-06 16:29:28.695686
AR003418,EMP00392,Shannon Fernandez,Operations,Salesforce,Admin,Alice Johnson,False,2026-02-23 16:29:28.695686
AR003419,EMP00137,Heather Mccormick,IT,GitHub,Admin,David Brown,False,2026-01-07 16:29:28.695686
AR003420,EMP00407,Rebecca Flores,Legal,Salesforce,Write,Alice Johnson,True,2025-10-19 16:29:28.695686
AR003421,EMP00119,Misty Brandt,Finance,Salesforce,Admin,Bob Smith,False,2026-04-03 16:29:28.695686
AR003422,EMP00113,Richard Lambert,Legal,AWS,Write,David Brown,True,2025-09-25 16:29:28.695686
AR003423,EMP00184,Courtney Lewis,Finance,AWS,Read,Bob Smith,True,2025-08-23 16:29:28.695686
AR003424,EMP00323,Tyler Grant,Security,GitHub,Read,Carol Davis,False,2026-03-20 16:29:28.695686
AR003425,EMP00096,Lauren Jensen,Human Resources,GitHub,Write,David Brown,False,2026-03-30 16:29:28.695686
AR003426,EMP00312,Rachael Fisher,Engineering,GitHub,Read,Carol Davis,True,2025-09-17 16:29:28.695686
AR003427,EMP00409,Jessica Warner,Security,AWS,Write,David Brown,True,2025-12-23 16:29:28.695686
AR003428,EMP00383,Christopher Bonilla,Legal,Active Directory,Read,Carol Davis,False,2026-06-24 16:29:28.695686
AR003429,EMP00419,Brandon Barker,Engineering,Azure,Write,Bob Smith,False,2026-04-20 16:29:28.695686
AR003430,EMP00213,Gregory Lyons,IT,GitHub,Write,Carol Davis,True,2026-06-04 16:29:28.695686
AR003431,EMP00462,Michael Graham,Engineering,ServiceNow,Write,Alice Johnson,False,2025-12-07 16:29:28.695686
AR003432,EMP00220,Daniel Smith,Finance,Salesforce,Read,Bob Smith,False,2025-10-21 16:29:28.695686
AR003433,EMP00127,Frank Roy,Human Resources,Active Directory,Read,Alice Johnson,False,2025-10-06 16:29:28.695686
AR003434,EMP00120,Scott Lopez,Engineering,Azure,Admin,Bob Smith,True,2026-04-28 16:29:28.695686
AR003435,EMP00049,Mrs. Kara Holt,Human Resources,AWS,Write,David Brown,True,2025-08-09 16:29:28.695686
AR003436,EMP00357,Kimberly Scott,Operations,GitHub,Read,Bob Smith,True,2025-09-02 16:29:28.695686
AR003437,EMP00153,Jennifer Freeman,Security,AWS,Write,David Brown,False,2026-01-11 16:29:28.695686
AR003438,EMP00484,Joseph Gomez,Finance,Azure,Write,Alice Johnson,True,2026-02-08 16:29:28.695686
AR003439,EMP00150,Kyle Cain,Security,Salesforce,Write,Bob Smith,False,2026-01-10 16:29:28.695686
AR003440,EMP00174,Emily Church,Human Resources,GitHub,Read,Carol Davis,True,2025-08-17 16:29:28.695686
AR003441,EMP00066,Steven English,Engineering,Salesforce,Read,David Brown,True,2026-05-16 16:29:28.695686
AR003442,EMP00336,Kelsey Kramer,Security,Active Directory,Admin,Carol Davis,False,2025-07-28 16:29:28.695686
AR003443,EMP00182,Megan Harris,Finance,GitHub,Read,Carol Davis,False,2026-07-06 16:29:28.695686
AR003444,EMP00446,Mrs. Autumn Wyatt,Legal,AWS,Admin,Alice Johnson,False,2026-05-20 16:29:28.695686
AR003445,EMP00413,John Foster,IT,Salesforce,Write,Carol Davis,False,2025-08-10 16:29:28.695686
AR003446,EMP00054,Shelly Rios,IT,GitHub,Admin,Carol Davis,True,2026-06-27 16:29:28.695686
AR003447,EMP00222,Leah Dennis,Human Resources,GitHub,Admin,David Brown,False,2026-01-27 16:29:28.695686
AR003448,EMP00035,Jonathan Solis,Human Resources,ServiceNow,Write,Alice Johnson,True,2026-02-24 16:29:28.695686
AR003449,EMP00315,Colleen Cochran,Operations,ServiceNow,Admin,Bob Smith,False,2025-11-23 16:29:28.695686
AR003450,EMP00228,Nancy Orozco,Finance,ServiceNow,Admin,Carol Davis,False,2025-10-12 16:29:28.695686
AR003451,EMP00476,Rebecca Taylor,IT,GitHub,Admin,David Brown,False,2025-08-14 16:29:28.695686
AR003452,EMP00363,Leslie Johnson,Operations,Active Directory,Admin,Alice Johnson,False,2026-03-23 16:29:28.695686
AR003453,EMP00323,Tyler Grant,Security,Salesforce,Read,Carol Davis,False,2025-11-15 16:29:28.695686
AR003454,EMP00344,Kent Carter,Finance,AWS,Admin,Alice Johnson,True,2026-01-11 16:29:28.695686
AR003455,EMP00310,Lauren Tanner,Finance,Active Directory,Read,Alice Johnson,False,2026-05-28 16:29:28.695686
AR003456,EMP00269,Travis Johnson,Security,ServiceNow,Admin,Bob Smith,True,2025-11-12 16:29:28.695686
AR003457,EMP00427,Thomas Tucker,Engineering,ServiceNow,Read,Bob Smith,False,2026-02-06 16:29:28.695686
AR003458,EMP00436,Jill Patterson,IT,ServiceNow,Write,Bob Smith,False,2026-01-19 16:29:28.695686
AR003459,EMP00441,Anthony Zimmerman,Security,GitHub,Read,Bob Smith,False,2025-10-23 16:29:28.695686
AR003460,EMP00189,Joseph Austin,Legal,Salesforce,Admin,Alice Johnson,False,2025-09-29 16:29:28.695686
AR003461,EMP00373,David Oneill,Security,ServiceNow,Admin,Bob Smith,False,2025-08-26 16:29:28.695686
AR003462,EMP00183,Andrew Bartlett,IT,Active Directory,Read,David Brown,False,2026-01-18 16:29:28.695686
AR003463,EMP00204,Charles Wilcox,Human Resources,ServiceNow,Read,Bob Smith,True,2025-12-07 16:29:28.695686
AR003464,EMP00225,Sarah Anthony,Operations,AWS,Read,Bob Smith,False,2026-05-06 16:29:28.695686
AR003465,EMP00380,Dennis Garrett,IT,Azure,Read,Carol Davis,False,2025-11-27 16:29:28.695686
AR003466,EMP00176,Anthony Burns,Security,GitHub,Admin,Carol Davis,False,2026-07-19 16:29:28.695686
AR003467,EMP00497,Melissa Andrade,Operations,ServiceNow,Read,Bob Smith,True,2026-05-10 16:29:28.695686
AR003468,EMP00020,Jonathan Davis,IT,Salesforce,Write,Bob Smith,False,2026-04-02 16:29:28.695686
AR003469,EMP00090,Leonard Brown,IT,Salesforce,Read,Alice Johnson,False,2026-05-03 16:29:28.695686
AR003470,EMP00175,Janice Alvarez,Finance,Azure,Admin,David Brown,False,2025-12-27 16:29:28.695686
AR003471,EMP00178,Kelsey Long,Finance,ServiceNow,Write,David Brown,False,2026-02-05 16:29:28.695686
AR003472,EMP00218,Rebecca Burns,Human Resources,ServiceNow,Admin,David Brown,False,2026-02-19 16:29:28.695686
AR003473,EMP00270,Dr. Michael Stevens,IT,AWS,Write,Carol Davis,False,2025-08-23 16:29:28.695686
AR003474,EMP00166,Robert Patterson,Engineering,GitHub,Write,David Brown,False,2025-09-11 16:29:28.695686
AR003475,EMP00440,Tiffany Brown,Legal,Active Directory,Write,David Brown,False,2025-07-30 16:29:28.695686
AR003476,EMP00409,Jessica Warner,Security,ServiceNow,Admin,Bob Smith,False,2025-11-11 16:29:28.695686
AR003477,EMP00011,Justin White,Security,Salesforce,Admin,David Brown,True,2026-04-26 16:29:28.695686
AR003478,EMP00048,Brian Travis,Security,Azure,Admin,Bob Smith,False,2026-02-05 16:29:28.695686
AR003479,EMP00163,Misty Rice,IT,AWS,Admin,Bob Smith,False,2026-07-23 16:29:28.695686
AR003480,EMP00125,Felicia Rocha,Human Resources,ServiceNow,Read,Bob Smith,False,2025-12-28 16:29:28.695686
AR003481,EMP00243,Patricia Simpson,Engineering,Active Directory,Write,Bob Smith,False,2026-07-22 16:29:28.695686
AR003482,EMP00008,Nathaniel Green,Operations,Active Directory,Admin,Bob Smith,True,2025-08-02 16:29:28.695686
AR003483,EMP00459,Katrina Murphy,Legal,Salesforce,Admin,Bob Smith,False,2025-12-05 16:29:28.695686
AR003484,EMP00091,Daniel Ramos,Operations,ServiceNow,Write,Alice Johnson,False,2025-08-27 16:29:28.695686
AR003485,EMP00420,Jeremy Lopez,Legal,Active Directory,Read,David Brown,False,2025-12-21 16:29:28.695686
AR003486,EMP00382,Elizabeth Lang,Human Resources,ServiceNow,Read,Carol Davis,True,2026-04-10 16:29:28.695686
AR003487,EMP00156,Michelle Thompson,Human Resources,AWS,Read,Carol Davis,False,2025-12-11 16:29:28.695686
AR003488,EMP00017,Taylor Mccormick,Engineering,GitHub,Read,Bob Smith,False,2025-10-11 16:29:28.695686
AR003489,EMP00465,Carmen Davis,Human Resources,ServiceNow,Write,Bob Smith,False,2026-02-09 16:29:28.695686
AR003490,EMP00155,Kenneth Miranda,Engineering,ServiceNow,Write,Alice Johnson,True,2025-10-25 16:29:28.695686
AR003491,EMP00345,William Lewis,Engineering,Azure,Admin,Alice Johnson,True,2025-11-15 16:29:28.695686
AR003492,EMP00426,Brian Woodard,Legal,Azure,Admin,Alice Johnson,False,2025-09-14 16:29:28.695686
AR003493,EMP00086,Kimberly Castillo,Security,GitHub,Read,David Brown,True,2026-04-18 16:29:28.695686
AR003494,EMP00377,Vanessa Winters,Operations,Active Directory,Read,Carol Davis,True,2025-12-21 16:29:28.695686
AR003495,EMP00364,Eric Wilcox,IT,Azure,Read,Bob Smith,False,2026-01-27 16:29:28.695686
AR003496,EMP00357,Kimberly Scott,Operations,Active Directory,Write,Bob Smith,False,2026-03-22 16:29:28.695686
AR003497,EMP00487,Jason Richardson,IT,Active Directory,Admin,Alice Johnson,True,2025-08-03 16:29:28.695686
AR003498,EMP00063,Tricia Moody,Operations,ServiceNow,Admin,David Brown,False,2026-01-17 16:29:28.695686
AR003499,EMP00130,Michele Thomas,IT,Active Directory,Read,Bob Smith,True,2026-03-03 16:29:28.695686
AR003500,EMP00281,Randy Cortez DVM,Finance,Salesforce,Admin,Carol Davis,True,2026-06-05 16:29:28.695686
AR003501,EMP00245,Sarah Jefferson,Operations,GitHub,Read,Carol Davis,False,2025-11-19 16:29:28.695686
AR003502,EMP00499,Ryan Cummings,Human Resources,Salesforce,Write,Bob Smith,False,2026-03-13 16:29:28.695686
AR003503,EMP00065,Jeffrey Orozco,Legal,GitHub,Admin,David Brown,True,2026-04-05 16:29:28.695686
AR003504,EMP00356,Veronica Diaz,Human Resources,AWS,Read,Alice Johnson,False,2026-05-10 16:29:28.695686
AR003505,EMP00073,William Velasquez,Human Resources,AWS,Read,Bob Smith,True,2025-12-02 16:29:28.695686
AR003506,EMP00053,Daniel Durham,Finance,Azure,Admin,Carol Davis,True,2025-12-13 16:29:28.695686
AR003507,EMP00054,Shelly Rios,IT,GitHub,Read,Bob Smith,False,2025-08-12 16:29:28.695686
AR003508,EMP00074,Melissa Monroe,Human Resources,Salesforce,Admin,Bob Smith,False,2025-10-13 16:29:28.695686
AR003509,EMP00398,Jonathan Torres,Human Resources,GitHub,Admin,Bob Smith,False,2025-09-27 16:29:28.695686
AR003510,EMP00158,Cassie Hoffman,Security,Azure,Read,Carol Davis,False,2025-11-14 16:29:28.695686
AR003511,EMP00285,Heather Carter,Human Resources,Azure,Write,Carol Davis,True,2025-11-10 16:29:28.695686
AR003512,EMP00469,Brian Pham,IT,ServiceNow,Admin,Alice Johnson,True,2026-02-25 16:29:28.695686
AR003513,EMP00143,David Johnson,Security,ServiceNow,Write,David Brown,True,2026-07-04 16:29:28.695686
AR003514,EMP00289,Sean Hernandez,Finance,ServiceNow,Write,Carol Davis,True,2025-08-31 16:29:28.695686
AR003515,EMP00425,Kara Parker,Human Resources,GitHub,Read,Bob Smith,True,2026-06-05 16:29:28.695686
AR003516,EMP00095,Steven Gardner,Engineering,ServiceNow,Admin,David Brown,False,2025-08-21 16:29:28.695686
AR003517,EMP00194,Samantha Whitaker,IT,ServiceNow,Admin,David Brown,False,2026-05-26 16:29:28.695686
AR003518,EMP00045,Jose Williams,Engineering,Active Directory,Admin,Alice Johnson,True,2026-07-20 16:29:28.695686
AR003519,EMP00498,Ricky Cook,Operations,Azure,Read,Alice Johnson,False,2025-09-30 16:29:28.695686
AR003520,EMP00148,Jeremy Bailey,Human Resources,GitHub,Write,David Brown,True,2025-12-09 16:29:28.695686
AR003521,EMP00106,Gloria Thomas,Operations,ServiceNow,Write,Alice Johnson,True,2025-08-22 16:29:28.695686
AR003522,EMP00019,Alan Yu,IT,AWS,Write,Bob Smith,True,2025-12-16 16:29:28.695686
AR003523,EMP00367,Alice Hardy,IT,Azure,Read,Bob Smith,False,2025-10-22 16:29:28.695686
AR003524,EMP00330,Sharon Crawford,Legal,GitHub,Write,Alice Johnson,True,2026-03-16 16:29:28.695686
AR003525,EMP00172,Susan Hanson,Security,Salesforce,Read,Bob Smith,False,2025-09-16 16:29:28.695686
AR003526,EMP00089,Andrew Schmidt,Human Resources,ServiceNow,Admin,Alice Johnson,False,2026-05-17 16:29:28.695686
AR003527,EMP00206,Laura Cook,Operations,ServiceNow,Read,David Brown,True,2026-06-28 16:29:28.695686
AR003528,EMP00373,David Oneill,Security,ServiceNow,Admin,David Brown,False,2026-04-27 16:29:28.695686
AR003529,EMP00263,Alexis Roberts,Finance,ServiceNow,Read,Bob Smith,False,2025-11-28 16:29:28.695686
AR003530,EMP00379,Michael White,Engineering,ServiceNow,Admin,David Brown,False,2025-08-21 16:29:28.695686
AR003531,EMP00077,Melissa Hill,Human Resources,GitHub,Write,David Brown,True,2025-08-12 16:29:28.695686
AR003532,EMP00339,Paul Jenkins,Finance,Salesforce,Write,Alice Johnson,False,2025-07-31 16:29:28.695686
AR003533,EMP00465,Carmen Davis,Human Resources,ServiceNow,Write,Bob Smith,False,2025-12-15 16:29:28.695686
AR003534,EMP00158,Cassie Hoffman,Security,Active Directory,Read,Bob Smith,True,2026-07-07 16:29:28.695686
AR003535,EMP00302,Breanna Hester,Finance,Active Directory,Read,Alice Johnson,True,2026-03-16 16:29:28.695686
AR003536,EMP00161,Devon Neal,Human Resources,Salesforce,Admin,Carol Davis,True,2026-07-27 16:29:28.695686
AR003537,EMP00191,Kristy Cruz,Security,Active Directory,Admin,Alice Johnson,True,2026-01-10 16:29:28.695686
AR003538,EMP00374,Patricia Patel,Security,Active Directory,Admin,Carol Davis,True,2026-03-11 16:29:28.695686
AR003539,EMP00262,Lisa White,Human Resources,GitHub,Read,Alice Johnson,True,2025-11-30 16:29:28.695686
AR003540,EMP00030,Alexandra Wilson,Finance,Active Directory,Read,Carol Davis,True,2026-01-16 16:29:28.695686
AR003541,EMP00467,Elaine Rice,Security,Azure,Write,David Brown,True,2025-10-05 16:29:28.695686
AR003542,EMP00425,Kara Parker,Human Resources,Salesforce,Read,Alice Johnson,False,2026-02-05 16:29:28.695686
AR003543,EMP00196,Melissa Dudley,Engineering,ServiceNow,Admin,David Brown,False,2026-04-14 16:29:28.695686
AR003544,EMP00289,Sean Hernandez,Finance,ServiceNow,Write,Carol Davis,False,2026-01-31 16:29:28.695686
AR003545,EMP00284,David Miller,IT,AWS,Admin,Alice Johnson,True,2026-07-12 16:29:28.695686
AR003546,EMP00458,Miss Melissa Tucker,Engineering,Active Directory,Admin,Carol Davis,False,2026-03-02 16:29:28.695686
AR003547,EMP00119,Misty Brandt,Finance,ServiceNow,Admin,Carol Davis,True,2026-01-01 16:29:28.695686
AR003548,EMP00131,Ronald Hale,Engineering,AWS,Write,David Brown,False,2026-07-27 16:29:28.695686
AR003549,EMP00192,Jennifer Hogan,Human Resources,Salesforce,Read,David Brown,True,2025-08-31 16:29:28.695686
AR003550,EMP00482,Jennifer Patel DVM,Engineering,ServiceNow,Write,David Brown,False,2026-04-20 16:29:28.695686
AR003551,EMP00014,Samantha Valdez,Operations,Salesforce,Admin,Alice Johnson,True,2026-03-07 16:29:28.695686
AR003552,EMP00336,Kelsey Kramer,Security,Azure,Read,Bob Smith,True,2025-12-08 16:29:28.695686
AR003553,EMP00016,Stacey Jenkins,Engineering,Azure,Read,Alice Johnson,False,2026-02-24 16:29:28.695686
AR003554,EMP00286,Andrea Rice,Security,Salesforce,Write,Bob Smith,False,2026-07-18 16:29:28.695686
AR003555,EMP00275,Michael Gutierrez,IT,GitHub,Write,David Brown,True,2026-05-26 16:29:28.695686
AR003556,EMP00308,Christopher Grant,Finance,AWS,Admin,Carol Davis,False,2026-05-30 16:29:28.695686
AR003557,EMP00269,Travis Johnson,Security,Active Directory,Admin,David Brown,True,2025-11-19 16:29:28.695686
AR003558,EMP00356,Veronica Diaz,Human Resources,Salesforce,Write,David Brown,True,2025-11-12 16:29:28.695686
AR003559,EMP00093,Cody Taylor,Legal,AWS,Admin,Carol Davis,False,2025-08-01 16:29:28.695686
AR003560,EMP00292,Annette Figueroa,Engineering,Active Directory,Admin,Carol Davis,False,2026-07-09 16:29:28.695686
AR003561,EMP00333,Tara Armstrong,Engineering,AWS,Read,Alice Johnson,False,2026-01-04 16:29:28.695686
AR003562,EMP00128,Harry Green,Security,AWS,Write,David Brown,True,2026-07-26 16:29:28.695686
AR003563,EMP00217,Monica Castillo,Legal,Active Directory,Admin,David Brown,True,2026-07-03 16:29:28.695686
AR003564,EMP00059,Benjamin Johnson,IT,Salesforce,Admin,Alice Johnson,True,2025-11-23 16:29:28.695686
AR003565,EMP00443,Michelle Richardson,Human Resources,Salesforce,Admin,Alice Johnson,False,2025-11-20 16:29:28.695686
AR003566,EMP00199,Terry Henson,Legal,Active Directory,Read,Alice Johnson,False,2026-06-01 16:29:28.695686
AR003567,EMP00314,Charles Tucker,Human Resources,Active Directory,Admin,Bob Smith,True,2026-07-06 16:29:28.695686
AR003568,EMP00257,James Payne,Engineering,ServiceNow,Read,Carol Davis,False,2026-04-30 16:29:28.695686
AR003569,EMP00438,Michael Fisher,IT,Active Directory,Write,Bob Smith,False,2026-03-25 16:29:28.695686
AR003570,EMP00013,Sarah Silva,Legal,Active Directory,Admin,Alice Johnson,True,2026-04-02 16:29:28.695686
AR003571,EMP00420,Jeremy Lopez,Legal,GitHub,Read,David Brown,True,2026-06-18 16:29:28.695686
AR003572,EMP00313,Darren Middleton,Human Resources,Salesforce,Admin,Alice Johnson,False,2026-04-24 16:29:28.695686
AR003573,EMP00278,Matthew Perez,Human Resources,GitHub,Admin,David Brown,False,2025-12-02 16:29:28.695686
AR003574,EMP00127,Frank Roy,Human Resources,ServiceNow,Read,Bob Smith,True,2025-11-13 16:29:28.695686
AR003575,EMP00367,Alice Hardy,IT,Salesforce,Write,Carol Davis,True,2026-02-17 16:29:28.695686
AR003576,EMP00330,Sharon Crawford,Legal,Active Directory,Read,Carol Davis,False,2026-02-26 16:29:28.695686
AR003577,EMP00057,Tyler Levine,Operations,Azure,Write,Bob Smith,True,2026-03-22 16:29:28.695686
AR003578,EMP00350,Brandon Allison,Engineering,AWS,Read,David Brown,False,2025-12-28 16:29:28.695686
AR003579,EMP00465,Carmen Davis,Human Resources,Salesforce,Admin,Carol Davis,False,2025-10-30 16:29:28.695686
AR003580,EMP00441,Anthony Zimmerman,Security,Azure,Read,David Brown,False,2026-01-15 16:29:28.695686
AR003581,EMP00411,Renee Davis,Operations,GitHub,Read,Carol Davis,True,2026-05-04 16:29:28.695686
AR003582,EMP00416,Victoria Silva,Legal,AWS,Admin,Alice Johnson,True,2026-05-13 16:29:28.695686
AR003583,EMP00086,Kimberly Castillo,Security,AWS,Admin,David Brown,False,2026-07-07 16:29:28.695686
AR003584,EMP00006,Austin Benson,Legal,Salesforce,Write,Bob Smith,False,2026-02-05 16:29:28.695686
AR003585,EMP00063,Tricia Moody,Operations,ServiceNow,Write,Carol Davis,False,2025-11-26 16:29:28.695686
AR003586,EMP00174,Emily Church,Human Resources,AWS,Admin,David Brown,False,2026-02-09 16:29:28.695686
AR003587,EMP00053,Daniel Durham,Finance,Salesforce,Admin,Alice Johnson,True,2026-03-29 16:29:28.695686
AR003588,EMP00292,Annette Figueroa,Engineering,GitHub,Read,Carol Davis,False,2025-12-18 16:29:28.695686
AR003589,EMP00335,Paul Hansen,Finance,Salesforce,Read,Bob Smith,True,2025-07-28 16:29:28.695686
AR003590,EMP00004,Lisa Pierce,IT,AWS,Write,David Brown,False,2025-11-11 16:29:28.695686
AR003591,EMP00141,William Durham,Finance,ServiceNow,Read,Carol Davis,False,2025-08-23 16:29:28.695686
AR003592,EMP00041,Jody Burton,Engineering,Azure,Admin,Bob Smith,True,2026-02-24 16:29:28.695686
AR003593,EMP00080,Kristin Sutton DDS,Engineering,AWS,Write,David Brown,True,2025-09-11 16:29:28.695686
AR003594,EMP00043,Danielle Silva,Operations,ServiceNow,Admin,Alice Johnson,False,2025-10-06 16:29:28.695686
AR003595,EMP00476,Rebecca Taylor,IT,AWS,Read,Bob Smith,False,2025-11-14 16:29:28.695686
AR003596,EMP00211,David Blake,Security,AWS,Admin,Alice Johnson,False,2026-07-03 16:29:28.695686
AR003597,EMP00420,Jeremy Lopez,Legal,ServiceNow,Write,Carol Davis,False,2025-09-16 16:29:28.695686
AR003598,EMP00011,Justin White,Security,Salesforce,Write,Bob Smith,True,2025-08-10 16:29:28.695686
AR003599,EMP00094,Victoria Austin,Engineering,Active Directory,Write,Carol Davis,True,2026-05-29 16:29:28.695686
AR003600,EMP00193,Christina Richardson,Operations,GitHub,Read,David Brown,True,2025-10-15 16:29:28.695686
AR003601,EMP00266,Stephen Lloyd,IT,AWS,Admin,Carol Davis,True,2025-08-30 16:29:28.695686
AR003602,EMP00289,Sean Hernandez,Finance,Azure,Admin,David Brown,True,2025-12-28 16:29:28.695686
AR003603,EMP00475,Heather Jones,Operations,Azure,Admin,David Brown,True,2025-08-19 16:29:28.695686
AR003604,EMP00394,Matthew Dyer,Legal,AWS,Admin,David Brown,True,2025-08-14 16:29:28.695686
AR003605,EMP00324,Donna Smith,Finance,GitHub,Read,David Brown,False,2025-10-27 16:29:28.695686
AR003606,EMP00498,Ricky Cook,Operations,AWS,Write,Carol Davis,True,2026-02-12 16:29:28.695686
AR003607,EMP00054,Shelly Rios,IT,ServiceNow,Read,David Brown,False,2026-01-04 16:29:28.695686
AR003608,EMP00488,Christopher Perez,Security,Active Directory,Read,Bob Smith,False,2026-06-09 16:29:28.695686
AR003609,EMP00347,Carlos Smith,Legal,AWS,Write,Bob Smith,True,2026-07-19 16:29:28.695686
AR003610,EMP00133,Cynthia Woodward,Operations,Azure,Admin,Bob Smith,False,2026-07-11 16:29:28.695686
AR003611,EMP00458,Miss Melissa Tucker,Engineering,AWS,Admin,Bob Smith,False,2025-08-24 16:29:28.695686
AR003612,EMP00408,Mrs. Mary Brown,Human Resources,AWS,Read,Alice Johnson,True,2025-12-09 16:29:28.695686
AR003613,EMP00085,Kathleen Lynch,Human Resources,ServiceNow,Read,Alice Johnson,False,2026-05-20 16:29:28.695686
AR003614,EMP00312,Rachael Fisher,Engineering,AWS,Write,David Brown,True,2025-09-10 16:29:28.695686
AR003615,EMP00210,Meredith Atkinson DVM,Operations,ServiceNow,Read,Bob Smith,False,2026-06-27 16:29:28.695686
AR003616,EMP00395,Darlene Padilla,Engineering,GitHub,Write,Carol Davis,True,2025-10-05 16:29:28.695686
AR003617,EMP00095,Steven Gardner,Engineering,ServiceNow,Write,Bob Smith,False,2025-09-13 16:29:28.695686
AR003618,EMP00373,David Oneill,Security,AWS,Read,David Brown,False,2026-02-06 16:29:28.695686
AR003619,EMP00328,Stacey Barajas,Engineering,AWS,Write,Bob Smith,False,2025-12-02 16:29:28.695686
AR003620,EMP00477,William Pearson,Legal,ServiceNow,Read,Bob Smith,False,2025-11-18 16:29:28.695686
AR003621,EMP00405,Michael King,Engineering,Azure,Read,Bob Smith,True,2026-02-25 16:29:28.695686
AR003622,EMP00459,Katrina Murphy,Legal,Azure,Admin,Carol Davis,False,2026-03-08 16:29:28.695686
AR003623,EMP00499,Ryan Cummings,Human Resources,Active Directory,Read,Carol Davis,True,2026-03-30 16:29:28.695686
AR003624,EMP00034,Mark Mason,Security,GitHub,Write,David Brown,False,2025-10-12 16:29:28.695686
AR003625,EMP00303,Judith Wright,Security,AWS,Admin,David Brown,False,2025-09-02 16:29:28.697809
AR003626,EMP00338,Alexander Dudley,Security,Azure,Write,Alice Johnson,False,2026-01-30 16:29:28.697809
AR003627,EMP00025,David Everett,Human Resources,Salesforce,Read,David Brown,False,2025-10-06 16:29:28.697809
AR003628,EMP00500,Daniel Hall,Human Resources,Azure,Write,Carol Davis,False,2025-09-10 16:29:28.697809
AR003629,EMP00349,Brian Rowland,Legal,Active Directory,Read,Bob Smith,True,2026-07-10 16:29:28.697809
AR003630,EMP00064,Dr. Roberto Garner,Engineering,Salesforce,Admin,Alice Johnson,True,2026-05-26 16:29:28.697809
AR003631,EMP00306,Kristi Atkins,Security,Active Directory,Read,Bob Smith,False,2026-02-24 16:29:28.697809
AR003632,EMP00163,Misty Rice,IT,AWS,Admin,Carol Davis,True,2025-10-15 16:29:28.697809
AR003633,EMP00139,Pamela Howard,Finance,Active Directory,Read,Bob Smith,False,2025-12-16 16:29:28.697809
AR003634,EMP00463,Justin Webster,Human Resources,Active Directory,Admin,Alice Johnson,True,2026-03-23 16:29:28.697809
AR003635,EMP00097,Mary Wyatt,Engineering,Active Directory,Read,Alice Johnson,False,2026-05-20 16:29:28.697809
AR003636,EMP00117,Steven Burton,Operations,ServiceNow,Admin,Bob Smith,False,2026-07-25 16:29:28.697809
AR003637,EMP00452,Maurice Martinez,Engineering,GitHub,Write,Alice Johnson,False,2026-01-22 16:29:28.697809
AR003638,EMP00063,Tricia Moody,Operations,Azure,Admin,David Brown,False,2026-07-08 16:29:28.697809
AR003639,EMP00372,Jessica Hill,Engineering,Azure,Write,Carol Davis,False,2026-02-05 16:29:28.697809
AR003640,EMP00240,Randy Gordon,Legal,AWS,Read,Alice Johnson,False,2026-04-21 16:29:28.697809
AR003641,EMP00074,Melissa Monroe,Human Resources,Salesforce,Read,David Brown,True,2025-09-08 16:29:28.697809
AR003642,EMP00356,Veronica Diaz,Human Resources,ServiceNow,Read,Alice Johnson,False,2025-11-17 16:29:28.697809
AR003643,EMP00154,Robert Howell,Legal,GitHub,Write,David Brown,False,2026-04-11 16:29:28.697809
AR003644,EMP00053,Daniel Durham,Finance,Salesforce,Read,Carol Davis,True,2026-03-08 16:29:28.697809
AR003645,EMP00451,James Watson,Legal,Active Directory,Admin,David Brown,True,2026-03-19 16:29:28.697809
AR003646,EMP00411,Renee Davis,Operations,AWS,Read,Alice Johnson,True,2026-04-08 16:29:28.697809
AR003647,EMP00476,Rebecca Taylor,IT,Azure,Read,Alice Johnson,True,2026-07-06 16:29:28.697809
AR003648,EMP00091,Daniel Ramos,Operations,Azure,Write,Alice Johnson,False,2026-01-15 16:29:28.697809
AR003649,EMP00439,Mia Davis,IT,AWS,Read,Alice Johnson,True,2026-03-15 16:29:28.697809
AR003650,EMP00344,Kent Carter,Finance,ServiceNow,Admin,Carol Davis,False,2025-10-27 16:29:28.697809
AR003651,EMP00453,Steven Lee,Human Resources,Active Directory,Read,Bob Smith,True,2026-03-12 16:29:28.697809
AR003652,EMP00302,Breanna Hester,Finance,Azure,Write,Alice Johnson,True,2025-10-20 16:29:28.697809
AR003653,EMP00186,Kelly Calhoun,IT,ServiceNow,Read,Bob Smith,False,2025-11-02 16:29:28.697809
AR003654,EMP00480,Joshua Davis,Engineering,Salesforce,Write,David Brown,False,2026-07-16 16:29:28.697809
AR003655,EMP00180,Andrea Castillo,Engineering,AWS,Write,Bob Smith,False,2025-08-15 16:29:28.697809
AR003656,EMP00296,Richard Richardson,Finance,ServiceNow,Read,Bob Smith,True,2025-10-02 16:29:28.697809
AR003657,EMP00495,Sarah Woods,Finance,GitHub,Read,Carol Davis,True,2025-11-03 16:29:28.697809
AR003658,EMP00490,Brandon Bradford,Human Resources,Salesforce,Admin,David Brown,True,2026-04-11 16:29:28.697809
AR003659,EMP00497,Melissa Andrade,Operations,ServiceNow,Write,David Brown,True,2026-01-11 16:29:28.697809
AR003660,EMP00286,Andrea Rice,Security,AWS,Write,Bob Smith,False,2026-05-29 16:29:28.697809
AR003661,EMP00152,Amber Maddox,Operations,Active Directory,Admin,David Brown,False,2026-03-30 16:29:28.697809
AR003662,EMP00372,Jessica Hill,Engineering,AWS,Read,Alice Johnson,False,2026-05-09 16:29:28.697809
AR003663,EMP00377,Vanessa Winters,Operations,Salesforce,Read,David Brown,False,2025-08-06 16:29:28.697809
AR003664,EMP00345,William Lewis,Engineering,ServiceNow,Read,Carol Davis,False,2025-09-03 16:29:28.697809
AR003665,EMP00473,Zachary Martinez,Human Resources,AWS,Read,Alice Johnson,False,2026-05-21 16:29:28.697809
AR003666,EMP00044,Rebecca Glenn,Finance,AWS,Admin,Bob Smith,True,2025-12-04 16:29:28.697809
AR003667,EMP00491,Melissa Knight,Engineering,ServiceNow,Write,Bob Smith,True,2026-02-20 16:29:28.697809
AR003668,EMP00281,Randy Cortez DVM,Finance,ServiceNow,Admin,Alice Johnson,False,2026-07-01 16:29:28.697809
AR003669,EMP00058,Brian Velasquez,Operations,AWS,Admin,Bob Smith,False,2026-02-25 16:29:28.697809
AR003670,EMP00473,Zachary Martinez,Human Resources,Salesforce,Admin,Bob Smith,False,2026-05-14 16:29:28.697809
AR003671,EMP00096,Lauren Jensen,Human Resources,GitHub,Admin,David Brown,True,2025-11-17 16:29:28.697809
AR003672,EMP00393,Omar Williams,Finance,Active Directory,Read,David Brown,False,2026-07-20 16:29:28.697809
AR003673,EMP00191,Kristy Cruz,Security,Active Directory,Admin,David Brown,False,2026-02-24 16:29:28.697809
AR003674,EMP00407,Rebecca Flores,Legal,GitHub,Read,David Brown,False,2026-06-08 16:29:28.697809
AR003675,EMP00216,Elizabeth Sellers,Legal,GitHub,Admin,Carol Davis,True,2026-03-22 16:29:28.697809
AR003676,EMP00074,Melissa Monroe,Human Resources,GitHub,Admin,Bob Smith,False,2025-10-04 16:29:28.697809
AR003677,EMP00431,Mark King,Human Resources,Active Directory,Read,Bob Smith,True,2026-02-09 16:29:28.697809
AR003678,EMP00250,Marcus Schroeder,Engineering,AWS,Read,Carol Davis,True,2025-08-24 16:29:28.697809
AR003679,EMP00417,Ashley Taylor,IT,Active Directory,Read,David Brown,True,2026-07-09 16:29:28.697809
AR003680,EMP00360,Haley Peterson,Security,ServiceNow,Read,Carol Davis,False,2025-11-03 16:29:28.697809
AR003681,EMP00377,Vanessa Winters,Operations,Salesforce,Read,Bob Smith,True,2026-03-16 16:29:28.697809
AR003682,EMP00294,Shannon Roy,Security,GitHub,Write,Alice Johnson,True,2026-02-28 16:29:28.697809
AR003683,EMP00414,Michael Bishop,Operations,Active Directory,Read,Bob Smith,False,2025-11-09 16:29:28.697809
AR003684,EMP00289,Sean Hernandez,Finance,Active Directory,Admin,Alice Johnson,True,2025-08-02 16:29:28.697809
AR003685,EMP00500,Daniel Hall,Human Resources,GitHub,Write,Carol Davis,False,2025-09-30 16:29:28.697809
AR003686,EMP00289,Sean Hernandez,Finance,Salesforce,Admin,Bob Smith,True,2026-04-12 16:29:28.697809
AR003687,EMP00411,Renee Davis,Operations,Azure,Admin,David Brown,True,2025-08-24 16:29:28.697809
AR003688,EMP00221,Marcus Fisher,Finance,Azure,Write,David Brown,True,2025-08-01 16:29:28.697809
AR003689,EMP00225,Sarah Anthony,Operations,Active Directory,Write,David Brown,False,2026-05-25 16:29:28.697809
AR003690,EMP00425,Kara Parker,Human Resources,Salesforce,Read,Bob Smith,False,2025-11-07 16:29:28.697809
AR003691,EMP00126,Isabel Perez,Engineering,Active Directory,Read,David Brown,False,2025-11-14 16:29:28.697809
AR003692,EMP00325,Joshua Cook,IT,Azure,Read,Alice Johnson,False,2025-09-29 16:29:28.697809
AR003693,EMP00399,Jennifer Richardson,Legal,AWS,Read,David Brown,False,2026-05-18 16:29:28.697809
AR003694,EMP00333,Tara Armstrong,Engineering,Azure,Admin,David Brown,True,2025-07-29 16:29:28.697809
AR003695,EMP00088,Tracey Rodriguez,Human Resources,ServiceNow,Write,Alice Johnson,True,2025-08-23 16:29:28.697809
AR003696,EMP00276,Christopher Cuevas,Engineering,Active Directory,Write,David Brown,False,2026-05-01 16:29:28.697809
AR003697,EMP00147,Jeffery Moore,Operations,Active Directory,Read,Alice Johnson,False,2026-07-25 16:29:28.697809
AR003698,EMP00390,Sherri Vance,Legal,Salesforce,Admin,Bob Smith,False,2026-05-18 16:29:28.697809
AR003699,EMP00051,Richard Velez,Legal,ServiceNow,Admin,Alice Johnson,False,2025-10-19 16:29:28.697809
AR003700,EMP00166,Robert Patterson,Engineering,Salesforce,Write,Bob Smith,True,2026-06-14 16:29:28.697809
AR003701,EMP00042,Tabitha Cook,Legal,ServiceNow,Admin,Bob Smith,True,2025-11-09 16:29:28.697809
AR003702,EMP00123,Jocelyn Anderson,Finance,Active Directory,Read,Bob Smith,True,2026-02-15 16:29:28.697809
AR003703,EMP00359,Michael Barajas,Operations,Active Directory,Write,Bob Smith,True,2025-11-16 16:29:28.697809
AR003704,EMP00465,Carmen Davis,Human Resources,Salesforce,Read,David Brown,True,2026-02-14 16:29:28.697809
AR003705,EMP00479,Jennifer Salazar,Security,Active Directory,Read,Carol Davis,True,2026-03-20 16:29:28.697809
AR003706,EMP00377,Vanessa Winters,Operations,Salesforce,Read,David Brown,True,2026-04-17 16:29:28.697809
AR003707,EMP00251,Amy Merritt,Finance,ServiceNow,Write,Bob Smith,False,2026-04-01 16:29:28.697809
AR003708,EMP00169,Joseph Young,Security,GitHub,Read,Bob Smith,False,2026-06-27 16:29:28.697809
AR003709,EMP00092,Micheal Barajas,Security,GitHub,Admin,Carol Davis,True,2025-09-03 16:29:28.697809
AR003710,EMP00181,Michelle Gill,Legal,ServiceNow,Admin,Bob Smith,False,2026-01-03 16:29:28.697809
AR003711,EMP00133,Cynthia Woodward,Operations,Salesforce,Read,Carol Davis,True,2026-03-09 16:29:28.697809
AR003712,EMP00222,Leah Dennis,Human Resources,Azure,Admin,Carol Davis,False,2026-03-20 16:29:28.697809
AR003713,EMP00062,Mariah Duncan,Finance,Active Directory,Write,David Brown,True,2026-01-23 16:29:28.697809
AR003714,EMP00226,Lynn Mercado,Operations,AWS,Read,Carol Davis,True,2025-09-13 16:29:28.697809
AR003715,EMP00492,Jonathan Reese,Operations,Salesforce,Admin,Carol Davis,True,2026-07-19 16:29:28.697809
AR003716,EMP00364,Eric Wilcox,IT,Salesforce,Write,David Brown,True,2025-10-18 16:29:28.697809
AR003717,EMP00091,Daniel Ramos,Operations,GitHub,Read,Carol Davis,True,2026-03-23 16:29:28.697809
AR003718,EMP00016,Stacey Jenkins,Engineering,ServiceNow,Admin,Carol Davis,True,2025-11-12 16:29:28.697809
AR003719,EMP00406,Kyle Rojas,Human Resources,ServiceNow,Read,Alice Johnson,False,2026-03-05 16:29:28.697809
AR003720,EMP00282,David Hawkins,IT,AWS,Write,Bob Smith,False,2026-06-18 16:29:28.697809
AR003721,EMP00363,Leslie Johnson,Operations,Azure,Read,Bob Smith,True,2025-12-13 16:29:28.697809
AR003722,EMP00462,Michael Graham,Engineering,GitHub,Write,Carol Davis,True,2025-08-07 16:29:28.697809
AR003723,EMP00120,Scott Lopez,Engineering,AWS,Read,David Brown,True,2025-08-24 16:29:28.697809
AR003724,EMP00246,Jennifer Bates,Legal,GitHub,Read,Carol Davis,False,2025-09-28 16:29:28.697809
AR003725,EMP00072,Austin Miller,Security,Salesforce,Write,Carol Davis,True,2026-05-02 16:29:28.697809
AR003726,EMP00136,Luke Marshall,Finance,Salesforce,Write,David Brown,True,2026-02-15 16:29:28.697809
AR003727,EMP00368,Melissa Michael,Finance,Azure,Write,David Brown,False,2026-06-17 16:29:28.697809
AR003728,EMP00209,Sherry Hale,IT,Salesforce,Write,David Brown,True,2026-05-01 16:29:28.697809
AR003729,EMP00123,Jocelyn Anderson,Finance,ServiceNow,Read,Carol Davis,True,2025-09-08 16:29:28.697809
AR003730,EMP00437,Elizabeth Sanchez,Legal,Azure,Read,Carol Davis,False,2026-03-23 16:29:28.697809
AR003731,EMP00328,Stacey Barajas,Engineering,ServiceNow,Admin,Alice Johnson,True,2026-04-27 16:29:28.697809
AR003732,EMP00279,Christian Gomez,Finance,Active Directory,Admin,David Brown,True,2025-09-28 16:29:28.697809
AR003733,EMP00173,David Stephenson,Engineering,Azure,Read,Alice Johnson,True,2026-06-18 16:29:28.697809
AR003734,EMP00332,David Francis,Security,Azure,Write,Alice Johnson,True,2026-04-07 16:29:28.697809
AR003735,EMP00055,Benjamin White,IT,GitHub,Write,Alice Johnson,False,2026-01-02 16:29:28.697809
AR003736,EMP00320,David Ayala,Security,AWS,Admin,David Brown,False,2026-05-19 16:29:28.697809
AR003737,EMP00178,Kelsey Long,Finance,Salesforce,Admin,David Brown,False,2025-09-18 16:29:28.697809
AR003738,EMP00419,Brandon Barker,Engineering,GitHub,Read,David Brown,True,2025-10-15 16:29:28.697809
AR003739,EMP00361,Michael Thomas,Security,Salesforce,Admin,Bob Smith,False,2026-06-24 16:29:28.697809
AR003740,EMP00208,Kimberly Walker,Operations,AWS,Write,Carol Davis,False,2026-01-25 16:29:28.697809
AR003741,EMP00421,Michael Johnson,Security,Azure,Read,Carol Davis,True,2026-01-15 16:29:28.697809
AR003742,EMP00389,Elizabeth Patel,Security,Active Directory,Admin,Carol Davis,False,2025-10-25 16:29:28.697809
AR003743,EMP00480,Joshua Davis,Engineering,Azure,Read,David Brown,False,2025-11-20 16:29:28.697809
AR003744,EMP00368,Melissa Michael,Finance,ServiceNow,Write,Alice Johnson,True,2026-05-24 16:29:28.697809
AR003745,EMP00022,Jim Cox,Human Resources,Active Directory,Read,David Brown,False,2025-10-30 16:29:28.697809
AR003746,EMP00315,Colleen Cochran,Operations,AWS,Read,Alice Johnson,False,2025-08-07 16:29:28.697809
AR003747,EMP00290,Emily Nelson,Human Resources,ServiceNow,Write,Carol Davis,False,2025-08-16 16:29:28.697809
AR003748,EMP00179,Miguel Weber,Engineering,Salesforce,Read,Bob Smith,False,2026-07-21 16:29:28.697809
AR003749,EMP00265,William Lee,Human Resources,Active Directory,Admin,Bob Smith,True,2025-10-25 16:29:28.697809
AR003750,EMP00457,Erik Reyes,Operations,ServiceNow,Write,Alice Johnson,False,2026-04-07 16:29:28.697809
AR003751,EMP00420,Jeremy Lopez,Legal,AWS,Read,Alice Johnson,False,2025-10-08 16:29:28.697809
AR003752,EMP00197,Brandon West,Finance,Active Directory,Admin,David Brown,True,2025-11-22 16:29:28.697809
AR003753,EMP00331,Amanda Bailey MD,Human Resources,GitHub,Read,Carol Davis,True,2026-07-25 16:29:28.697809
AR003754,EMP00456,Alexander Miller,Human Resources,AWS,Write,Carol Davis,True,2025-10-03 16:29:28.697809
AR003755,EMP00386,Shawn Leblanc,Human Resources,Active Directory,Write,Carol Davis,False,2026-01-31 16:29:28.697809
AR003756,EMP00170,Scott Smith,Operations,Salesforce,Write,Carol Davis,True,2026-01-07 16:29:28.697809
AR003757,EMP00355,Terry Alexander,IT,GitHub,Write,David Brown,False,2025-11-08 16:29:28.697809
AR003758,EMP00333,Tara Armstrong,Engineering,ServiceNow,Admin,Bob Smith,True,2026-03-07 16:29:28.697809
AR003759,EMP00243,Patricia Simpson,Engineering,Salesforce,Write,David Brown,False,2026-01-09 16:29:28.697809
AR003760,EMP00028,Jeremy Beasley,Engineering,GitHub,Admin,Bob Smith,True,2025-12-06 16:29:28.697809
AR003761,EMP00038,Raymond Berry,Legal,Salesforce,Read,Bob Smith,True,2026-02-28 16:29:28.697809
AR003762,EMP00077,Melissa Hill,Human Resources,GitHub,Read,Alice Johnson,False,2026-01-15 16:29:28.697809
AR003763,EMP00099,Destiny Spencer,Human Resources,Active Directory,Admin,Bob Smith,False,2025-12-06 16:29:28.697809
AR003764,EMP00015,John Tate,Operations,GitHub,Admin,Alice Johnson,True,2025-10-02 16:29:28.697809
AR003765,EMP00291,Mario Bailey,Engineering,Azure,Read,Carol Davis,False,2025-12-08 16:29:28.697809
AR003766,EMP00477,William Pearson,Legal,ServiceNow,Write,Alice Johnson,True,2026-02-22 16:29:28.697809
AR003767,EMP00163,Misty Rice,IT,Active Directory,Write,Bob Smith,False,2025-08-03 16:29:28.697809
AR003768,EMP00232,David Henson,Engineering,Salesforce,Admin,Carol Davis,True,2025-12-25 16:29:28.697809
AR003769,EMP00471,Daniel Harris,Engineering,Salesforce,Read,Alice Johnson,False,2026-02-11 16:29:28.697809
AR003770,EMP00437,Elizabeth Sanchez,Legal,AWS,Admin,Alice Johnson,True,2026-02-16 16:29:28.697809
AR003771,EMP00192,Jennifer Hogan,Human Resources,GitHub,Write,Bob Smith,False,2026-02-09 16:29:28.697809
AR003772,EMP00462,Michael Graham,Engineering,Azure,Write,Carol Davis,False,2025-09-02 16:29:28.697809
AR003773,EMP00311,Mark Deleon,Security,Active Directory,Admin,Alice Johnson,False,2026-05-22 16:29:28.697809
AR003774,EMP00170,Scott Smith,Operations,ServiceNow,Admin,David Brown,True,2025-12-10 16:29:28.697809
AR003775,EMP00304,Martin Whitaker,IT,ServiceNow,Admin,David Brown,False,2025-12-21 16:29:28.697809
AR003776,EMP00436,Jill Patterson,IT,GitHub,Read,Alice Johnson,True,2026-03-19 16:29:28.697809
AR003777,EMP00240,Randy Gordon,Legal,ServiceNow,Write,Alice Johnson,True,2026-03-05 16:29:28.697809
AR003778,EMP00331,Amanda Bailey MD,Human Resources,Salesforce,Admin,Alice Johnson,True,2026-05-24 16:29:28.697809
AR003779,EMP00142,Brian Gilmore,Legal,GitHub,Admin,Carol Davis,True,2026-03-17 16:29:28.697809
AR003780,EMP00298,Patricia Potter,Human Resources,GitHub,Admin,Bob Smith,False,2026-05-24 16:29:28.697809
AR003781,EMP00093,Cody Taylor,Legal,Azure,Admin,Alice Johnson,True,2025-10-28 16:29:28.697809
AR003782,EMP00343,Dominique Franklin,Security,Active Directory,Read,David Brown,True,2025-11-01 16:29:28.697809
AR003783,EMP00125,Felicia Rocha,Human Resources,GitHub,Read,David Brown,True,2025-12-25 16:29:28.697809
AR003784,EMP00348,Laura Neal,Operations,Active Directory,Admin,David Brown,True,2026-06-02 16:29:28.697809
AR003785,EMP00481,Gene Bryant,Human Resources,GitHub,Write,Alice Johnson,True,2026-05-24 16:29:28.697809
AR003786,EMP00388,Kari Pace,Legal,AWS,Read,David Brown,False,2026-03-22 16:29:28.697809
AR003787,EMP00493,Edward Ferrell,Finance,Active Directory,Write,Alice Johnson,False,2025-12-24 16:29:28.697809
AR003788,EMP00109,Tracey Morris,IT,AWS,Admin,Bob Smith,True,2025-08-25 16:29:28.697809
AR003789,EMP00383,Christopher Bonilla,Legal,ServiceNow,Write,Bob Smith,True,2025-09-20 16:29:28.697809
AR003790,EMP00410,Jesse Watkins,IT,ServiceNow,Read,Carol Davis,True,2025-12-05 16:29:28.697809
AR003791,EMP00152,Amber Maddox,Operations,AWS,Write,Bob Smith,False,2026-02-17 16:29:28.697809
AR003792,EMP00022,Jim Cox,Human Resources,GitHub,Read,Bob Smith,False,2025-09-04 16:29:28.697809
AR003793,EMP00062,Mariah Duncan,Finance,ServiceNow,Write,Alice Johnson,False,2025-12-14 16:29:28.697809
AR003794,EMP00184,Courtney Lewis,Finance,GitHub,Admin,Alice Johnson,False,2025-09-30 16:29:28.697809
AR003795,EMP00065,Jeffrey Orozco,Legal,ServiceNow,Write,Alice Johnson,False,2026-01-26 16:29:28.697809
AR003796,EMP00130,Michele Thomas,IT,ServiceNow,Write,Carol Davis,False,2026-03-26 16:29:28.697809
AR003797,EMP00488,Christopher Perez,Security,Active Directory,Read,Bob Smith,False,2026-06-06 16:29:28.697809
AR003798,EMP00487,Jason Richardson,IT,AWS,Write,Carol Davis,True,2025-10-10 16:29:28.697809
AR003799,EMP00441,Anthony Zimmerman,Security,ServiceNow,Read,Alice Johnson,True,2026-01-25 16:29:28.697809
AR003800,EMP00482,Jennifer Patel DVM,Engineering,Active Directory,Write,Alice Johnson,True,2026-07-03 16:29:28.697809
AR003801,EMP00312,Rachael Fisher,Engineering,ServiceNow,Read,David Brown,True,2026-01-03 16:29:28.697809
AR003802,EMP00072,Austin Miller,Security,ServiceNow,Admin,Carol Davis,False,2026-03-27 16:29:28.697809
AR003803,EMP00325,Joshua Cook,IT,Azure,Read,David Brown,False,2025-08-24 16:29:28.697809
AR003804,EMP00275,Michael Gutierrez,IT,ServiceNow,Write,Bob Smith,False,2026-05-12 16:29:28.697809
AR003805,EMP00364,Eric Wilcox,IT,Azure,Admin,Alice Johnson,False,2026-04-16 16:29:28.697809
AR003806,EMP00287,Donna Ramirez,Operations,Active Directory,Read,Alice Johnson,False,2025-12-19 16:29:28.697809
AR003807,EMP00204,Charles Wilcox,Human Resources,Azure,Admin,David Brown,False,2025-10-07 16:29:28.697809
AR003808,EMP00043,Danielle Silva,Operations,Azure,Write,Bob Smith,False,2026-05-08 16:29:28.697809
AR003809,EMP00388,Kari Pace,Legal,GitHub,Admin,Carol Davis,True,2025-11-09 16:29:28.697809
AR003810,EMP00394,Matthew Dyer,Legal,AWS,Read,Carol Davis,True,2026-03-08 16:29:28.697809
AR003811,EMP00497,Melissa Andrade,Operations,Active Directory,Write,Alice Johnson,False,2026-03-19 16:29:28.697809
AR003812,EMP00423,Roberto Thomas,Security,GitHub,Write,David Brown,True,2025-11-13 16:29:28.697809
AR003813,EMP00452,Maurice Martinez,Engineering,Active Directory,Read,Bob Smith,True,2026-06-28 16:29:28.697809
AR003814,EMP00433,Tyler Garcia,Operations,ServiceNow,Admin,Bob Smith,False,2025-10-13 16:29:28.697809
AR003815,EMP00472,Thomas Calderon,Human Resources,ServiceNow,Admin,David Brown,True,2026-04-16 16:29:28.697809
AR003816,EMP00034,Mark Mason,Security,GitHub,Read,Carol Davis,False,2026-05-19 16:29:28.697809
AR003817,EMP00158,Cassie Hoffman,Security,AWS,Read,Carol Davis,False,2025-11-23 16:29:28.697809
AR003818,EMP00163,Misty Rice,IT,Azure,Write,Carol Davis,True,2025-08-28 16:29:28.697809
AR003819,EMP00403,Alexandra Hansen,Security,ServiceNow,Read,Alice Johnson,True,2026-02-05 16:29:28.697809
AR003820,EMP00260,Thomas Allen,Human Resources,Active Directory,Admin,Alice Johnson,False,2026-04-09 16:29:28.697809
AR003821,EMP00363,Leslie Johnson,Operations,GitHub,Admin,Bob Smith,True,2025-10-21 16:29:28.697809
AR003822,EMP00380,Dennis Garrett,IT,Azure,Admin,Alice Johnson,False,2025-09-02 16:29:28.697809
AR003823,EMP00110,Steven Nichols,Security,Azure,Read,Carol Davis,True,2026-05-02 16:29:28.697809
AR003824,EMP00283,Chad Soto,Finance,AWS,Admin,David Brown,False,2025-09-30 16:29:28.697809
AR003825,EMP00389,Elizabeth Patel,Security,AWS,Read,Bob Smith,False,2026-01-19 16:29:28.697809
AR003826,EMP00218,Rebecca Burns,Human Resources,GitHub,Admin,David Brown,True,2025-12-04 16:29:28.697809
AR003827,EMP00355,Terry Alexander,IT,Active Directory,Read,Bob Smith,False,2025-08-07 16:29:28.697809
AR003828,EMP00173,David Stephenson,Engineering,ServiceNow,Read,Carol Davis,False,2026-07-14 16:29:28.697809
AR003829,EMP00252,Nicholas Taylor,Security,Active Directory,Read,David Brown,True,2026-03-22 16:29:28.697809
AR003830,EMP00335,Paul Hansen,Finance,Salesforce,Write,David Brown,False,2025-09-08 16:29:28.697809
AR003831,EMP00401,Tammy Chavez,Security,Azure,Write,Alice Johnson,True,2026-07-14 16:29:28.697809
AR003832,EMP00176,Anthony Burns,Security,ServiceNow,Write,Bob Smith,False,2025-09-17 16:29:28.697809
AR003833,EMP00226,Lynn Mercado,Operations,AWS,Read,Carol Davis,True,2025-11-18 16:29:28.697809
AR003834,EMP00212,Sean Franco,IT,Active Directory,Read,Bob Smith,True,2025-12-13 16:29:28.697809
AR003835,EMP00270,Dr. Michael Stevens,IT,GitHub,Read,Alice Johnson,False,2025-10-03 16:29:28.697809
AR003836,EMP00243,Patricia Simpson,Engineering,Salesforce,Read,Carol Davis,True,2026-06-17 16:29:28.697809
AR003837,EMP00495,Sarah Woods,Finance,Active Directory,Read,Bob Smith,True,2026-05-23 16:29:28.697809
AR003838,EMP00496,Jason Lam,Finance,Azure,Read,Bob Smith,False,2026-01-18 16:29:28.697809
AR003839,EMP00005,Jennifer Sanders,Legal,Active Directory,Admin,David Brown,False,2026-06-07 16:29:28.697809
AR003840,EMP00166,Robert Patterson,Engineering,ServiceNow,Write,Carol Davis,False,2026-03-18 16:29:28.697809
AR003841,EMP00238,Vincent Morris,IT,ServiceNow,Read,David Brown,False,2026-05-24 16:29:28.697809
AR003842,EMP00181,Michelle Gill,Legal,Active Directory,Admin,David Brown,False,2025-09-22 16:29:28.697809
AR003843,EMP00465,Carmen Davis,Human Resources,Salesforce,Read,Alice Johnson,True,2025-09-10 16:29:28.697809
AR003844,EMP00309,Marcus Schwartz,Human Resources,Salesforce,Read,Carol Davis,True,2025-11-09 16:29:28.697809
AR003845,EMP00138,Felicia Carroll,Legal,Active Directory,Read,David Brown,False,2026-03-24 16:29:28.697809
AR003846,EMP00004,Lisa Pierce,IT,Azure,Write,Bob Smith,True,2026-04-04 16:29:28.697809
AR003847,EMP00240,Randy Gordon,Legal,AWS,Admin,David Brown,False,2026-03-30 16:29:28.697809
AR003848,EMP00182,Megan Harris,Finance,Salesforce,Admin,Bob Smith,True,2026-03-15 16:29:28.697809
AR003849,EMP00297,Jonathan Hampton,Finance,GitHub,Admin,David Brown,True,2025-09-16 16:29:28.697809
AR003850,EMP00056,Jose Johnson,IT,Active Directory,Read,Bob Smith,False,2025-11-17 16:29:28.697809
AR003851,EMP00099,Destiny Spencer,Human Resources,Active Directory,Admin,Carol Davis,True,2026-02-16 16:29:28.697809
AR003852,EMP00394,Matthew Dyer,Legal,Active Directory,Read,Carol Davis,False,2025-08-08 16:29:28.697809
AR003853,EMP00060,Lydia Huffman,Finance,ServiceNow,Write,Carol Davis,False,2026-03-19 16:29:28.697809
AR003854,EMP00418,Adam Brown,IT,Active Directory,Write,Carol Davis,True,2025-09-28 16:29:28.697809
AR003855,EMP00123,Jocelyn Anderson,Finance,Azure,Admin,David Brown,True,2025-09-19 16:29:28.697809
AR003856,EMP00390,Sherri Vance,Legal,Azure,Read,David Brown,True,2026-06-02 16:29:28.697809
AR003857,EMP00125,Felicia Rocha,Human Resources,Salesforce,Read,Carol Davis,True,2026-06-13 16:29:28.697809
AR003858,EMP00417,Ashley Taylor,IT,AWS,Admin,Alice Johnson,False,2026-03-21 16:29:28.697809
AR003859,EMP00332,David Francis,Security,Active Directory,Write,Bob Smith,False,2026-04-11 16:29:28.697809
AR003860,EMP00337,Jared Reyes,Human Resources,Salesforce,Read,Carol Davis,True,2026-06-18 16:29:28.697809
AR003861,EMP00492,Jonathan Reese,Operations,Active Directory,Read,Bob Smith,False,2026-07-06 16:29:28.697809
AR003862,EMP00427,Thomas Tucker,Engineering,Active Directory,Write,Bob Smith,False,2026-06-02 16:29:28.697809
AR003863,EMP00047,Connie Ward,Human Resources,Azure,Write,Bob Smith,True,2025-10-12 16:29:28.697809
AR003864,EMP00317,Caleb Myers,IT,AWS,Read,David Brown,True,2026-01-27 16:29:28.697809
AR003865,EMP00328,Stacey Barajas,Engineering,ServiceNow,Admin,Bob Smith,False,2025-12-23 16:29:28.697809
AR003866,EMP00380,Dennis Garrett,IT,GitHub,Write,David Brown,True,2026-06-10 16:29:28.697809
AR003867,EMP00238,Vincent Morris,IT,Azure,Read,Carol Davis,False,2025-10-28 16:29:28.697809
AR003868,EMP00079,Michael Oliver,Operations,GitHub,Read,David Brown,False,2025-10-01 16:29:28.697809
AR003869,EMP00489,Nicholas Gonzales,Security,Salesforce,Admin,Carol Davis,True,2026-03-07 16:29:28.697809
AR003870,EMP00205,Michael Hunt,Operations,Azure,Admin,Carol Davis,True,2026-05-21 16:29:28.697809
AR003871,EMP00452,Maurice Martinez,Engineering,GitHub,Read,David Brown,False,2026-02-13 16:29:28.697809
AR003872,EMP00440,Tiffany Brown,Legal,AWS,Admin,Carol Davis,False,2026-03-15 16:29:28.697809
AR003873,EMP00454,Sarah Phillips,Human Resources,ServiceNow,Admin,Alice Johnson,False,2026-07-02 16:29:28.697809
AR003874,EMP00380,Dennis Garrett,IT,Active Directory,Write,Carol Davis,True,2025-11-18 16:29:28.697809
AR003875,EMP00190,Regina Turner,Legal,ServiceNow,Write,Bob Smith,False,2026-05-27 16:29:28.697809
AR003876,EMP00178,Kelsey Long,Finance,ServiceNow,Write,Alice Johnson,True,2026-04-16 16:29:28.697809
AR003877,EMP00190,Regina Turner,Legal,Active Directory,Admin,Alice Johnson,False,2025-11-03 16:29:28.697809
AR003878,EMP00279,Christian Gomez,Finance,Azure,Read,David Brown,False,2026-06-18 16:29:28.697809
AR003879,EMP00288,Christopher Young,Legal,Active Directory,Admin,Bob Smith,True,2026-07-27 16:29:28.697809
AR003880,EMP00208,Kimberly Walker,Operations,Salesforce,Write,Bob Smith,False,2025-12-08 16:29:28.697809
AR003881,EMP00103,Laura James,Finance,Active Directory,Admin,Alice Johnson,True,2025-12-28 16:29:28.697809
AR003882,EMP00147,Jeffery Moore,Operations,AWS,Admin,Alice Johnson,True,2025-09-29 16:29:28.697809
AR003883,EMP00091,Daniel Ramos,Operations,GitHub,Write,Carol Davis,False,2026-05-17 16:29:28.697809
AR003884,EMP00392,Shannon Fernandez,Operations,ServiceNow,Read,Bob Smith,True,2026-05-26 16:29:28.697809
AR003885,EMP00223,Michelle Miller,Finance,ServiceNow,Read,Carol Davis,True,2026-05-27 16:29:28.697809
AR003886,EMP00005,Jennifer Sanders,Legal,AWS,Read,Carol Davis,False,2025-09-19 16:29:28.697809
AR003887,EMP00225,Sarah Anthony,Operations,AWS,Write,David Brown,True,2026-07-14 16:29:28.697809
AR003888,EMP00009,Hayden Young,IT,ServiceNow,Read,Bob Smith,False,2026-05-30 16:29:28.697809
AR003889,EMP00210,Meredith Atkinson DVM,Operations,Salesforce,Read,Carol Davis,True,2026-06-26 16:29:28.697809
AR003890,EMP00037,Harold Oliver,Operations,GitHub,Write,Bob Smith,True,2026-04-17 16:29:28.697809
AR003891,EMP00211,David Blake,Security,Azure,Write,Alice Johnson,True,2026-03-25 16:29:28.697809
AR003892,EMP00297,Jonathan Hampton,Finance,Azure,Read,David Brown,True,2026-01-22 16:29:28.697809
AR003893,EMP00325,Joshua Cook,IT,Salesforce,Read,David Brown,True,2026-03-16 16:29:28.697809
AR003894,EMP00020,Jonathan Davis,IT,Azure,Write,Bob Smith,True,2025-09-05 16:29:28.697809
AR003895,EMP00281,Randy Cortez DVM,Finance,Active Directory,Write,David Brown,True,2026-07-27 16:29:28.697809
AR003896,EMP00038,Raymond Berry,Legal,GitHub,Admin,Bob Smith,True,2026-07-16 16:29:28.697809
AR003897,EMP00243,Patricia Simpson,Engineering,AWS,Write,David Brown,False,2026-02-27 16:29:28.697809
AR003898,EMP00358,Martha Mcgee,IT,Azure,Admin,Bob Smith,False,2026-05-03 16:29:28.697809
AR003899,EMP00088,Tracey Rodriguez,Human Resources,AWS,Admin,Bob Smith,False,2026-03-28 16:29:28.697809
AR003900,EMP00075,James White,Legal,GitHub,Admin,David Brown,False,2026-02-14 16:29:28.697809
AR003901,EMP00021,Brandi Smith,Operations,GitHub,Read,David Brown,False,2026-03-02 16:29:28.697809
AR003902,EMP00166,Robert Patterson,Engineering,Azure,Write,Alice Johnson,True,2025-09-25 16:29:28.697809
AR003903,EMP00075,James White,Legal,Salesforce,Admin,David Brown,True,2026-02-11 16:29:28.697809
AR003904,EMP00444,Sarah Shelton,Operations,AWS,Read,Alice Johnson,True,2026-05-23 16:29:28.697809
AR003905,EMP00005,Jennifer Sanders,Legal,GitHub,Write,Carol Davis,True,2025-07-31 16:29:28.697809
AR003906,EMP00118,Nicole Orr,Finance,GitHub,Write,Bob Smith,True,2025-09-11 16:29:28.697809
AR003907,EMP00395,Darlene Padilla,Engineering,AWS,Read,Bob Smith,True,2026-04-08 16:29:28.697809
AR003908,EMP00331,Amanda Bailey MD,Human Resources,Azure,Write,Alice Johnson,True,2026-02-01 16:29:28.697809
AR003909,EMP00036,Rose Henderson,Human Resources,GitHub,Write,Bob Smith,True,2026-01-28 16:29:28.697809
AR003910,EMP00441,Anthony Zimmerman,Security,Active Directory,Write,Alice Johnson,False,2026-02-09 16:29:28.697809
AR003911,EMP00103,Laura James,Finance,Active Directory,Write,Alice Johnson,False,2026-07-11 16:29:28.697809
AR003912,EMP00203,Colleen Walker,Engineering,ServiceNow,Admin,Carol Davis,False,2026-03-24 16:29:28.697809
AR003913,EMP00293,Cristian Harris,Human Resources,AWS,Write,Alice Johnson,True,2026-07-19 16:29:28.697809
AR003914,EMP00054,Shelly Rios,IT,ServiceNow,Admin,Alice Johnson,False,2025-09-22 16:29:28.697809
AR003915,EMP00136,Luke Marshall,Finance,Salesforce,Read,Bob Smith,False,2025-09-28 16:29:28.697809
AR003916,EMP00363,Leslie Johnson,Operations,AWS,Read,Bob Smith,True,2025-12-10 16:29:28.697809
AR003917,EMP00357,Kimberly Scott,Operations,Active Directory,Write,Alice Johnson,True,2026-04-02 16:29:28.697809
AR003918,EMP00280,Benjamin Gray,Legal,Azure,Write,Carol Davis,True,2026-04-15 16:29:28.697809
AR003919,EMP00045,Jose Williams,Engineering,AWS,Read,Bob Smith,True,2025-10-02 16:29:28.697809
AR003920,EMP00162,Erica Garcia,Legal,Active Directory,Admin,Alice Johnson,True,2025-10-10 16:29:28.697809
AR003921,EMP00459,Katrina Murphy,Legal,Salesforce,Read,Carol Davis,False,2026-04-03 16:29:28.697809
AR003922,EMP00060,Lydia Huffman,Finance,Salesforce,Write,Carol Davis,True,2025-12-12 16:29:28.697809
AR003923,EMP00250,Marcus Schroeder,Engineering,GitHub,Admin,Alice Johnson,True,2026-03-05 16:29:28.697809
AR003924,EMP00146,Pam Reyes,Operations,GitHub,Write,Carol Davis,True,2025-12-07 16:29:28.697809
AR003925,EMP00379,Michael White,Engineering,AWS,Admin,Carol Davis,True,2026-04-27 16:29:28.697809
AR003926,EMP00164,Mary Meyer,IT,AWS,Read,Alice Johnson,True,2025-12-19 16:29:28.697809
AR003927,EMP00078,Deborah Cooper MD,Security,AWS,Admin,Bob Smith,False,2025-10-02 16:29:28.697809
AR003928,EMP00095,Steven Gardner,Engineering,Salesforce,Admin,David Brown,False,2026-05-20 16:29:28.697809
AR003929,EMP00297,Jonathan Hampton,Finance,ServiceNow,Read,Carol Davis,False,2026-03-23 16:29:28.697809
AR003930,EMP00245,Sarah Jefferson,Operations,Salesforce,Read,Bob Smith,False,2025-09-26 16:29:28.697809
AR003931,EMP00404,Nicole Garcia,Security,ServiceNow,Read,Carol Davis,False,2025-11-19 16:29:28.697809
AR003932,EMP00433,Tyler Garcia,Operations,Azure,Read,Carol Davis,True,2026-02-01 16:29:28.697809
AR003933,EMP00439,Mia Davis,IT,AWS,Read,Carol Davis,True,2026-02-25 16:29:28.697809
AR003934,EMP00208,Kimberly Walker,Operations,Active Directory,Admin,David Brown,True,2026-02-21 16:29:28.697809
AR003935,EMP00278,Matthew Perez,Human Resources,ServiceNow,Write,Alice Johnson,True,2025-10-20 16:29:28.697809
AR003936,EMP00440,Tiffany Brown,Legal,AWS,Write,Carol Davis,True,2026-01-23 16:29:28.697809
AR003937,EMP00378,Norman Jackson,Human Resources,AWS,Admin,Carol Davis,True,2026-07-19 16:29:28.697809
AR003938,EMP00109,Tracey Morris,IT,Active Directory,Admin,Carol Davis,False,2026-02-07 16:29:28.697809
AR003939,EMP00144,Joseph Bryant,Operations,Salesforce,Read,David Brown,False,2025-11-15 16:29:28.697809
AR003940,EMP00475,Heather Jones,Operations,AWS,Admin,Carol Davis,False,2026-06-11 16:29:28.697809
AR003941,EMP00042,Tabitha Cook,Legal,Azure,Read,Alice Johnson,False,2026-04-09 16:29:28.697809
AR003942,EMP00217,Monica Castillo,Legal,GitHub,Write,Carol Davis,True,2025-12-07 16:29:28.697809
AR003943,EMP00046,Jorge Fisher,Legal,ServiceNow,Write,David Brown,True,2026-06-26 16:29:28.697809
AR003944,EMP00084,Stephanie Wyatt,Security,Salesforce,Write,David Brown,True,2026-01-31 16:29:28.697809
AR003945,EMP00238,Vincent Morris,IT,Salesforce,Read,Carol Davis,True,2025-12-21 16:29:28.697809
AR003946,EMP00021,Brandi Smith,Operations,Active Directory,Admin,Alice Johnson,False,2025-12-09 16:29:28.697809
AR003947,EMP00218,Rebecca Burns,Human Resources,Azure,Write,Alice Johnson,False,2025-07-30 16:29:28.697809
AR003948,EMP00061,Joel Pitts,Engineering,AWS,Admin,Carol Davis,True,2026-07-03 16:29:28.697809
AR003949,EMP00191,Kristy Cruz,Security,AWS,Write,Carol Davis,False,2026-04-03 16:29:28.697809
AR003950,EMP00054,Shelly Rios,IT,GitHub,Write,Alice Johnson,False,2025-08-24 16:29:28.697809
AR003951,EMP00490,Brandon Bradford,Human Resources,GitHub,Write,Carol Davis,False,2026-02-04 16:29:28.697809
AR003952,EMP00361,Michael Thomas,Security,Azure,Admin,Carol Davis,True,2025-10-04 16:29:28.697809
AR003953,EMP00138,Felicia Carroll,Legal,GitHub,Write,Carol Davis,True,2025-09-22 16:29:28.697809
AR003954,EMP00395,Darlene Padilla,Engineering,Active Directory,Admin,Alice Johnson,True,2025-12-21 16:29:28.697809
AR003955,EMP00412,Charles Rogers,Operations,GitHub,Admin,Alice Johnson,False,2026-04-15 16:29:28.697809
AR003956,EMP00336,Kelsey Kramer,Security,Azure,Admin,Bob Smith,False,2025-08-21 16:29:28.697809
AR003957,EMP00352,Ashley Koch,Engineering,AWS,Write,David Brown,True,2026-02-23 16:29:28.697809
AR003958,EMP00308,Christopher Grant,Finance,Azure,Read,Bob Smith,True,2025-11-19 16:29:28.697809
AR003959,EMP00114,Megan Flowers,IT,AWS,Admin,David Brown,False,2026-01-05 16:29:28.697809
AR003960,EMP00388,Kari Pace,Legal,Active Directory,Write,Bob Smith,False,2026-02-25 16:29:28.697809
AR003961,EMP00325,Joshua Cook,IT,Azure,Admin,Alice Johnson,False,2025-11-09 16:29:28.697809
AR003962,EMP00329,Danielle Anderson MD,Engineering,Salesforce,Admin,David Brown,True,2025-12-02 16:29:28.697809
AR003963,EMP00303,Judith Wright,Security,Azure,Admin,David Brown,False,2025-08-07 16:29:28.697809
AR003964,EMP00019,Alan Yu,IT,ServiceNow,Read,Bob Smith,True,2026-04-29 16:29:28.697809
AR003965,EMP00450,Sheryl Stone,Engineering,AWS,Read,Carol Davis,True,2026-03-23 16:29:28.697809
AR003966,EMP00400,Cheryl Ballard,Human Resources,ServiceNow,Read,David Brown,False,2025-10-05 16:29:28.697809
AR003967,EMP00020,Jonathan Davis,IT,Salesforce,Admin,Carol Davis,True,2025-07-30 16:29:28.697809
AR003968,EMP00025,David Everett,Human Resources,ServiceNow,Write,Alice Johnson,True,2026-04-16 16:29:28.697809
AR003969,EMP00090,Leonard Brown,IT,ServiceNow,Read,David Brown,True,2026-03-03 16:29:28.697809
AR003970,EMP00486,Stacy Woodward,Security,Salesforce,Admin,Bob Smith,False,2025-12-01 16:29:28.697809
AR003971,EMP00318,Traci Edwards,Security,ServiceNow,Admin,Bob Smith,True,2026-04-14 16:29:28.697809
AR003972,EMP00287,Donna Ramirez,Operations,ServiceNow,Admin,Alice Johnson,False,2025-10-22 16:29:28.697809
AR003973,EMP00484,Joseph Gomez,Finance,GitHub,Write,Bob Smith,False,2026-03-18 16:29:28.697809
AR003974,EMP00025,David Everett,Human Resources,Salesforce,Admin,Bob Smith,True,2025-12-19 16:29:28.697809
AR003975,EMP00102,Jake Barker,Security,ServiceNow,Admin,Bob Smith,True,2025-07-31 16:29:28.697809
AR003976,EMP00250,Marcus Schroeder,Engineering,AWS,Read,Bob Smith,False,2026-04-07 16:29:28.697809
AR003977,EMP00498,Ricky Cook,Operations,Azure,Admin,David Brown,False,2026-01-08 16:29:28.697809
AR003978,EMP00220,Daniel Smith,Finance,GitHub,Admin,Alice Johnson,False,2025-09-24 16:29:28.697809
AR003979,EMP00406,Kyle Rojas,Human Resources,Salesforce,Admin,David Brown,True,2025-12-09 16:29:28.697809
AR003980,EMP00290,Emily Nelson,Human Resources,ServiceNow,Admin,Bob Smith,False,2026-07-06 16:29:28.697809
AR003981,EMP00330,Sharon Crawford,Legal,Azure,Read,Bob Smith,True,2026-03-08 16:29:28.697809
AR003982,EMP00256,Carlos Dixon,Human Resources,Salesforce,Read,Carol Davis,False,2025-11-21 16:29:28.697809
AR003983,EMP00321,Dr. Shari Waters MD,Legal,ServiceNow,Read,David Brown,False,2026-06-14 16:29:28.697809
AR003984,EMP00329,Danielle Anderson MD,Engineering,Azure,Admin,Alice Johnson,True,2026-01-13 16:29:28.697809
AR003985,EMP00325,Joshua Cook,IT,AWS,Read,David Brown,False,2026-04-10 16:29:28.697809
AR003986,EMP00143,David Johnson,Security,Active Directory,Read,David Brown,False,2025-08-12 16:29:28.697809
AR003987,EMP00456,Alexander Miller,Human Resources,Azure,Write,Alice Johnson,False,2026-04-30 16:29:28.697809
AR003988,EMP00080,Kristin Sutton DDS,Engineering,Active Directory,Write,Alice Johnson,True,2026-01-24 16:29:28.697809
AR003989,EMP00006,Austin Benson,Legal,AWS,Read,Bob Smith,True,2025-09-29 16:29:28.697809
AR003990,EMP00095,Steven Gardner,Engineering,ServiceNow,Write,Carol Davis,True,2026-07-12 16:29:28.697809
AR003991,EMP00038,Raymond Berry,Legal,GitHub,Read,Alice Johnson,False,2026-07-23 16:29:28.697809
AR003992,EMP00153,Jennifer Freeman,Security,GitHub,Admin,Alice Johnson,True,2026-03-07 16:29:28.697809
AR003993,EMP00207,Robert Ford,Legal,ServiceNow,Write,David Brown,True,2025-12-11 16:29:28.697809
AR003994,EMP00478,Charles Henderson,IT,Active Directory,Read,Carol Davis,False,2026-07-12 16:29:28.697809
AR003995,EMP00481,Gene Bryant,Human Resources,Azure,Write,David Brown,True,2026-04-21 16:29:28.697809
AR003996,EMP00044,Rebecca Glenn,Finance,Salesforce,Admin,Bob Smith,True,2026-01-30 16:29:28.697809
AR003997,EMP00358,Martha Mcgee,IT,Salesforce,Read,Alice Johnson,True,2026-04-01 16:29:28.697809
AR003998,EMP00151,Paige Harrington,Operations,Salesforce,Write,Alice Johnson,False,2025-08-22 16:29:28.697809
AR003999,EMP00399,Jennifer Richardson,Legal,ServiceNow,Write,Bob Smith,False,2026-06-19 16:29:28.697809
AR004000,EMP00212,Sean Franco,IT,GitHub,Read,Carol Davis,False,2025-10-31 16:29:28.697809
AR004001,EMP00063,Tricia Moody,Operations,Salesforce,Read,Carol Davis,True,2026-03-25 16:29:28.697809
AR004002,EMP00159,Andrew Roberts,Operations,GitHub,Read,Alice Johnson,True,2025-10-12 16:29:28.697809
AR004003,EMP00380,Dennis Garrett,IT,Salesforce,Read,Carol Davis,True,2025-08-02 16:29:28.697809
AR004004,EMP00003,Natasha Obrien,Engineering,Salesforce,Read,Alice Johnson,True,2026-02-24 16:29:28.697809
AR004005,EMP00252,Nicholas Taylor,Security,Active Directory,Admin,Bob Smith,True,2026-02-28 16:29:28.697809
AR004006,EMP00025,David Everett,Human Resources,ServiceNow,Read,Bob Smith,True,2025-12-13 16:29:28.697809
AR004007,EMP00074,Melissa Monroe,Human Resources,Active Directory,Write,Alice Johnson,False,2025-11-20 16:29:28.697809
AR004008,EMP00475,Heather Jones,Operations,GitHub,Admin,Carol Davis,False,2026-01-18 16:29:28.697809
AR004009,EMP00302,Breanna Hester,Finance,Active Directory,Read,Bob Smith,True,2025-08-10 16:29:28.697809
AR004010,EMP00242,George Yoder,Finance,GitHub,Write,Bob Smith,True,2026-05-11 16:29:28.697809
AR004011,EMP00306,Kristi Atkins,Security,Active Directory,Write,Bob Smith,False,2026-04-17 16:29:28.697809
AR004012,EMP00198,Crystal Flores,IT,ServiceNow,Admin,David Brown,True,2025-10-30 16:29:28.697809
AR004013,EMP00152,Amber Maddox,Operations,ServiceNow,Write,Bob Smith,True,2025-12-17 16:29:28.697809
AR004014,EMP00054,Shelly Rios,IT,ServiceNow,Write,David Brown,False,2026-07-26 16:29:28.697809
AR004015,EMP00385,Beth Nichols,Security,GitHub,Admin,David Brown,True,2025-09-19 16:29:28.697809
AR004016,EMP00323,Tyler Grant,Security,Active Directory,Admin,David Brown,True,2026-07-11 16:29:28.697809
AR004017,EMP00010,Teresa Booth,Engineering,GitHub,Admin,Alice Johnson,True,2026-04-28 16:29:28.697809
AR004018,EMP00496,Jason Lam,Finance,AWS,Write,Bob Smith,False,2026-01-21 16:29:28.697809
AR004019,EMP00044,Rebecca Glenn,Finance,Azure,Admin,Alice Johnson,True,2025-10-17 16:29:28.697809
AR004020,EMP00132,Megan Scott,Finance,Active Directory,Read,David Brown,False,2025-08-31 16:29:28.697809
AR004021,EMP00383,Christopher Bonilla,Legal,Active Directory,Admin,David Brown,False,2025-09-29 16:29:28.697809
AR004022,EMP00437,Elizabeth Sanchez,Legal,Active Directory,Read,Bob Smith,False,2025-08-15 16:29:28.697809
AR004023,EMP00182,Megan Harris,Finance,Active Directory,Admin,Carol Davis,False,2025-10-30 16:29:28.697809
AR004024,EMP00123,Jocelyn Anderson,Finance,GitHub,Read,Alice Johnson,True,2026-05-18 16:29:28.697809
AR004025,EMP00243,Patricia Simpson,Engineering,ServiceNow,Read,Bob Smith,False,2026-04-16 16:29:28.697809
AR004026,EMP00177,Brett Murray,Finance,ServiceNow,Read,Bob Smith,False,2026-06-22 16:29:28.697809
AR004027,EMP00096,Lauren Jensen,Human Resources,Active Directory,Read,David Brown,False,2025-10-07 16:29:28.697809
AR004028,EMP00197,Brandon West,Finance,Salesforce,Write,Carol Davis,True,2026-04-10 16:29:28.697809
AR004029,EMP00344,Kent Carter,Finance,GitHub,Admin,David Brown,True,2026-06-16 16:29:28.697809
AR004030,EMP00369,Robert French,Human Resources,GitHub,Admin,Carol Davis,False,2025-10-13 16:29:28.697809
AR004031,EMP00163,Misty Rice,IT,ServiceNow,Write,Alice Johnson,False,2026-07-23 16:29:28.697809
AR004032,EMP00405,Michael King,Engineering,Salesforce,Read,David Brown,True,2026-04-22 16:29:28.697809
AR004033,EMP00152,Amber Maddox,Operations,Salesforce,Admin,Carol Davis,True,2026-01-05 16:29:28.697809
AR004034,EMP00188,Melissa Hubbard,Human Resources,Salesforce,Admin,David Brown,False,2026-01-06 16:29:28.697809
AR004035,EMP00414,Michael Bishop,Operations,Azure,Read,David Brown,True,2026-01-29 16:29:28.697809
AR004036,EMP00409,Jessica Warner,Security,AWS,Read,Carol Davis,False,2026-06-07 16:29:28.697809
AR004037,EMP00396,Brittany Lynn,IT,Active Directory,Read,Carol Davis,True,2026-02-24 16:29:28.697809
AR004038,EMP00172,Susan Hanson,Security,ServiceNow,Admin,Alice Johnson,True,2026-06-26 16:29:28.697809
AR004039,EMP00462,Michael Graham,Engineering,Active Directory,Write,David Brown,True,2026-04-03 16:29:28.697809
AR004040,EMP00346,Alicia Howard,Legal,ServiceNow,Admin,David Brown,False,2025-11-20 16:29:28.697809
AR004041,EMP00124,Raymond Mullen,Finance,AWS,Read,David Brown,False,2026-04-24 16:29:28.697809
AR004042,EMP00072,Austin Miller,Security,Active Directory,Write,Carol Davis,False,2026-04-14 16:29:28.697809
AR004043,EMP00281,Randy Cortez DVM,Finance,GitHub,Write,David Brown,False,2025-09-09 16:29:28.697809
AR004044,EMP00268,Justin Blankenship,Human Resources,GitHub,Admin,Carol Davis,True,2026-06-18 16:29:28.697809
AR004045,EMP00327,Joel Peters,Legal,Active Directory,Admin,Carol Davis,False,2025-12-31 16:29:28.697809
AR004046,EMP00222,Leah Dennis,Human Resources,Active Directory,Write,David Brown,False,2026-06-22 16:29:28.697809
AR004047,EMP00261,Michael Carpenter,Human Resources,AWS,Admin,Bob Smith,True,2025-09-17 16:29:28.697809
AR004048,EMP00454,Sarah Phillips,Human Resources,AWS,Admin,Bob Smith,False,2026-05-30 16:29:28.697809
AR004049,EMP00359,Michael Barajas,Operations,ServiceNow,Write,David Brown,True,2026-04-20 16:29:28.697809
AR004050,EMP00281,Randy Cortez DVM,Finance,Azure,Read,Alice Johnson,True,2026-02-10 16:29:28.697809
AR004051,EMP00156,Michelle Thompson,Human Resources,Salesforce,Write,Alice Johnson,False,2026-01-27 16:29:28.697809
AR004052,EMP00301,Craig Simpson,Security,AWS,Read,David Brown,False,2025-11-10 16:29:28.697809
AR004053,EMP00039,Deborah Marks,Operations,ServiceNow,Admin,David Brown,False,2025-11-05 16:29:28.697809
AR004054,EMP00197,Brandon West,Finance,Salesforce,Write,Bob Smith,True,2025-12-28 16:29:28.697809
AR004055,EMP00173,David Stephenson,Engineering,Salesforce,Read,Alice Johnson,True,2026-05-12 16:29:28.697809
AR004056,EMP00109,Tracey Morris,IT,Azure,Write,Bob Smith,True,2025-10-26 16:29:28.697809
AR004057,EMP00146,Pam Reyes,Operations,AWS,Read,Carol Davis,False,2026-05-14 16:29:28.697809
AR004058,EMP00105,David Rose,IT,GitHub,Write,David Brown,False,2025-11-20 16:29:28.697809
AR004059,EMP00313,Darren Middleton,Human Resources,AWS,Read,David Brown,False,2025-09-13 16:29:28.697809
AR004060,EMP00067,Jennifer Richardson,Engineering,Salesforce,Write,Alice Johnson,False,2025-09-03 16:29:28.697809
AR004061,EMP00311,Mark Deleon,Security,ServiceNow,Admin,David Brown,False,2026-04-29 16:29:28.697809
AR004062,EMP00189,Joseph Austin,Legal,GitHub,Admin,Alice Johnson,True,2026-06-16 16:29:28.697809
AR004063,EMP00100,Terry Rios,Legal,Active Directory,Admin,Carol Davis,False,2025-09-30 16:29:28.697809
AR004064,EMP00123,Jocelyn Anderson,Finance,ServiceNow,Admin,David Brown,False,2026-07-10 16:29:28.697809
AR004065,EMP00441,Anthony Zimmerman,Security,AWS,Write,Bob Smith,True,2025-08-25 16:29:28.697809
AR004066,EMP00016,Stacey Jenkins,Engineering,ServiceNow,Read,David Brown,False,2026-01-13 16:29:28.697809
AR004067,EMP00097,Mary Wyatt,Engineering,Salesforce,Write,David Brown,False,2025-08-13 16:29:28.697809
AR004068,EMP00468,Angela Irwin,IT,Azure,Write,David Brown,True,2026-05-04 16:29:28.697809
AR004069,EMP00105,David Rose,IT,Azure,Read,Carol Davis,True,2026-06-04 16:29:28.697809
AR004070,EMP00402,Clayton Baker,IT,Active Directory,Write,Bob Smith,False,2026-05-17 16:29:28.697809
AR004071,EMP00091,Daniel Ramos,Operations,GitHub,Write,Carol Davis,True,2026-02-05 16:29:28.697809
AR004072,EMP00291,Mario Bailey,Engineering,Azure,Write,Alice Johnson,False,2025-09-14 16:29:28.697809
AR004073,EMP00075,James White,Legal,AWS,Admin,Alice Johnson,True,2026-06-01 16:29:28.697809
AR004074,EMP00482,Jennifer Patel DVM,Engineering,Azure,Read,Alice Johnson,True,2026-04-08 16:29:28.697809
AR004075,EMP00207,Robert Ford,Legal,Azure,Admin,Carol Davis,False,2026-04-06 16:29:28.697809
AR004076,EMP00084,Stephanie Wyatt,Security,ServiceNow,Read,Bob Smith,False,2025-12-13 16:29:28.697809
AR004077,EMP00214,Robin Smith,Human Resources,AWS,Read,Alice Johnson,True,2025-11-26 16:29:28.697809
AR004078,EMP00177,Brett Murray,Finance,Active Directory,Write,Bob Smith,False,2025-09-11 16:29:28.697809
AR004079,EMP00051,Richard Velez,Legal,Azure,Admin,Alice Johnson,True,2026-07-08 16:29:28.697809
AR004080,EMP00309,Marcus Schwartz,Human Resources,ServiceNow,Write,David Brown,False,2025-12-05 16:29:28.697809
AR004081,EMP00188,Melissa Hubbard,Human Resources,AWS,Admin,Bob Smith,False,2026-01-01 16:29:28.697809
AR004082,EMP00453,Steven Lee,Human Resources,Salesforce,Admin,Bob Smith,False,2026-01-05 16:29:28.697809
AR004083,EMP00272,Shannon Hicks,Human Resources,GitHub,Write,Alice Johnson,True,2026-01-03 16:29:28.697809
AR004084,EMP00156,Michelle Thompson,Human Resources,Active Directory,Write,Carol Davis,True,2025-12-23 16:29:28.697809
AR004085,EMP00288,Christopher Young,Legal,Azure,Write,Alice Johnson,False,2026-05-13 16:29:28.697809
AR004086,EMP00361,Michael Thomas,Security,Active Directory,Admin,Carol Davis,False,2025-08-07 16:29:28.697809
AR004087,EMP00499,Ryan Cummings,Human Resources,Azure,Admin,Carol Davis,False,2025-10-15 16:29:28.697809
AR004088,EMP00003,Natasha Obrien,Engineering,AWS,Read,Carol Davis,True,2026-06-22 16:29:28.697809
AR004089,EMP00319,William Thomas MD,Human Resources,AWS,Admin,Alice Johnson,True,2026-02-25 16:29:28.697809
AR004090,EMP00387,Joshua Phillips,Operations,AWS,Admin,Carol Davis,True,2026-06-06 16:29:28.697809
AR004091,EMP00414,Michael Bishop,Operations,GitHub,Write,Carol Davis,True,2025-12-31 16:29:28.697809
AR004092,EMP00384,Stephanie Cook,Finance,Active Directory,Write,David Brown,False,2026-01-26 16:29:28.697809
AR004093,EMP00083,Michelle Williams,Engineering,GitHub,Write,David Brown,True,2026-05-08 16:29:28.697809
AR004094,EMP00053,Daniel Durham,Finance,GitHub,Admin,Carol Davis,True,2026-03-21 16:29:28.697809
AR004095,EMP00190,Regina Turner,Legal,ServiceNow,Write,Bob Smith,True,2026-06-27 16:29:28.697809
AR004096,EMP00469,Brian Pham,IT,Azure,Write,Alice Johnson,False,2026-03-14 16:29:28.697809
AR004097,EMP00101,Kirk Cortez,Legal,Active Directory,Read,Alice Johnson,False,2026-05-17 16:29:28.697809
AR004098,EMP00162,Erica Garcia,Legal,ServiceNow,Write,David Brown,True,2026-07-24 16:29:28.697809
AR004099,EMP00171,Kelly Flores,Finance,Azure,Read,Alice Johnson,True,2026-04-14 16:29:28.697809
AR004100,EMP00211,David Blake,Security,Active Directory,Write,David Brown,False,2025-08-04 16:29:28.697809
AR004101,EMP00312,Rachael Fisher,Engineering,Active Directory,Read,Carol Davis,True,2026-04-08 16:29:28.697809
AR004102,EMP00205,Michael Hunt,Operations,Active Directory,Read,David Brown,False,2025-12-25 16:29:28.697809
AR004103,EMP00484,Joseph Gomez,Finance,Salesforce,Read,Bob Smith,True,2025-09-30 16:29:28.697809
AR004104,EMP00419,Brandon Barker,Engineering,Salesforce,Read,David Brown,True,2026-03-21 16:29:28.697809
AR004105,EMP00371,Karen Harper,Finance,Active Directory,Write,David Brown,False,2026-02-08 16:29:28.697809
AR004106,EMP00402,Clayton Baker,IT,Azure,Write,Carol Davis,False,2025-11-08 16:29:28.697809
AR004107,EMP00027,Anthony Walton,Security,Active Directory,Read,Carol Davis,True,2025-09-23 16:29:28.697809
AR004108,EMP00318,Traci Edwards,Security,GitHub,Read,Bob Smith,False,2026-06-19 16:29:28.697809
AR004109,EMP00462,Michael Graham,Engineering,Salesforce,Read,Bob Smith,False,2026-03-23 16:29:28.697809
AR004110,EMP00273,Matthew Lozano,Finance,Salesforce,Write,David Brown,True,2026-05-29 16:29:28.697809
AR004111,EMP00152,Amber Maddox,Operations,ServiceNow,Read,Carol Davis,True,2026-05-23 16:29:28.697809
AR004112,EMP00202,Shirley Baird,Human Resources,Active Directory,Write,David Brown,False,2025-12-31 16:29:28.697809
AR004113,EMP00250,Marcus Schroeder,Engineering,AWS,Admin,Carol Davis,True,2026-06-09 16:29:28.697809
AR004114,EMP00104,Leonard Davis,Security,AWS,Write,David Brown,True,2026-05-26 16:29:28.697809
AR004115,EMP00401,Tammy Chavez,Security,AWS,Admin,David Brown,False,2026-05-16 16:29:28.697809
AR004116,EMP00412,Charles Rogers,Operations,Active Directory,Admin,Bob Smith,False,2026-04-19 16:29:28.697809
AR004117,EMP00361,Michael Thomas,Security,Active Directory,Admin,Alice Johnson,False,2025-10-04 16:29:28.697809
AR004118,EMP00491,Melissa Knight,Engineering,Salesforce,Read,David Brown,True,2026-01-27 16:29:28.697809
AR004119,EMP00287,Donna Ramirez,Operations,Salesforce,Admin,Bob Smith,False,2026-03-20 16:29:28.697809
AR004120,EMP00050,Mr. Ronald Wright,IT,GitHub,Read,David Brown,True,2025-11-30 16:29:28.697809
AR004121,EMP00177,Brett Murray,Finance,Salesforce,Read,Alice Johnson,False,2025-08-15 16:29:28.697809
AR004122,EMP00016,Stacey Jenkins,Engineering,Salesforce,Write,Alice Johnson,True,2025-07-30 16:29:28.697809
AR004123,EMP00255,Monica Lee,IT,Salesforce,Write,Alice Johnson,True,2025-09-26 16:29:28.697809
AR004124,EMP00403,Alexandra Hansen,Security,AWS,Read,Carol Davis,False,2025-09-27 16:29:28.697809
AR004125,EMP00052,Joshua Jones,Engineering,Salesforce,Read,David Brown,False,2025-07-29 16:29:28.697809
AR004126,EMP00205,Michael Hunt,Operations,ServiceNow,Read,David Brown,True,2026-05-05 16:29:28.697809
AR004127,EMP00157,Nicole Knox,Legal,ServiceNow,Write,David Brown,True,2025-08-09 16:29:28.697809
AR004128,EMP00038,Raymond Berry,Legal,Active Directory,Admin,Carol Davis,True,2025-10-02 16:29:28.697809
AR004129,EMP00414,Michael Bishop,Operations,Azure,Read,David Brown,True,2026-05-22 16:29:28.697809
AR004130,EMP00399,Jennifer Richardson,Legal,AWS,Write,David Brown,False,2026-03-31 16:29:28.697809
AR004131,EMP00334,Kelly Reese,Human Resources,GitHub,Admin,David Brown,True,2026-05-28 16:29:28.697809
AR004132,EMP00136,Luke Marshall,Finance,Salesforce,Admin,Carol Davis,False,2026-03-04 16:29:28.697809
AR004133,EMP00129,Leslie Preston,Security,ServiceNow,Read,Bob Smith,False,2026-05-24 16:29:28.697809
AR004134,EMP00196,Melissa Dudley,Engineering,ServiceNow,Admin,Carol Davis,True,2026-07-28 16:29:28.697809
AR004135,EMP00153,Jennifer Freeman,Security,GitHub,Admin,Alice Johnson,False,2026-05-09 16:29:28.697809
AR004136,EMP00389,Elizabeth Patel,Security,Salesforce,Read,Carol Davis,False,2026-06-16 16:29:28.697809
AR004137,EMP00212,Sean Franco,IT,ServiceNow,Read,Alice Johnson,True,2026-05-17 16:29:28.697809
AR004138,EMP00182,Megan Harris,Finance,ServiceNow,Read,David Brown,False,2026-04-12 16:29:28.697809
AR004139,EMP00178,Kelsey Long,Finance,Active Directory,Admin,David Brown,False,2026-07-27 16:29:28.697809
AR004140,EMP00074,Melissa Monroe,Human Resources,Azure,Read,Bob Smith,False,2025-09-14 16:29:28.697809
AR004141,EMP00401,Tammy Chavez,Security,Active Directory,Write,Carol Davis,True,2025-09-20 16:29:28.697809
AR004142,EMP00472,Thomas Calderon,Human Resources,AWS,Read,Carol Davis,True,2026-02-25 16:29:28.697809
AR004143,EMP00374,Patricia Patel,Security,ServiceNow,Read,Alice Johnson,False,2025-09-11 16:29:28.697809
AR004144,EMP00349,Brian Rowland,Legal,Azure,Write,David Brown,False,2025-12-01 16:29:28.697809
AR004145,EMP00279,Christian Gomez,Finance,ServiceNow,Admin,David Brown,False,2026-07-07 16:29:28.697809
AR004146,EMP00403,Alexandra Hansen,Security,GitHub,Admin,Bob Smith,True,2026-01-04 16:29:28.697809
AR004147,EMP00273,Matthew Lozano,Finance,Active Directory,Write,Carol Davis,False,2026-03-17 16:29:28.697809
AR004148,EMP00399,Jennifer Richardson,Legal,Salesforce,Write,David Brown,False,2025-09-22 16:29:28.697809
AR004149,EMP00069,Molly Schaefer,Operations,AWS,Read,Alice Johnson,False,2026-07-19 16:29:28.697809
AR004150,EMP00224,Gina Williams,Finance,Active Directory,Read,David Brown,True,2026-01-23 16:29:28.697809
AR004151,EMP00141,William Durham,Finance,GitHub,Admin,Alice Johnson,False,2025-10-17 16:29:28.697809
AR004152,EMP00199,Terry Henson,Legal,Salesforce,Admin,Carol Davis,True,2026-06-19 16:29:28.697809
AR004153,EMP00011,Justin White,Security,Active Directory,Admin,Carol Davis,True,2025-08-05 16:29:28.697809
AR004154,EMP00010,Teresa Booth,Engineering,ServiceNow,Read,David Brown,True,2026-02-26 16:29:28.697809
AR004155,EMP00389,Elizabeth Patel,Security,ServiceNow,Write,Alice Johnson,False,2026-06-30 16:29:28.697809
AR004156,EMP00379,Michael White,Engineering,AWS,Write,Alice Johnson,False,2025-09-07 16:29:28.697809
AR004157,EMP00080,Kristin Sutton DDS,Engineering,Salesforce,Write,Alice Johnson,False,2026-06-04 16:29:28.697809
AR004158,EMP00274,Stephanie Landry,Security,Salesforce,Admin,Bob Smith,False,2026-06-09 16:29:28.697809
AR004159,EMP00185,Barry Thompson,Human Resources,Active Directory,Admin,David Brown,True,2025-12-26 16:29:28.697809
AR004160,EMP00313,Darren Middleton,Human Resources,Azure,Read,David Brown,False,2025-09-08 16:29:28.697809
AR004161,EMP00241,Jacob Powell Jr.,Legal,Salesforce,Read,Carol Davis,True,2026-01-12 16:29:28.697809
AR004162,EMP00332,David Francis,Security,Azure,Write,Bob Smith,True,2025-12-14 16:29:28.697809
AR004163,EMP00204,Charles Wilcox,Human Resources,AWS,Write,Bob Smith,True,2026-02-26 16:29:28.697809
AR004164,EMP00095,Steven Gardner,Engineering,GitHub,Read,Alice Johnson,False,2026-06-09 16:29:28.697809
AR004165,EMP00167,Peter Contreras,Finance,AWS,Admin,Alice Johnson,True,2025-09-29 16:29:28.697809
AR004166,EMP00322,Michael Arias,Operations,AWS,Read,Alice Johnson,False,2026-05-08 16:29:28.697809
AR004167,EMP00162,Erica Garcia,Legal,Azure,Admin,Carol Davis,False,2026-02-25 16:29:28.697809
AR004168,EMP00039,Deborah Marks,Operations,AWS,Read,Bob Smith,False,2026-06-03 16:29:28.697809
AR004169,EMP00435,Ronald Rogers,Legal,GitHub,Admin,Alice Johnson,False,2025-10-15 16:29:28.697809
AR004170,EMP00114,Megan Flowers,IT,Azure,Read,Alice Johnson,True,2025-09-02 16:29:28.697809
AR004171,EMP00397,William Cook,Finance,ServiceNow,Read,Bob Smith,False,2025-08-07 16:29:28.697809
AR004172,EMP00303,Judith Wright,Security,Azure,Admin,Alice Johnson,False,2026-04-13 16:29:28.697809
AR004173,EMP00141,William Durham,Finance,Azure,Admin,David Brown,False,2026-01-30 16:29:28.697809
AR004174,EMP00445,Patricia Joseph,Finance,Azure,Write,Carol Davis,True,2025-09-04 16:29:28.697809
AR004175,EMP00465,Carmen Davis,Human Resources,Active Directory,Write,Alice Johnson,True,2025-08-08 16:29:28.697809
AR004176,EMP00107,Brittany Adams,Engineering,Active Directory,Read,Bob Smith,False,2026-05-26 16:29:28.697809
AR004177,EMP00033,Matthew Moody,IT,Active Directory,Write,Alice Johnson,False,2026-05-06 16:29:28.697809
AR004178,EMP00398,Jonathan Torres,Human Resources,Active Directory,Read,Carol Davis,False,2026-01-06 16:29:28.697809
AR004179,EMP00062,Mariah Duncan,Finance,AWS,Read,David Brown,True,2025-12-04 16:29:28.697809
AR004180,EMP00106,Gloria Thomas,Operations,Active Directory,Read,Bob Smith,True,2025-11-07 16:29:28.697809
AR004181,EMP00067,Jennifer Richardson,Engineering,Salesforce,Read,Alice Johnson,True,2025-12-11 16:29:28.697809
AR004182,EMP00233,Sharon Villarreal,Security,Active Directory,Write,David Brown,True,2025-09-12 16:29:28.697809
AR004183,EMP00349,Brian Rowland,Legal,AWS,Read,Alice Johnson,True,2026-07-10 16:29:28.697809
AR004184,EMP00131,Ronald Hale,Engineering,GitHub,Admin,David Brown,False,2025-10-29 16:29:28.697809
AR004185,EMP00157,Nicole Knox,Legal,Active Directory,Write,Carol Davis,True,2026-07-07 16:29:28.697809
AR004186,EMP00230,Michael Morales,IT,ServiceNow,Admin,David Brown,False,2026-06-06 16:29:28.697809
AR004187,EMP00397,William Cook,Finance,AWS,Admin,Bob Smith,False,2026-06-30 16:29:28.697809
AR004188,EMP00082,Ian Wright,Finance,Azure,Write,David Brown,True,2025-09-11 16:29:28.697809
AR004189,EMP00092,Micheal Barajas,Security,ServiceNow,Read,David Brown,False,2026-06-11 16:29:28.697809
AR004190,EMP00175,Janice Alvarez,Finance,AWS,Admin,David Brown,True,2025-09-17 16:29:28.697809
AR004191,EMP00083,Michelle Williams,Engineering,Active Directory,Write,Alice Johnson,False,2026-01-05 16:29:28.697809
AR004192,EMP00500,Daniel Hall,Human Resources,AWS,Write,David Brown,False,2025-09-10 16:29:28.697809
AR004193,EMP00168,Maxwell Munoz,IT,Salesforce,Read,Bob Smith,True,2026-04-19 16:29:28.697809
AR004194,EMP00190,Regina Turner,Legal,ServiceNow,Write,Alice Johnson,True,2025-10-30 16:29:28.697809
AR004195,EMP00236,Heidi Chambers,Engineering,GitHub,Write,Alice Johnson,False,2026-06-09 16:29:28.697809
AR004196,EMP00134,Marilyn Garcia,Operations,ServiceNow,Read,Alice Johnson,False,2026-06-06 16:29:28.697809
AR004197,EMP00165,Jeremy Moody,Security,AWS,Write,Bob Smith,False,2025-08-11 16:29:28.697809
AR004198,EMP00116,Penny Frazier,Human Resources,ServiceNow,Read,David Brown,True,2026-03-05 16:29:28.697809
AR004199,EMP00074,Melissa Monroe,Human Resources,Active Directory,Admin,Carol Davis,False,2025-08-13 16:29:28.697809
AR004200,EMP00278,Matthew Perez,Human Resources,ServiceNow,Read,Alice Johnson,False,2026-04-25 16:29:28.697809
AR004201,EMP00378,Norman Jackson,Human Resources,ServiceNow,Admin,David Brown,False,2026-03-15 16:29:28.697809
AR004202,EMP00018,Katherine Adams,Human Resources,Active Directory,Read,David Brown,True,2026-06-29 16:29:28.697809
AR004203,EMP00473,Zachary Martinez,Human Resources,Salesforce,Read,Carol Davis,True,2026-01-13 16:29:28.697809
AR004204,EMP00241,Jacob Powell Jr.,Legal,ServiceNow,Read,Alice Johnson,True,2025-09-17 16:29:28.697809
AR004205,EMP00266,Stephen Lloyd,IT,GitHub,Write,Alice Johnson,False,2025-08-04 16:29:28.697809
AR004206,EMP00014,Samantha Valdez,Operations,Active Directory,Read,Bob Smith,True,2025-08-14 16:29:28.697809
AR004207,EMP00421,Michael Johnson,Security,AWS,Read,David Brown,False,2025-11-16 16:29:28.697809
AR004208,EMP00255,Monica Lee,IT,AWS,Admin,Bob Smith,False,2026-04-07 16:29:28.697809
AR004209,EMP00074,Melissa Monroe,Human Resources,AWS,Write,Bob Smith,False,2026-01-25 16:29:28.697809
AR004210,EMP00458,Miss Melissa Tucker,Engineering,ServiceNow,Read,Alice Johnson,True,2026-06-04 16:29:28.697809
AR004211,EMP00181,Michelle Gill,Legal,GitHub,Read,Alice Johnson,False,2025-12-29 16:29:28.697809
AR004212,EMP00439,Mia Davis,IT,Azure,Admin,Carol Davis,True,2026-01-29 16:29:28.697809
AR004213,EMP00350,Brandon Allison,Engineering,Azure,Admin,Carol Davis,False,2026-04-27 16:29:28.697809
AR004214,EMP00309,Marcus Schwartz,Human Resources,ServiceNow,Read,David Brown,True,2026-07-20 16:29:28.697809
AR004215,EMP00327,Joel Peters,Legal,Salesforce,Write,Bob Smith,True,2025-11-09 16:29:28.697809
AR004216,EMP00103,Laura James,Finance,AWS,Read,David Brown,False,2025-08-12 16:29:28.697809
AR004217,EMP00374,Patricia Patel,Security,GitHub,Admin,David Brown,False,2026-02-10 16:29:28.697809
AR004218,EMP00116,Penny Frazier,Human Resources,ServiceNow,Write,David Brown,True,2026-01-18 16:29:28.697809
AR004219,EMP00222,Leah Dennis,Human Resources,ServiceNow,Read,Carol Davis,False,2025-09-22 16:29:28.697809
AR004220,EMP00279,Christian Gomez,Finance,Azure,Read,Bob Smith,False,2025-09-16 16:29:28.697809
AR004221,EMP00061,Joel Pitts,Engineering,AWS,Write,David Brown,True,2026-05-10 16:29:28.697809
AR004222,EMP00312,Rachael Fisher,Engineering,Salesforce,Write,David Brown,False,2026-02-05 16:29:28.697809
AR004223,EMP00427,Thomas Tucker,Engineering,Salesforce,Admin,Carol Davis,True,2025-10-21 16:29:28.697809
AR004224,EMP00093,Cody Taylor,Legal,Active Directory,Read,David Brown,True,2026-02-13 16:29:28.697809
AR004225,EMP00168,Maxwell Munoz,IT,GitHub,Admin,Carol Davis,False,2026-03-08 16:29:28.697809
AR004226,EMP00033,Matthew Moody,IT,Salesforce,Write,Carol Davis,True,2026-06-08 16:29:28.697809
AR004227,EMP00379,Michael White,Engineering,GitHub,Admin,Alice Johnson,False,2026-03-28 16:29:28.697809
AR004228,EMP00450,Sheryl Stone,Engineering,Salesforce,Read,Alice Johnson,True,2026-05-16 16:29:28.697809
AR004229,EMP00233,Sharon Villarreal,Security,Azure,Admin,Carol Davis,True,2025-11-20 16:29:28.697809
AR004230,EMP00464,Sarah David,Legal,AWS,Read,David Brown,False,2026-05-29 16:29:28.697809
AR004231,EMP00037,Harold Oliver,Operations,Azure,Write,Alice Johnson,True,2026-04-23 16:29:28.697809
AR004232,EMP00249,Deborah George,Finance,Salesforce,Admin,David Brown,False,2025-11-16 16:29:28.697809
AR004233,EMP00452,Maurice Martinez,Engineering,Salesforce,Write,Bob Smith,True,2025-11-11 16:29:28.697809
AR004234,EMP00210,Meredith Atkinson DVM,Operations,Active Directory,Write,Bob Smith,True,2025-09-22 16:29:28.697809
AR004235,EMP00467,Elaine Rice,Security,Salesforce,Read,David Brown,True,2026-03-15 16:29:28.697809
AR004236,EMP00042,Tabitha Cook,Legal,GitHub,Write,David Brown,False,2026-04-07 16:29:28.697809
AR004237,EMP00356,Veronica Diaz,Human Resources,Active Directory,Write,Carol Davis,True,2026-07-18 16:29:28.697809
AR004238,EMP00387,Joshua Phillips,Operations,ServiceNow,Write,Carol Davis,True,2026-02-04 16:29:28.697809
AR004239,EMP00481,Gene Bryant,Human Resources,ServiceNow,Admin,Carol Davis,False,2026-03-24 16:29:28.697809
AR004240,EMP00273,Matthew Lozano,Finance,Azure,Write,David Brown,True,2026-02-15 16:29:28.697809
AR004241,EMP00162,Erica Garcia,Legal,AWS,Admin,Alice Johnson,False,2026-02-01 16:29:28.697809
AR004242,EMP00445,Patricia Joseph,Finance,Salesforce,Read,Alice Johnson,True,2026-03-25 16:29:28.697809
AR004243,EMP00175,Janice Alvarez,Finance,Active Directory,Write,Carol Davis,True,2026-05-14 16:29:28.697809
AR004244,EMP00449,Jamie Robinson,Engineering,AWS,Admin,David Brown,True,2026-07-02 16:29:28.697809
AR004245,EMP00196,Melissa Dudley,Engineering,Azure,Write,Alice Johnson,False,2026-03-22 16:29:28.697809
AR004246,EMP00294,Shannon Roy,Security,Azure,Admin,Alice Johnson,True,2026-03-14 16:29:28.697809
AR004247,EMP00492,Jonathan Reese,Operations,Salesforce,Admin,David Brown,True,2026-07-24 16:29:28.697809
AR004248,EMP00075,James White,Legal,Active Directory,Write,Alice Johnson,False,2026-05-18 16:29:28.699310
AR004249,EMP00020,Jonathan Davis,IT,Azure,Admin,Bob Smith,False,2026-07-13 16:29:28.699310
AR004250,EMP00234,Kaitlin Martinez,Engineering,AWS,Read,Bob Smith,False,2026-07-04 16:29:28.699310
AR004251,EMP00178,Kelsey Long,Finance,Salesforce,Admin,Bob Smith,True,2025-10-26 16:29:28.699310
AR004252,EMP00494,Claudia Andrews,Legal,ServiceNow,Read,Alice Johnson,True,2026-03-16 16:29:28.699310
AR004253,EMP00436,Jill Patterson,IT,Salesforce,Admin,Bob Smith,True,2026-05-11 16:29:28.699310
AR004254,EMP00346,Alicia Howard,Legal,Azure,Admin,Carol Davis,True,2025-12-17 16:29:28.699310
AR004255,EMP00166,Robert Patterson,Engineering,ServiceNow,Write,Bob Smith,False,2026-02-23 16:29:28.699310
AR004256,EMP00437,Elizabeth Sanchez,Legal,GitHub,Write,Alice Johnson,False,2025-09-21 16:29:28.699310
AR004257,EMP00190,Regina Turner,Legal,AWS,Admin,Alice Johnson,True,2026-02-20 16:29:28.699310
AR004258,EMP00259,Margaret Allen,Legal,GitHub,Write,Alice Johnson,False,2026-05-25 16:29:28.699310
AR004259,EMP00224,Gina Williams,Finance,AWS,Admin,Bob Smith,False,2025-08-07 16:29:28.699310
AR004260,EMP00154,Robert Howell,Legal,ServiceNow,Write,David Brown,False,2026-07-08 16:29:28.699310
AR004261,EMP00441,Anthony Zimmerman,Security,Active Directory,Write,Bob Smith,False,2026-06-28 16:29:28.699310
AR004262,EMP00472,Thomas Calderon,Human Resources,ServiceNow,Write,Bob Smith,True,2026-02-20 16:29:28.699310
AR004263,EMP00022,Jim Cox,Human Resources,Azure,Read,David Brown,True,2026-06-02 16:29:28.699310
AR004264,EMP00232,David Henson,Engineering,Salesforce,Write,Carol Davis,True,2025-10-07 16:29:28.699310
AR004265,EMP00336,Kelsey Kramer,Security,Azure,Read,Carol Davis,False,2025-11-15 16:29:28.699310
AR004266,EMP00372,Jessica Hill,Engineering,Salesforce,Read,Alice Johnson,False,2025-09-09 16:29:28.699310
AR004267,EMP00211,David Blake,Security,ServiceNow,Write,Alice Johnson,False,2026-03-04 16:29:28.699310
AR004268,EMP00127,Frank Roy,Human Resources,ServiceNow,Admin,Bob Smith,False,2026-05-21 16:29:28.699310
AR004269,EMP00151,Paige Harrington,Operations,ServiceNow,Write,Bob Smith,False,2025-10-07 16:29:28.699310
AR004270,EMP00238,Vincent Morris,IT,Active Directory,Write,David Brown,True,2026-03-16 16:29:28.699310
AR004271,EMP00262,Lisa White,Human Resources,Salesforce,Write,Carol Davis,False,2026-07-02 16:29:28.699310
AR004272,EMP00012,Sean Wang,Finance,Azure,Write,Carol Davis,False,2025-08-12 16:29:28.699310
AR004273,EMP00114,Megan Flowers,IT,Active Directory,Admin,Bob Smith,False,2026-03-14 16:29:28.699310
AR004274,EMP00012,Sean Wang,Finance,Salesforce,Read,Carol Davis,False,2026-04-11 16:29:28.699310
AR004275,EMP00241,Jacob Powell Jr.,Legal,GitHub,Admin,Alice Johnson,True,2026-05-23 16:29:28.699310
AR004276,EMP00137,Heather Mccormick,IT,ServiceNow,Write,Alice Johnson,False,2026-05-12 16:29:28.699310
AR004277,EMP00018,Katherine Adams,Human Resources,Salesforce,Read,Alice Johnson,True,2026-07-02 16:29:28.699310
AR004278,EMP00140,Samantha Erickson,Finance,GitHub,Write,Alice Johnson,False,2025-11-06 16:29:28.699310
AR004279,EMP00345,William Lewis,Engineering,GitHub,Admin,Carol Davis,True,2026-01-12 16:29:28.699310
AR004280,EMP00430,Victor Everett,Engineering,Salesforce,Read,David Brown,False,2025-09-25 16:29:28.699310
AR004281,EMP00090,Leonard Brown,IT,AWS,Admin,Alice Johnson,False,2026-01-12 16:29:28.699310
AR004282,EMP00087,Steven Schneider,Operations,GitHub,Write,Carol Davis,True,2026-02-23 16:29:28.699310
AR004283,EMP00211,David Blake,Security,ServiceNow,Admin,Carol Davis,True,2025-11-17 16:29:28.699310
AR004284,EMP00491,Melissa Knight,Engineering,AWS,Read,Carol Davis,True,2026-02-07 16:29:28.699310
AR004285,EMP00291,Mario Bailey,Engineering,Active Directory,Read,Carol Davis,True,2026-07-27 16:29:28.699310
AR004286,EMP00123,Jocelyn Anderson,Finance,Azure,Admin,Alice Johnson,True,2026-02-15 16:29:28.699310
AR004287,EMP00250,Marcus Schroeder,Engineering,Azure,Admin,Carol Davis,False,2026-04-26 16:29:28.699310
AR004288,EMP00293,Cristian Harris,Human Resources,ServiceNow,Admin,Carol Davis,False,2025-10-29 16:29:28.699310
AR004289,EMP00420,Jeremy Lopez,Legal,GitHub,Write,David Brown,True,2026-03-04 16:29:28.699310
AR004290,EMP00341,Scott Lopez,Legal,Active Directory,Read,David Brown,True,2025-11-13 16:29:28.699310
AR004291,EMP00022,Jim Cox,Human Resources,AWS,Write,David Brown,True,2025-08-10 16:29:28.699310
AR004292,EMP00019,Alan Yu,IT,Active Directory,Write,Carol Davis,True,2026-03-15 16:29:28.699310
AR004293,EMP00373,David Oneill,Security,GitHub,Admin,Alice Johnson,True,2026-02-20 16:29:28.699310
AR004294,EMP00029,Jeffrey Sullivan,IT,ServiceNow,Admin,Bob Smith,False,2026-05-01 16:29:28.699310
AR004295,EMP00297,Jonathan Hampton,Finance,ServiceNow,Write,Carol Davis,True,2026-02-10 16:29:28.699310
AR004296,EMP00079,Michael Oliver,Operations,Salesforce,Read,Alice Johnson,True,2025-08-28 16:29:28.699310
AR004297,EMP00410,Jesse Watkins,IT,AWS,Read,David Brown,True,2026-04-10 16:29:28.699310
AR004298,EMP00446,Mrs. Autumn Wyatt,Legal,AWS,Admin,Alice Johnson,False,2026-02-10 16:29:28.699310
AR004299,EMP00496,Jason Lam,Finance,AWS,Admin,David Brown,True,2026-02-13 16:29:28.699310
AR004300,EMP00003,Natasha Obrien,Engineering,ServiceNow,Write,Carol Davis,True,2025-08-28 16:29:28.699310
AR004301,EMP00179,Miguel Weber,Engineering,ServiceNow,Read,Bob Smith,False,2026-07-13 16:29:28.699310
AR004302,EMP00153,Jennifer Freeman,Security,Active Directory,Read,David Brown,True,2025-07-28 16:29:28.699310
AR004303,EMP00281,Randy Cortez DVM,Finance,Azure,Read,Bob Smith,True,2026-03-15 16:29:28.699310
AR004304,EMP00355,Terry Alexander,IT,Azure,Write,David Brown,False,2025-10-23 16:29:28.699310
AR004305,EMP00163,Misty Rice,IT,Azure,Read,Carol Davis,True,2026-01-09 16:29:28.699310
AR004306,EMP00007,Jessica Atkins,Finance,Azure,Write,Carol Davis,False,2025-10-15 16:29:28.699310
AR004307,EMP00162,Erica Garcia,Legal,Azure,Admin,Carol Davis,True,2025-08-10 16:29:28.699310
AR004308,EMP00131,Ronald Hale,Engineering,AWS,Write,David Brown,False,2025-12-28 16:29:28.699310
AR004309,EMP00398,Jonathan Torres,Human Resources,GitHub,Admin,Bob Smith,True,2026-03-04 16:29:28.699310
AR004310,EMP00115,Benjamin Thompson,IT,ServiceNow,Admin,Bob Smith,False,2026-05-24 16:29:28.699310
AR004311,EMP00249,Deborah George,Finance,GitHub,Read,Bob Smith,True,2025-11-27 16:29:28.699310
AR004312,EMP00055,Benjamin White,IT,Salesforce,Read,David Brown,True,2025-12-17 16:29:28.699310
AR004313,EMP00174,Emily Church,Human Resources,AWS,Read,Bob Smith,False,2026-07-22 16:29:28.699310
AR004314,EMP00155,Kenneth Miranda,Engineering,Active Directory,Admin,Alice Johnson,False,2025-11-29 16:29:28.699310
AR004315,EMP00345,William Lewis,Engineering,AWS,Read,Bob Smith,True,2025-12-01 16:29:28.699310
AR004316,EMP00030,Alexandra Wilson,Finance,ServiceNow,Read,David Brown,False,2026-04-16 16:29:28.699310
AR004317,EMP00083,Michelle Williams,Engineering,Active Directory,Read,Carol Davis,True,2025-09-11 16:29:28.699310
AR004318,EMP00048,Brian Travis,Security,Active Directory,Admin,Bob Smith,True,2026-04-11 16:29:28.699310
AR004319,EMP00208,Kimberly Walker,Operations,Active Directory,Read,David Brown,True,2025-09-23 16:29:28.699310
AR004320,EMP00061,Joel Pitts,Engineering,AWS,Admin,Carol Davis,False,2026-06-30 16:29:28.699310
AR004321,EMP00440,Tiffany Brown,Legal,GitHub,Read,Alice Johnson,True,2025-11-05 16:29:28.699310
AR004322,EMP00463,Justin Webster,Human Resources,Azure,Write,Alice Johnson,False,2025-09-08 16:29:28.699310
AR004323,EMP00239,Jimmy Hernandez,Operations,AWS,Read,Alice Johnson,True,2026-06-03 16:29:28.699310
AR004324,EMP00026,Shelly Mclaughlin,Finance,Azure,Write,David Brown,False,2026-02-27 16:29:28.699310
AR004325,EMP00252,Nicholas Taylor,Security,AWS,Write,Bob Smith,True,2025-09-03 16:29:28.699310
AR004326,EMP00070,Brooke Proctor,Engineering,GitHub,Admin,Alice Johnson,True,2026-04-11 16:29:28.699310
AR004327,EMP00253,Richard Bailey,Engineering,AWS,Write,Carol Davis,False,2025-11-27 16:29:28.699310
AR004328,EMP00486,Stacy Woodward,Security,AWS,Read,Alice Johnson,True,2026-04-01 16:29:28.699310
AR004329,EMP00231,Tracy Sanders,Finance,Active Directory,Read,Bob Smith,False,2026-01-16 16:29:28.699310
AR004330,EMP00499,Ryan Cummings,Human Resources,GitHub,Write,Alice Johnson,False,2025-08-21 16:29:28.699310
AR004331,EMP00299,Daniel Chambers,Finance,Salesforce,Read,Carol Davis,False,2025-10-20 16:29:28.699310
AR004332,EMP00050,Mr. Ronald Wright,IT,Azure,Admin,Alice Johnson,False,2025-12-05 16:29:28.699310
AR004333,EMP00201,Becky Ferguson,IT,Active Directory,Admin,David Brown,False,2026-06-07 16:29:28.699310
AR004334,EMP00410,Jesse Watkins,IT,GitHub,Write,David Brown,True,2025-11-15 16:29:28.699310
AR004335,EMP00046,Jorge Fisher,Legal,Azure,Write,Carol Davis,True,2025-10-28 16:29:28.699310
AR004336,EMP00121,Richard Maldonado,Human Resources,GitHub,Write,Bob Smith,True,2026-05-21 16:29:28.699310
AR004337,EMP00450,Sheryl Stone,Engineering,GitHub,Admin,David Brown,False,2026-05-01 16:29:28.699310
AR004338,EMP00308,Christopher Grant,Finance,Salesforce,Read,Carol Davis,True,2025-08-12 16:29:28.699310
AR004339,EMP00226,Lynn Mercado,Operations,GitHub,Admin,Alice Johnson,False,2025-11-17 16:29:28.699310
AR004340,EMP00292,Annette Figueroa,Engineering,AWS,Admin,Carol Davis,True,2026-01-28 16:29:28.699310
AR004341,EMP00479,Jennifer Salazar,Security,Active Directory,Read,David Brown,False,2026-02-01 16:29:28.699310
AR004342,EMP00172,Susan Hanson,Security,Salesforce,Admin,David Brown,True,2025-08-02 16:29:28.699310
AR004343,EMP00104,Leonard Davis,Security,AWS,Admin,Alice Johnson,True,2026-06-12 16:29:28.699310
AR004344,EMP00033,Matthew Moody,IT,ServiceNow,Admin,Bob Smith,False,2026-03-14 16:29:28.699310
AR004345,EMP00452,Maurice Martinez,Engineering,Active Directory,Write,Carol Davis,False,2026-03-31 16:29:28.699310
AR004346,EMP00354,Monica Craig,Human Resources,ServiceNow,Write,Carol Davis,True,2025-11-27 16:29:28.699310
AR004347,EMP00481,Gene Bryant,Human Resources,AWS,Read,Carol Davis,True,2026-05-13 16:29:28.699310
AR004348,EMP00323,Tyler Grant,Security,ServiceNow,Admin,David Brown,False,2025-08-28 16:29:28.699310
AR004349,EMP00136,Luke Marshall,Finance,Azure,Admin,Alice Johnson,True,2025-08-21 16:29:28.699310
AR004350,EMP00333,Tara Armstrong,Engineering,GitHub,Write,Bob Smith,True,2025-08-18 16:29:28.699310
AR004351,EMP00064,Dr. Roberto Garner,Engineering,Azure,Write,Bob Smith,True,2026-06-12 16:29:28.699310
AR004352,EMP00215,Jenny Mckinney,Security,GitHub,Read,Alice Johnson,True,2025-12-02 16:29:28.699310
AR004353,EMP00100,Terry Rios,Legal,ServiceNow,Read,Carol Davis,False,2026-07-12 16:29:28.699310
AR004354,EMP00093,Cody Taylor,Legal,GitHub,Read,Alice Johnson,False,2026-04-19 16:29:28.699310
AR004355,EMP00041,Jody Burton,Engineering,GitHub,Admin,Carol Davis,True,2026-07-05 16:29:28.699310
AR004356,EMP00181,Michelle Gill,Legal,Azure,Read,Alice Johnson,True,2025-11-28 16:29:28.699310
AR004357,EMP00054,Shelly Rios,IT,Azure,Read,Bob Smith,True,2025-11-13 16:29:28.699310
AR004358,EMP00475,Heather Jones,Operations,AWS,Write,Alice Johnson,True,2025-08-11 16:29:28.699310
AR004359,EMP00224,Gina Williams,Finance,GitHub,Admin,David Brown,True,2025-10-29 16:29:28.699310
AR004360,EMP00361,Michael Thomas,Security,Salesforce,Admin,Carol Davis,False,2025-08-15 16:29:28.699310
AR004361,EMP00336,Kelsey Kramer,Security,Salesforce,Write,Bob Smith,True,2026-01-31 16:29:28.699310
AR004362,EMP00398,Jonathan Torres,Human Resources,Salesforce,Read,Bob Smith,False,2026-06-30 16:29:28.699310
AR004363,EMP00315,Colleen Cochran,Operations,Salesforce,Read,David Brown,True,2026-05-09 16:29:28.699310
AR004364,EMP00399,Jennifer Richardson,Legal,Salesforce,Read,Bob Smith,False,2025-09-17 16:29:28.699310
AR004365,EMP00282,David Hawkins,IT,ServiceNow,Write,David Brown,False,2025-10-22 16:29:28.699310
AR004366,EMP00134,Marilyn Garcia,Operations,Active Directory,Read,Bob Smith,True,2026-07-23 16:29:28.699310
AR004367,EMP00132,Megan Scott,Finance,Salesforce,Write,Alice Johnson,True,2026-02-04 16:29:28.699310
AR004368,EMP00008,Nathaniel Green,Operations,Active Directory,Read,David Brown,True,2026-07-16 16:29:28.699310
AR004369,EMP00125,Felicia Rocha,Human Resources,Active Directory,Admin,Carol Davis,True,2025-10-21 16:29:28.699310
AR004370,EMP00298,Patricia Potter,Human Resources,ServiceNow,Read,Alice Johnson,True,2025-12-06 16:29:28.699310
AR004371,EMP00270,Dr. Michael Stevens,IT,ServiceNow,Write,Alice Johnson,False,2025-11-03 16:29:28.699310
AR004372,EMP00175,Janice Alvarez,Finance,Active Directory,Admin,Carol Davis,False,2025-11-13 16:29:28.699310
AR004373,EMP00142,Brian Gilmore,Legal,GitHub,Read,Alice Johnson,True,2025-12-04 16:29:28.699310
AR004374,EMP00063,Tricia Moody,Operations,GitHub,Read,Bob Smith,True,2026-07-19 16:29:28.699310
AR004375,EMP00108,Veronica Novak,Human Resources,Active Directory,Write,David Brown,True,2026-05-18 16:29:28.699310
AR004376,EMP00379,Michael White,Engineering,Salesforce,Read,Carol Davis,True,2026-06-21 16:29:28.699310
AR004377,EMP00336,Kelsey Kramer,Security,Active Directory,Admin,David Brown,True,2025-09-09 16:29:28.699310
AR004378,EMP00119,Misty Brandt,Finance,Active Directory,Write,Carol Davis,False,2025-08-24 16:29:28.699310
AR004379,EMP00398,Jonathan Torres,Human Resources,ServiceNow,Read,Bob Smith,True,2025-12-23 16:29:28.699310
AR004380,EMP00009,Hayden Young,IT,ServiceNow,Read,Alice Johnson,False,2026-06-15 16:29:28.699310
AR004381,EMP00439,Mia Davis,IT,Azure,Write,David Brown,True,2025-11-22 16:29:28.699310
AR004382,EMP00221,Marcus Fisher,Finance,Azure,Read,Bob Smith,False,2025-08-25 16:29:28.699310
AR004383,EMP00407,Rebecca Flores,Legal,Salesforce,Read,David Brown,True,2026-05-16 16:29:28.699310
AR004384,EMP00033,Matthew Moody,IT,Azure,Read,Bob Smith,True,2026-06-04 16:29:28.699310
AR004385,EMP00229,Michael Blevins,Human Resources,Salesforce,Read,Alice Johnson,True,2026-02-04 16:29:28.699310
AR004386,EMP00216,Elizabeth Sellers,Legal,Salesforce,Write,Bob Smith,False,2026-02-05 16:29:28.699310
AR004387,EMP00427,Thomas Tucker,Engineering,ServiceNow,Write,David Brown,True,2026-07-07 16:29:28.699310
AR004388,EMP00101,Kirk Cortez,Legal,Active Directory,Admin,Alice Johnson,True,2026-04-12 16:29:28.699310
AR004389,EMP00437,Elizabeth Sanchez,Legal,Salesforce,Admin,Bob Smith,False,2025-08-26 16:29:28.699310
AR004390,EMP00155,Kenneth Miranda,Engineering,GitHub,Write,Carol Davis,True,2025-12-21 16:29:28.699310
AR004391,EMP00264,Carl Stafford,Finance,GitHub,Write,Alice Johnson,True,2026-03-02 16:29:28.699310
AR004392,EMP00069,Molly Schaefer,Operations,Active Directory,Admin,Bob Smith,True,2026-04-10 16:29:28.699310
AR004393,EMP00405,Michael King,Engineering,Azure,Read,Carol Davis,True,2025-08-29 16:29:28.699310
AR004394,EMP00443,Michelle Richardson,Human Resources,Salesforce,Read,Carol Davis,False,2025-11-07 16:29:28.699310
AR004395,EMP00282,David Hawkins,IT,ServiceNow,Admin,Carol Davis,False,2026-06-09 16:29:28.699310
AR004396,EMP00445,Patricia Joseph,Finance,Azure,Read,Carol Davis,False,2026-05-23 16:29:28.699310
AR004397,EMP00163,Misty Rice,IT,Azure,Admin,Carol Davis,False,2025-12-19 16:29:28.699310
AR004398,EMP00462,Michael Graham,Engineering,ServiceNow,Admin,Bob Smith,False,2026-03-10 16:29:28.699310
AR004399,EMP00225,Sarah Anthony,Operations,Active Directory,Admin,Carol Davis,False,2025-11-13 16:29:28.699310
AR004400,EMP00263,Alexis Roberts,Finance,Azure,Read,Alice Johnson,False,2025-08-29 16:29:28.699310
AR004401,EMP00256,Carlos Dixon,Human Resources,AWS,Write,Bob Smith,False,2025-08-21 16:29:28.699310
AR004402,EMP00016,Stacey Jenkins,Engineering,AWS,Write,Carol Davis,True,2025-12-02 16:29:28.699310
AR004403,EMP00148,Jeremy Bailey,Human Resources,AWS,Read,Bob Smith,True,2025-09-04 16:29:28.699310
AR004404,EMP00487,Jason Richardson,IT,GitHub,Admin,Bob Smith,True,2025-11-21 16:29:28.699310
AR004405,EMP00361,Michael Thomas,Security,Salesforce,Read,Bob Smith,True,2025-08-05 16:29:28.699310
AR004406,EMP00437,Elizabeth Sanchez,Legal,AWS,Write,David Brown,False,2025-11-28 16:29:28.699310
AR004407,EMP00409,Jessica Warner,Security,Salesforce,Admin,Carol Davis,True,2025-11-11 16:29:28.699310
AR004408,EMP00357,Kimberly Scott,Operations,AWS,Read,Bob Smith,False,2025-10-30 16:29:28.699310
AR004409,EMP00049,Mrs. Kara Holt,Human Resources,ServiceNow,Write,Bob Smith,True,2026-02-06 16:29:28.699310
AR004410,EMP00259,Margaret Allen,Legal,Salesforce,Read,David Brown,False,2026-03-02 16:29:28.699310
AR004411,EMP00438,Michael Fisher,IT,AWS,Admin,Alice Johnson,False,2026-07-24 16:29:28.699310
AR004412,EMP00314,Charles Tucker,Human Resources,Salesforce,Read,Bob Smith,False,2025-08-05 16:29:28.699310
AR004413,EMP00005,Jennifer Sanders,Legal,Azure,Admin,Carol Davis,False,2025-08-22 16:29:28.699310
AR004414,EMP00288,Christopher Young,Legal,GitHub,Read,Carol Davis,False,2026-03-19 16:29:28.699310
AR004415,EMP00298,Patricia Potter,Human Resources,ServiceNow,Write,David Brown,True,2026-01-04 16:29:28.699310
AR004416,EMP00034,Mark Mason,Security,Azure,Write,Alice Johnson,False,2026-01-24 16:29:28.699310
AR004417,EMP00117,Steven Burton,Operations,AWS,Read,David Brown,False,2025-10-09 16:29:28.699310
AR004418,EMP00473,Zachary Martinez,Human Resources,Azure,Read,Carol Davis,True,2026-06-02 16:29:28.699310
AR004419,EMP00096,Lauren Jensen,Human Resources,GitHub,Read,Carol Davis,True,2026-02-18 16:29:28.699310
AR004420,EMP00324,Donna Smith,Finance,GitHub,Read,David Brown,True,2026-05-26 16:29:28.699310
AR004421,EMP00237,Deborah Hall,Security,Salesforce,Admin,Alice Johnson,True,2026-03-09 16:29:28.699310
AR004422,EMP00480,Joshua Davis,Engineering,Active Directory,Read,Carol Davis,False,2025-11-23 16:29:28.699310
AR004423,EMP00041,Jody Burton,Engineering,AWS,Admin,David Brown,False,2026-03-21 16:29:28.699310
AR004424,EMP00282,David Hawkins,IT,Azure,Write,Alice Johnson,True,2026-06-26 16:29:28.699310
AR004425,EMP00367,Alice Hardy,IT,Salesforce,Read,Carol Davis,False,2026-01-11 16:29:28.699310
AR004426,EMP00443,Michelle Richardson,Human Resources,Active Directory,Write,Alice Johnson,False,2025-12-08 16:29:28.699310
AR004427,EMP00435,Ronald Rogers,Legal,Active Directory,Write,David Brown,False,2025-08-04 16:29:28.699310
AR004428,EMP00431,Mark King,Human Resources,AWS,Admin,Bob Smith,True,2025-08-22 16:29:28.699310
AR004429,EMP00006,Austin Benson,Legal,GitHub,Read,Bob Smith,True,2026-03-01 16:29:28.699310
AR004430,EMP00191,Kristy Cruz,Security,Active Directory,Write,Carol Davis,False,2026-05-23 16:29:28.699310
AR004431,EMP00233,Sharon Villarreal,Security,ServiceNow,Read,Carol Davis,True,2025-10-28 16:29:28.699310
AR004432,EMP00372,Jessica Hill,Engineering,Salesforce,Read,David Brown,False,2026-02-22 16:29:28.699310
AR004433,EMP00441,Anthony Zimmerman,Security,Azure,Admin,Alice Johnson,True,2025-11-23 16:29:28.699310
AR004434,EMP00392,Shannon Fernandez,Operations,Azure,Read,Alice Johnson,False,2026-04-17 16:29:28.699310
AR004435,EMP00277,Jonathan Davis,Operations,ServiceNow,Write,Bob Smith,True,2026-01-06 16:29:28.699310
AR004436,EMP00284,David Miller,IT,Azure,Read,Bob Smith,False,2025-08-14 16:29:28.699310
AR004437,EMP00237,Deborah Hall,Security,AWS,Write,David Brown,True,2026-05-19 16:29:28.699310
AR004438,EMP00046,Jorge Fisher,Legal,AWS,Read,Bob Smith,False,2026-05-16 16:29:28.699310
AR004439,EMP00318,Traci Edwards,Security,AWS,Read,Alice Johnson,False,2025-11-28 16:29:28.699310
AR004440,EMP00067,Jennifer Richardson,Engineering,AWS,Admin,Bob Smith,False,2026-05-17 16:29:28.699310
AR004441,EMP00348,Laura Neal,Operations,GitHub,Read,David Brown,True,2025-11-21 16:29:28.699310
AR004442,EMP00292,Annette Figueroa,Engineering,Salesforce,Admin,Alice Johnson,True,2025-09-04 16:29:28.699310
AR004443,EMP00406,Kyle Rojas,Human Resources,Azure,Write,Bob Smith,False,2026-01-27 16:29:28.699310
AR004444,EMP00166,Robert Patterson,Engineering,Azure,Admin,Alice Johnson,True,2026-06-21 16:29:28.699310
AR004445,EMP00210,Meredith Atkinson DVM,Operations,Active Directory,Admin,Carol Davis,False,2025-12-09 16:29:28.699310
AR004446,EMP00164,Mary Meyer,IT,ServiceNow,Read,Carol Davis,True,2026-07-01 16:29:28.699310
AR004447,EMP00455,James Pierce,Finance,Salesforce,Read,David Brown,False,2025-12-15 16:29:28.699310
AR004448,EMP00456,Alexander Miller,Human Resources,Salesforce,Admin,David Brown,False,2025-08-22 16:29:28.699310
AR004449,EMP00069,Molly Schaefer,Operations,Salesforce,Admin,David Brown,False,2026-05-28 16:29:28.699310
AR004450,EMP00075,James White,Legal,Active Directory,Read,Bob Smith,True,2025-09-16 16:29:28.699310
AR004451,EMP00162,Erica Garcia,Legal,Active Directory,Admin,David Brown,True,2026-07-03 16:29:28.699310
AR004452,EMP00113,Richard Lambert,Legal,Azure,Write,Alice Johnson,False,2025-12-20 16:29:28.699310
AR004453,EMP00298,Patricia Potter,Human Resources,Salesforce,Write,Alice Johnson,True,2026-03-10 16:29:28.699310
AR004454,EMP00055,Benjamin White,IT,Active Directory,Admin,Alice Johnson,True,2025-12-28 16:29:28.699310
AR004455,EMP00487,Jason Richardson,IT,Salesforce,Write,Carol Davis,False,2026-05-11 16:29:28.699310
AR004456,EMP00169,Joseph Young,Security,ServiceNow,Write,David Brown,False,2026-03-27 16:29:28.699310
AR004457,EMP00253,Richard Bailey,Engineering,GitHub,Read,Bob Smith,False,2026-02-04 16:29:28.699310
AR004458,EMP00487,Jason Richardson,IT,AWS,Admin,Alice Johnson,True,2025-09-27 16:29:28.699310
AR004459,EMP00155,Kenneth Miranda,Engineering,Azure,Write,David Brown,False,2026-05-21 16:29:28.699310
AR004460,EMP00314,Charles Tucker,Human Resources,Azure,Admin,Carol Davis,True,2026-04-10 16:29:28.699310
AR004461,EMP00254,Larry Garcia,IT,Azure,Read,Bob Smith,False,2026-04-03 16:29:28.699310
AR004462,EMP00389,Elizabeth Patel,Security,Salesforce,Write,Bob Smith,True,2026-03-19 16:29:28.699310
AR004463,EMP00450,Sheryl Stone,Engineering,Azure,Read,Bob Smith,True,2025-11-26 16:29:28.699310
AR004464,EMP00032,Jeremiah Bryant,Human Resources,GitHub,Admin,Alice Johnson,False,2026-03-24 16:29:28.699310
AR004465,EMP00282,David Hawkins,IT,Azure,Write,David Brown,False,2025-12-04 16:29:28.699310
AR004466,EMP00156,Michelle Thompson,Human Resources,ServiceNow,Write,Bob Smith,False,2025-09-18 16:29:28.699310
AR004467,EMP00489,Nicholas Gonzales,Security,Azure,Admin,Alice Johnson,False,2026-07-28 16:29:28.699310
AR004468,EMP00454,Sarah Phillips,Human Resources,ServiceNow,Admin,Alice Johnson,False,2026-01-06 16:29:28.699310
AR004469,EMP00320,David Ayala,Security,GitHub,Write,Bob Smith,True,2025-08-15 16:29:28.699310
AR004470,EMP00221,Marcus Fisher,Finance,Salesforce,Write,Carol Davis,True,2025-08-04 16:29:28.699310
AR004471,EMP00472,Thomas Calderon,Human Resources,Salesforce,Admin,David Brown,False,2025-08-10 16:29:28.699310
AR004472,EMP00094,Victoria Austin,Engineering,ServiceNow,Read,Bob Smith,True,2025-11-03 16:29:28.699310
AR004473,EMP00403,Alexandra Hansen,Security,Active Directory,Admin,David Brown,True,2025-08-13 16:29:28.699310
AR004474,EMP00213,Gregory Lyons,IT,Active Directory,Read,David Brown,True,2026-07-12 16:29:28.699310
AR004475,EMP00497,Melissa Andrade,Operations,AWS,Admin,Alice Johnson,False,2025-10-06 16:29:28.699310
AR004476,EMP00411,Renee Davis,Operations,GitHub,Admin,Bob Smith,False,2025-10-11 16:29:28.699310
AR004477,EMP00135,Steven Dunn,Engineering,GitHub,Admin,Carol Davis,False,2026-02-26 16:29:28.699310
AR004478,EMP00315,Colleen Cochran,Operations,Salesforce,Admin,Carol Davis,True,2026-04-13 16:29:28.699310
AR004479,EMP00198,Crystal Flores,IT,GitHub,Write,Alice Johnson,False,2026-01-05 16:29:28.699310
AR004480,EMP00323,Tyler Grant,Security,GitHub,Read,Carol Davis,False,2026-06-15 16:29:28.699310
AR004481,EMP00190,Regina Turner,Legal,GitHub,Write,Carol Davis,True,2026-03-27 16:29:28.699310
AR004482,EMP00293,Cristian Harris,Human Resources,Azure,Write,Bob Smith,True,2025-10-12 16:29:28.699310
AR004483,EMP00082,Ian Wright,Finance,AWS,Admin,David Brown,False,2026-04-09 16:29:28.699310
AR004484,EMP00436,Jill Patterson,IT,Salesforce,Write,Alice Johnson,False,2026-06-10 16:29:28.699310
AR004485,EMP00471,Daniel Harris,Engineering,AWS,Admin,David Brown,False,2025-12-06 16:29:28.699310
AR004486,EMP00489,Nicholas Gonzales,Security,ServiceNow,Write,Bob Smith,True,2025-10-28 16:29:28.699310
AR004487,EMP00357,Kimberly Scott,Operations,ServiceNow,Read,Alice Johnson,True,2026-06-30 16:29:28.699310
AR004488,EMP00283,Chad Soto,Finance,Salesforce,Read,Alice Johnson,False,2026-04-09 16:29:28.699310
AR004489,EMP00285,Heather Carter,Human Resources,Active Directory,Admin,Alice Johnson,False,2026-07-15 16:29:28.699310
AR004490,EMP00397,William Cook,Finance,GitHub,Admin,David Brown,False,2026-02-10 16:29:28.699310
AR004491,EMP00111,Jasmine Howell,Engineering,Salesforce,Read,Carol Davis,True,2025-09-27 16:29:28.699310
AR004492,EMP00010,Teresa Booth,Engineering,Active Directory,Write,Bob Smith,False,2025-12-24 16:29:28.699310
AR004493,EMP00497,Melissa Andrade,Operations,Salesforce,Write,Bob Smith,True,2025-12-16 16:29:28.699310
AR004494,EMP00293,Cristian Harris,Human Resources,GitHub,Admin,Alice Johnson,True,2025-08-03 16:29:28.699310
AR004495,EMP00027,Anthony Walton,Security,Active Directory,Admin,Bob Smith,False,2026-04-10 16:29:28.699310
AR004496,EMP00009,Hayden Young,IT,Azure,Read,Bob Smith,True,2026-03-31 16:29:28.699310
AR004497,EMP00116,Penny Frazier,Human Resources,ServiceNow,Write,Bob Smith,False,2025-08-04 16:29:28.699310
AR004498,EMP00488,Christopher Perez,Security,AWS,Admin,Alice Johnson,True,2025-09-28 16:29:28.699310
AR004499,EMP00181,Michelle Gill,Legal,Active Directory,Write,Carol Davis,True,2025-12-17 16:29:28.699310
AR004500,EMP00265,William Lee,Human Resources,AWS,Read,David Brown,True,2026-07-27 16:29:28.699310
AR004501,EMP00409,Jessica Warner,Security,GitHub,Write,David Brown,True,2026-05-29 16:29:28.699310
AR004502,EMP00410,Jesse Watkins,IT,Azure,Admin,Carol Davis,True,2026-01-09 16:29:28.699310
AR004503,EMP00163,Misty Rice,IT,AWS,Write,David Brown,True,2026-01-17 16:29:28.699310
AR004504,EMP00357,Kimberly Scott,Operations,ServiceNow,Read,Alice Johnson,True,2025-11-18 16:29:28.699310
AR004505,EMP00103,Laura James,Finance,Active Directory,Read,Bob Smith,False,2026-02-13 16:29:28.699310
AR004506,EMP00330,Sharon Crawford,Legal,Active Directory,Write,Carol Davis,False,2026-02-22 16:29:28.699310
AR004507,EMP00248,Breanna Gomez,Operations,GitHub,Admin,Alice Johnson,False,2026-01-05 16:29:28.699310
AR004508,EMP00102,Jake Barker,Security,GitHub,Admin,Bob Smith,False,2026-03-12 16:29:28.699310
AR004509,EMP00163,Misty Rice,IT,Azure,Read,David Brown,True,2026-07-03 16:29:28.699310
AR004510,EMP00198,Crystal Flores,IT,Azure,Write,Alice Johnson,False,2026-04-25 16:29:28.699310
AR004511,EMP00427,Thomas Tucker,Engineering,ServiceNow,Admin,Carol Davis,False,2026-05-27 16:29:28.699310
AR004512,EMP00184,Courtney Lewis,Finance,Azure,Write,Alice Johnson,False,2026-07-20 16:29:28.699310
AR004513,EMP00163,Misty Rice,IT,Active Directory,Write,David Brown,False,2026-03-12 16:29:28.699310
AR004514,EMP00388,Kari Pace,Legal,Azure,Read,Alice Johnson,True,2025-09-17 16:29:28.699310
AR004515,EMP00478,Charles Henderson,IT,Active Directory,Admin,Alice Johnson,True,2026-06-15 16:29:28.699310
AR004516,EMP00479,Jennifer Salazar,Security,Active Directory,Write,David Brown,False,2025-09-10 16:29:28.699310
AR004517,EMP00291,Mario Bailey,Engineering,GitHub,Write,David Brown,True,2026-01-29 16:29:28.699310
AR004518,EMP00433,Tyler Garcia,Operations,GitHub,Write,Bob Smith,True,2026-05-27 16:29:28.699310
AR004519,EMP00286,Andrea Rice,Security,ServiceNow,Admin,David Brown,False,2026-06-05 16:29:28.699310
AR004520,EMP00447,Kevin Frederick,Security,Azure,Write,Bob Smith,True,2025-08-13 16:29:28.699310
AR004521,EMP00009,Hayden Young,IT,ServiceNow,Admin,David Brown,True,2025-09-19 16:29:28.699310
AR004522,EMP00043,Danielle Silva,Operations,AWS,Read,Bob Smith,True,2025-08-24 16:29:28.699310
AR004523,EMP00401,Tammy Chavez,Security,ServiceNow,Write,Bob Smith,True,2026-04-10 16:29:28.699310
AR004524,EMP00294,Shannon Roy,Security,AWS,Write,David Brown,False,2026-04-09 16:29:28.699310
AR004525,EMP00198,Crystal Flores,IT,GitHub,Write,Bob Smith,False,2026-03-14 16:29:28.699310
AR004526,EMP00193,Christina Richardson,Operations,AWS,Write,Carol Davis,False,2026-04-18 16:29:28.699310
AR004527,EMP00345,William Lewis,Engineering,GitHub,Write,Bob Smith,False,2026-06-14 16:29:28.699310
AR004528,EMP00166,Robert Patterson,Engineering,Salesforce,Admin,David Brown,True,2026-05-26 16:29:28.699310
AR004529,EMP00258,Denise Williams,Human Resources,Salesforce,Read,Carol Davis,True,2025-09-16 16:29:28.699310
AR004530,EMP00352,Ashley Koch,Engineering,Active Directory,Read,Carol Davis,False,2026-05-13 16:29:28.699310
AR004531,EMP00474,Ricardo Perez,Legal,AWS,Write,Alice Johnson,False,2025-10-13 16:29:28.699310
AR004532,EMP00438,Michael Fisher,IT,Azure,Read,Bob Smith,False,2025-09-06 16:29:28.699310
AR004533,EMP00420,Jeremy Lopez,Legal,GitHub,Read,Alice Johnson,False,2026-05-23 16:29:28.699310
AR004534,EMP00198,Crystal Flores,IT,Active Directory,Write,David Brown,False,2026-02-06 16:29:28.699310
AR004535,EMP00386,Shawn Leblanc,Human Resources,ServiceNow,Write,David Brown,True,2026-05-21 16:29:28.699310
AR004536,EMP00102,Jake Barker,Security,GitHub,Admin,David Brown,False,2026-06-02 16:29:28.699310
AR004537,EMP00344,Kent Carter,Finance,ServiceNow,Admin,Alice Johnson,False,2025-11-12 16:29:28.699310
AR004538,EMP00320,David Ayala,Security,Azure,Read,Carol Davis,False,2026-03-24 16:29:28.699310
AR004539,EMP00411,Renee Davis,Operations,Salesforce,Write,Carol Davis,True,2026-01-02 16:29:28.699310
AR004540,EMP00024,Michael Roberts,Human Resources,Azure,Admin,David Brown,False,2026-01-16 16:29:28.699310
AR004541,EMP00201,Becky Ferguson,IT,GitHub,Admin,Alice Johnson,False,2025-12-28 16:29:28.699310
AR004542,EMP00343,Dominique Franklin,Security,Azure,Admin,Alice Johnson,True,2026-05-30 16:29:28.699310
AR004543,EMP00321,Dr. Shari Waters MD,Legal,Salesforce,Admin,David Brown,False,2026-02-12 16:29:28.699310
AR004544,EMP00420,Jeremy Lopez,Legal,Azure,Write,Alice Johnson,False,2026-02-20 16:29:28.699310
AR004545,EMP00084,Stephanie Wyatt,Security,AWS,Write,Bob Smith,True,2026-04-10 16:29:28.699310
AR004546,EMP00378,Norman Jackson,Human Resources,ServiceNow,Read,Carol Davis,False,2026-01-22 16:29:28.699310
AR004547,EMP00008,Nathaniel Green,Operations,GitHub,Write,David Brown,False,2026-06-13 16:29:28.699310
AR004548,EMP00280,Benjamin Gray,Legal,Salesforce,Write,Carol Davis,False,2026-03-07 16:29:28.699310
AR004549,EMP00271,Lori Lamb,Operations,Active Directory,Write,Bob Smith,False,2026-04-22 16:29:28.699310
AR004550,EMP00251,Amy Merritt,Finance,ServiceNow,Read,David Brown,False,2026-03-28 16:29:28.699310
AR004551,EMP00089,Andrew Schmidt,Human Resources,ServiceNow,Admin,Alice Johnson,False,2026-01-22 16:29:28.699310
AR004552,EMP00133,Cynthia Woodward,Operations,AWS,Read,David Brown,True,2026-05-16 16:29:28.699310
AR004553,EMP00246,Jennifer Bates,Legal,AWS,Admin,Bob Smith,False,2025-10-28 16:29:28.699310
AR004554,EMP00052,Joshua Jones,Engineering,Azure,Write,Bob Smith,False,2025-08-18 16:29:28.699310
AR004555,EMP00067,Jennifer Richardson,Engineering,GitHub,Write,Carol Davis,True,2026-06-12 16:29:28.699310
AR004556,EMP00454,Sarah Phillips,Human Resources,Active Directory,Admin,David Brown,True,2025-12-16 16:29:28.699310
AR004557,EMP00352,Ashley Koch,Engineering,GitHub,Admin,Alice Johnson,True,2025-11-02 16:29:28.699310
AR004558,EMP00450,Sheryl Stone,Engineering,ServiceNow,Admin,David Brown,False,2026-04-16 16:29:28.699310
AR004559,EMP00437,Elizabeth Sanchez,Legal,AWS,Admin,Carol Davis,True,2026-06-01 16:29:28.699310
AR004560,EMP00201,Becky Ferguson,IT,Azure,Write,Alice Johnson,True,2025-08-15 16:29:28.699310
AR004561,EMP00391,Susan Green,Human Resources,Salesforce,Read,Bob Smith,True,2026-06-30 16:29:28.699310
AR004562,EMP00416,Victoria Silva,Legal,AWS,Admin,Bob Smith,False,2026-04-13 16:29:28.699310
AR004563,EMP00141,William Durham,Finance,Active Directory,Write,Alice Johnson,False,2025-10-04 16:29:28.699310
AR004564,EMP00363,Leslie Johnson,Operations,GitHub,Admin,David Brown,True,2026-04-24 16:29:28.699310
AR004565,EMP00150,Kyle Cain,Security,Azure,Admin,David Brown,False,2025-11-29 16:29:28.699310
AR004566,EMP00289,Sean Hernandez,Finance,ServiceNow,Read,Bob Smith,True,2026-04-20 16:29:28.699310
AR004567,EMP00133,Cynthia Woodward,Operations,GitHub,Write,David Brown,False,2026-06-21 16:29:28.699310
AR004568,EMP00176,Anthony Burns,Security,Active Directory,Write,Carol Davis,False,2026-03-08 16:29:28.699310
AR004569,EMP00412,Charles Rogers,Operations,ServiceNow,Admin,Alice Johnson,True,2025-11-19 16:29:28.699310
AR004570,EMP00063,Tricia Moody,Operations,GitHub,Read,Alice Johnson,False,2025-09-19 16:29:28.699310
AR004571,EMP00140,Samantha Erickson,Finance,AWS,Write,Alice Johnson,False,2026-05-01 16:29:28.699310
AR004572,EMP00450,Sheryl Stone,Engineering,ServiceNow,Admin,Bob Smith,True,2026-06-26 16:29:28.699310
AR004573,EMP00191,Kristy Cruz,Security,Active Directory,Read,Bob Smith,True,2026-02-01 16:29:28.699310
AR004574,EMP00487,Jason Richardson,IT,AWS,Write,Bob Smith,True,2026-07-02 16:29:28.699310
AR004575,EMP00472,Thomas Calderon,Human Resources,Azure,Admin,Bob Smith,True,2026-07-02 16:29:28.699310
AR004576,EMP00274,Stephanie Landry,Security,AWS,Write,Carol Davis,False,2025-12-16 16:29:28.699310
AR004577,EMP00320,David Ayala,Security,ServiceNow,Read,David Brown,False,2025-08-05 16:29:28.699310
AR004578,EMP00272,Shannon Hicks,Human Resources,GitHub,Write,Bob Smith,False,2025-11-19 16:29:28.699310
AR004579,EMP00354,Monica Craig,Human Resources,AWS,Admin,Carol Davis,False,2026-06-14 16:29:28.699310
AR004580,EMP00371,Karen Harper,Finance,Azure,Admin,Bob Smith,True,2026-04-09 16:29:28.699310
AR004581,EMP00034,Mark Mason,Security,AWS,Read,Bob Smith,False,2026-03-22 16:29:28.699310
AR004582,EMP00415,Dave Gutierrez,Human Resources,Azure,Read,Bob Smith,False,2026-05-12 16:29:28.699310
AR004583,EMP00459,Katrina Murphy,Legal,AWS,Read,Bob Smith,False,2026-03-14 16:29:28.699310
AR004584,EMP00016,Stacey Jenkins,Engineering,Salesforce,Admin,Carol Davis,True,2026-01-21 16:29:28.699310
AR004585,EMP00164,Mary Meyer,IT,Salesforce,Read,Carol Davis,False,2026-04-19 16:29:28.699310
AR004586,EMP00132,Megan Scott,Finance,GitHub,Admin,Alice Johnson,False,2025-12-20 16:29:28.699310
AR004587,EMP00318,Traci Edwards,Security,AWS,Read,Carol Davis,False,2026-06-10 16:29:28.699310
AR004588,EMP00330,Sharon Crawford,Legal,GitHub,Admin,Alice Johnson,False,2025-11-01 16:29:28.699310
AR004589,EMP00168,Maxwell Munoz,IT,AWS,Write,Carol Davis,False,2025-12-02 16:29:28.699310
AR004590,EMP00479,Jennifer Salazar,Security,ServiceNow,Write,David Brown,False,2026-05-23 16:29:28.699310
AR004591,EMP00122,Caitlin Williams,Legal,GitHub,Read,Alice Johnson,True,2026-04-18 16:29:28.699310
AR004592,EMP00190,Regina Turner,Legal,Active Directory,Write,David Brown,False,2026-07-01 16:29:28.699310
AR004593,EMP00175,Janice Alvarez,Finance,Active Directory,Admin,David Brown,False,2025-11-11 16:29:28.699310
AR004594,EMP00011,Justin White,Security,AWS,Write,Carol Davis,False,2026-07-28 16:29:28.699310
AR004595,EMP00267,Anthony Alexander,Finance,AWS,Admin,Bob Smith,True,2025-09-30 16:29:28.699310
AR004596,EMP00451,James Watson,Legal,AWS,Admin,David Brown,True,2026-07-18 16:29:28.699310
AR004597,EMP00366,Stacey Jimenez,Security,ServiceNow,Read,Bob Smith,True,2025-12-13 16:29:28.699310
AR004598,EMP00074,Melissa Monroe,Human Resources,GitHub,Admin,Carol Davis,False,2026-01-18 16:29:28.699310
AR004599,EMP00127,Frank Roy,Human Resources,Salesforce,Read,Bob Smith,True,2026-04-14 16:29:28.699310
AR004600,EMP00110,Steven Nichols,Security,Salesforce,Write,David Brown,True,2026-03-13 16:29:28.699310
AR004601,EMP00497,Melissa Andrade,Operations,Salesforce,Write,Bob Smith,True,2026-03-01 16:29:28.699310
AR004602,EMP00388,Kari Pace,Legal,ServiceNow,Admin,Bob Smith,False,2026-02-02 16:29:28.699310
AR004603,EMP00454,Sarah Phillips,Human Resources,GitHub,Admin,David Brown,False,2026-01-28 16:29:28.699310
AR004604,EMP00206,Laura Cook,Operations,ServiceNow,Write,David Brown,False,2026-03-08 16:29:28.699310
AR004605,EMP00398,Jonathan Torres,Human Resources,GitHub,Admin,David Brown,True,2026-05-30 16:29:28.699310
AR004606,EMP00431,Mark King,Human Resources,Azure,Admin,Alice Johnson,True,2026-07-18 16:29:28.699310
AR004607,EMP00004,Lisa Pierce,IT,Salesforce,Read,David Brown,False,2025-11-20 16:29:28.699310
AR004608,EMP00055,Benjamin White,IT,GitHub,Read,Bob Smith,True,2025-08-20 16:29:28.699310
AR004609,EMP00264,Carl Stafford,Finance,GitHub,Write,Carol Davis,True,2026-01-22 16:29:28.699310
AR004610,EMP00262,Lisa White,Human Resources,GitHub,Admin,David Brown,False,2026-01-14 16:29:28.699310
AR004611,EMP00137,Heather Mccormick,IT,ServiceNow,Write,David Brown,True,2026-03-08 16:29:28.699310
AR004612,EMP00375,Tina Ochoa,Legal,Salesforce,Write,David Brown,True,2025-12-13 16:29:28.699310
AR004613,EMP00344,Kent Carter,Finance,Salesforce,Admin,Carol Davis,False,2026-04-30 16:29:28.699310
AR004614,EMP00102,Jake Barker,Security,Azure,Write,Bob Smith,False,2026-04-21 16:29:28.699310
AR004615,EMP00112,Natalie Friedman,Security,Salesforce,Write,Bob Smith,True,2026-05-29 16:29:28.699310
AR004616,EMP00490,Brandon Bradford,Human Resources,AWS,Admin,Bob Smith,True,2026-04-06 16:29:28.699310
AR004617,EMP00161,Devon Neal,Human Resources,AWS,Admin,Alice Johnson,True,2025-10-03 16:29:28.699310
AR004618,EMP00500,Daniel Hall,Human Resources,Azure,Admin,David Brown,True,2025-11-05 16:29:28.699310
AR004619,EMP00265,William Lee,Human Resources,Salesforce,Write,Carol Davis,True,2025-10-26 16:29:28.699310
AR004620,EMP00191,Kristy Cruz,Security,GitHub,Write,Carol Davis,True,2025-12-14 16:29:28.699310
AR004621,EMP00380,Dennis Garrett,IT,ServiceNow,Write,Alice Johnson,True,2025-10-16 16:29:28.699310
AR004622,EMP00334,Kelly Reese,Human Resources,AWS,Write,Carol Davis,True,2025-12-26 16:29:28.699310
AR004623,EMP00330,Sharon Crawford,Legal,Active Directory,Write,Alice Johnson,True,2026-01-20 16:29:28.699310
AR004624,EMP00280,Benjamin Gray,Legal,Azure,Admin,Carol Davis,False,2025-09-02 16:29:28.699310
AR004625,EMP00119,Misty Brandt,Finance,Active Directory,Read,Bob Smith,True,2026-06-20 16:29:28.699310
AR004626,EMP00467,Elaine Rice,Security,ServiceNow,Read,David Brown,True,2025-09-26 16:29:28.699310
AR004627,EMP00236,Heidi Chambers,Engineering,Salesforce,Admin,Bob Smith,True,2026-05-24 16:29:28.699310
AR004628,EMP00490,Brandon Bradford,Human Resources,ServiceNow,Write,Bob Smith,False,2025-10-27 16:29:28.699310
AR004629,EMP00195,Aaron Anderson,Human Resources,Azure,Write,David Brown,True,2025-10-28 16:29:28.699310
AR004630,EMP00074,Melissa Monroe,Human Resources,Azure,Read,Alice Johnson,False,2026-07-22 16:29:28.699310
AR004631,EMP00003,Natasha Obrien,Engineering,Salesforce,Admin,Bob Smith,False,2025-10-29 16:29:28.699310
AR004632,EMP00350,Brandon Allison,Engineering,GitHub,Read,Bob Smith,True,2026-05-08 16:29:28.699310
AR004633,EMP00388,Kari Pace,Legal,Salesforce,Admin,Carol Davis,True,2025-11-06 16:29:28.699310
AR004634,EMP00377,Vanessa Winters,Operations,GitHub,Admin,Alice Johnson,True,2026-06-06 16:29:28.699310
AR004635,EMP00137,Heather Mccormick,IT,Salesforce,Read,David Brown,True,2025-10-02 16:29:28.699310
AR004636,EMP00062,Mariah Duncan,Finance,AWS,Admin,Alice Johnson,False,2026-03-13 16:29:28.699310
AR004637,EMP00237,Deborah Hall,Security,ServiceNow,Write,Carol Davis,True,2026-07-26 16:29:28.699310
AR004638,EMP00092,Micheal Barajas,Security,Active Directory,Write,David Brown,False,2026-06-07 16:29:28.699310
AR004639,EMP00472,Thomas Calderon,Human Resources,ServiceNow,Admin,David Brown,False,2025-09-21 16:29:28.699310
AR004640,EMP00499,Ryan Cummings,Human Resources,Azure,Admin,Carol Davis,False,2025-11-23 16:29:28.699310
AR004641,EMP00384,Stephanie Cook,Finance,Active Directory,Admin,Bob Smith,False,2026-07-28 16:29:28.699310
AR004642,EMP00248,Breanna Gomez,Operations,Active Directory,Admin,Alice Johnson,False,2025-11-12 16:29:28.699310
AR004643,EMP00118,Nicole Orr,Finance,Salesforce,Admin,Alice Johnson,True,2025-11-25 16:29:28.699310
AR004644,EMP00027,Anthony Walton,Security,ServiceNow,Write,Bob Smith,True,2026-04-20 16:29:28.699310
AR004645,EMP00474,Ricardo Perez,Legal,Active Directory,Admin,Alice Johnson,False,2025-12-02 16:29:28.699310
AR004646,EMP00326,Jennifer Miller,Security,Active Directory,Write,David Brown,True,2025-09-05 16:29:28.699310
AR004647,EMP00047,Connie Ward,Human Resources,Azure,Admin,Carol Davis,False,2026-03-22 16:29:28.699310
AR004648,EMP00389,Elizabeth Patel,Security,ServiceNow,Write,Carol Davis,False,2025-08-04 16:29:28.699310
AR004649,EMP00385,Beth Nichols,Security,Active Directory,Write,Bob Smith,False,2026-02-07 16:29:28.699310
AR004650,EMP00445,Patricia Joseph,Finance,GitHub,Admin,David Brown,True,2026-05-27 16:29:28.699310
AR004651,EMP00069,Molly Schaefer,Operations,ServiceNow,Read,Bob Smith,False,2026-07-04 16:29:28.699310
AR004652,EMP00290,Emily Nelson,Human Resources,ServiceNow,Read,Bob Smith,True,2025-12-12 16:29:28.699310
AR004653,EMP00469,Brian Pham,IT,Active Directory,Write,David Brown,False,2026-04-29 16:29:28.699310
AR004654,EMP00139,Pamela Howard,Finance,Active Directory,Admin,David Brown,True,2026-03-27 16:29:28.699310
AR004655,EMP00463,Justin Webster,Human Resources,AWS,Read,Alice Johnson,True,2025-10-06 16:29:28.699310
AR004656,EMP00217,Monica Castillo,Legal,Azure,Admin,Bob Smith,False,2026-04-28 16:29:28.699310
AR004657,EMP00135,Steven Dunn,Engineering,AWS,Admin,David Brown,False,2026-04-09 16:29:28.699310
AR004658,EMP00156,Michelle Thompson,Human Resources,Azure,Admin,Bob Smith,True,2026-07-03 16:29:28.699310
AR004659,EMP00443,Michelle Richardson,Human Resources,ServiceNow,Admin,Alice Johnson,False,2026-05-27 16:29:28.699310
AR004660,EMP00194,Samantha Whitaker,IT,GitHub,Admin,David Brown,True,2025-11-17 16:29:28.699310
AR004661,EMP00483,Shannon Peterson,Operations,Active Directory,Admin,Carol Davis,True,2026-04-21 16:29:28.699310
AR004662,EMP00376,George Hutchinson,Engineering,ServiceNow,Read,Alice Johnson,False,2025-11-16 16:29:28.699310
AR004663,EMP00484,Joseph Gomez,Finance,Azure,Write,Bob Smith,True,2025-12-26 16:29:28.699310
AR004664,EMP00196,Melissa Dudley,Engineering,Azure,Admin,Bob Smith,True,2025-10-10 16:29:28.699310
AR004665,EMP00250,Marcus Schroeder,Engineering,Salesforce,Admin,Bob Smith,False,2026-03-01 16:29:28.699310
AR004666,EMP00173,David Stephenson,Engineering,GitHub,Read,Carol Davis,True,2026-02-16 16:29:28.699310
AR004667,EMP00155,Kenneth Miranda,Engineering,AWS,Write,Bob Smith,False,2026-01-21 16:29:28.699310
AR004668,EMP00009,Hayden Young,IT,GitHub,Read,David Brown,True,2026-02-06 16:29:28.699310
AR004669,EMP00396,Brittany Lynn,IT,AWS,Write,Bob Smith,False,2026-02-07 16:29:28.699310
AR004670,EMP00112,Natalie Friedman,Security,AWS,Read,David Brown,True,2026-03-14 16:29:28.699310
AR004671,EMP00105,David Rose,IT,AWS,Write,Alice Johnson,True,2025-11-02 16:29:28.699310
AR004672,EMP00420,Jeremy Lopez,Legal,Azure,Read,Bob Smith,True,2026-04-01 16:29:28.699310
AR004673,EMP00138,Felicia Carroll,Legal,Azure,Read,Bob Smith,False,2026-04-10 16:29:28.699310
AR004674,EMP00236,Heidi Chambers,Engineering,AWS,Admin,Bob Smith,True,2025-11-12 16:29:28.699310
AR004675,EMP00212,Sean Franco,IT,AWS,Admin,Carol Davis,True,2026-04-23 16:29:28.699310
AR004676,EMP00002,Curtis Archer,Security,Active Directory,Write,Bob Smith,True,2026-06-24 16:29:28.699310
AR004677,EMP00212,Sean Franco,IT,ServiceNow,Write,Alice Johnson,True,2026-01-16 16:29:28.699310
AR004678,EMP00266,Stephen Lloyd,IT,GitHub,Read,David Brown,True,2026-02-19 16:29:28.699310
AR004679,EMP00222,Leah Dennis,Human Resources,Active Directory,Write,David Brown,True,2025-08-11 16:29:28.699310
AR004680,EMP00036,Rose Henderson,Human Resources,Salesforce,Write,Carol Davis,True,2025-08-11 16:29:28.699310
AR004681,EMP00083,Michelle Williams,Engineering,ServiceNow,Admin,Alice Johnson,True,2026-04-21 16:29:28.699310
AR004682,EMP00127,Frank Roy,Human Resources,AWS,Read,David Brown,False,2026-01-29 16:29:28.699310
AR004683,EMP00389,Elizabeth Patel,Security,AWS,Write,Carol Davis,True,2025-09-01 16:29:28.699310
AR004684,EMP00380,Dennis Garrett,IT,Active Directory,Write,David Brown,False,2025-11-24 16:29:28.699310
AR004685,EMP00089,Andrew Schmidt,Human Resources,Salesforce,Admin,Carol Davis,True,2026-05-06 16:29:28.699310
AR004686,EMP00324,Donna Smith,Finance,ServiceNow,Write,Alice Johnson,False,2026-05-01 16:29:28.699310
AR004687,EMP00158,Cassie Hoffman,Security,GitHub,Read,Alice Johnson,False,2026-03-20 16:29:28.699310
AR004688,EMP00176,Anthony Burns,Security,Active Directory,Admin,David Brown,False,2025-12-21 16:29:28.699310
AR004689,EMP00447,Kevin Frederick,Security,AWS,Write,Alice Johnson,True,2026-05-06 16:29:28.699310
AR004690,EMP00470,Teresa Guerrero,Finance,Active Directory,Read,Bob Smith,True,2026-05-23 16:29:28.699310
AR004691,EMP00059,Benjamin Johnson,IT,Salesforce,Write,Alice Johnson,False,2025-09-21 16:29:28.699310
AR004692,EMP00309,Marcus Schwartz,Human Resources,AWS,Read,David Brown,False,2026-04-08 16:29:28.699310
AR004693,EMP00289,Sean Hernandez,Finance,Salesforce,Admin,Bob Smith,True,2026-07-15 16:29:28.699310
AR004694,EMP00216,Elizabeth Sellers,Legal,ServiceNow,Admin,Carol Davis,True,2025-11-06 16:29:28.699310
AR004695,EMP00074,Melissa Monroe,Human Resources,AWS,Admin,David Brown,False,2025-09-11 16:29:28.699310
AR004696,EMP00444,Sarah Shelton,Operations,AWS,Write,David Brown,True,2026-06-30 16:29:28.699310
AR004697,EMP00445,Patricia Joseph,Finance,Salesforce,Admin,Carol Davis,True,2026-05-16 16:29:28.699310
AR004698,EMP00006,Austin Benson,Legal,Active Directory,Read,Carol Davis,True,2026-02-15 16:29:28.699310
AR004699,EMP00341,Scott Lopez,Legal,ServiceNow,Admin,Carol Davis,False,2026-07-23 16:29:28.699310
AR004700,EMP00118,Nicole Orr,Finance,AWS,Write,Bob Smith,True,2025-09-11 16:29:28.699310
AR004701,EMP00416,Victoria Silva,Legal,AWS,Write,David Brown,False,2025-12-27 16:29:28.699310
AR004702,EMP00432,Jennifer Torres,Human Resources,GitHub,Write,Alice Johnson,True,2026-06-11 16:29:28.699310
AR004703,EMP00248,Breanna Gomez,Operations,AWS,Read,David Brown,False,2026-01-01 16:29:28.699310
AR004704,EMP00145,Michael Adams,Finance,AWS,Write,Alice Johnson,True,2026-04-26 16:29:28.699310
AR004705,EMP00120,Scott Lopez,Engineering,Active Directory,Read,Carol Davis,False,2025-11-06 16:29:28.699310
AR004706,EMP00341,Scott Lopez,Legal,Azure,Admin,David Brown,True,2026-04-17 16:29:28.699310
AR004707,EMP00385,Beth Nichols,Security,AWS,Admin,David Brown,True,2026-02-03 16:29:28.699310
AR004708,EMP00016,Stacey Jenkins,Engineering,Active Directory,Read,Carol Davis,False,2026-01-09 16:29:28.699310
AR004709,EMP00040,Daniel Chavez,Operations,ServiceNow,Admin,Bob Smith,True,2026-07-24 16:29:28.699310
AR004710,EMP00448,Michelle Cole,Security,GitHub,Read,Alice Johnson,False,2026-06-10 16:29:28.699310
AR004711,EMP00309,Marcus Schwartz,Human Resources,Azure,Read,Alice Johnson,True,2026-02-02 16:29:28.699310
AR004712,EMP00015,John Tate,Operations,AWS,Write,David Brown,True,2026-04-07 16:29:28.699310
AR004713,EMP00006,Austin Benson,Legal,GitHub,Admin,David Brown,True,2026-05-31 16:29:28.699310
AR004714,EMP00262,Lisa White,Human Resources,Active Directory,Read,Carol Davis,True,2026-07-05 16:29:28.699310
AR004715,EMP00326,Jennifer Miller,Security,AWS,Read,Alice Johnson,False,2026-01-27 16:29:28.699310
AR004716,EMP00446,Mrs. Autumn Wyatt,Legal,Azure,Write,Alice Johnson,True,2026-03-07 16:29:28.699310
AR004717,EMP00124,Raymond Mullen,Finance,AWS,Read,David Brown,False,2026-06-25 16:29:28.699310
AR004718,EMP00473,Zachary Martinez,Human Resources,Active Directory,Write,Alice Johnson,False,2026-03-20 16:29:28.699310
AR004719,EMP00372,Jessica Hill,Engineering,ServiceNow,Admin,David Brown,True,2026-01-08 16:29:28.699310
AR004720,EMP00094,Victoria Austin,Engineering,Active Directory,Admin,Bob Smith,True,2025-08-08 16:29:28.699310
AR004721,EMP00437,Elizabeth Sanchez,Legal,GitHub,Write,Bob Smith,True,2025-12-18 16:29:28.699310
AR004722,EMP00064,Dr. Roberto Garner,Engineering,AWS,Admin,David Brown,True,2026-05-01 16:29:28.699310
AR004723,EMP00440,Tiffany Brown,Legal,ServiceNow,Write,Alice Johnson,False,2025-09-24 16:29:28.699310
AR004724,EMP00388,Kari Pace,Legal,Salesforce,Admin,David Brown,False,2025-11-24 16:29:28.699310
AR004725,EMP00020,Jonathan Davis,IT,AWS,Read,Alice Johnson,False,2026-06-26 16:29:28.699310
AR004726,EMP00059,Benjamin Johnson,IT,Active Directory,Write,Carol Davis,False,2026-01-15 16:29:28.699310
AR004727,EMP00054,Shelly Rios,IT,ServiceNow,Write,Bob Smith,False,2026-05-14 16:29:28.699310
AR004728,EMP00376,George Hutchinson,Engineering,Azure,Write,Alice Johnson,False,2025-08-09 16:29:28.699310
AR004729,EMP00152,Amber Maddox,Operations,Azure,Admin,Bob Smith,False,2026-02-26 16:29:28.699310
AR004730,EMP00017,Taylor Mccormick,Engineering,Active Directory,Write,Bob Smith,True,2025-12-21 16:29:28.699310
AR004731,EMP00040,Daniel Chavez,Operations,GitHub,Write,David Brown,False,2025-10-20 16:29:28.699310
AR004732,EMP00328,Stacey Barajas,Engineering,Azure,Write,David Brown,True,2025-11-21 16:29:28.699310
AR004733,EMP00095,Steven Gardner,Engineering,Active Directory,Read,Carol Davis,False,2026-05-10 16:29:28.699310
AR004734,EMP00149,Sabrina Hoffman,IT,Active Directory,Admin,Bob Smith,False,2026-01-10 16:29:28.699310
AR004735,EMP00415,Dave Gutierrez,Human Resources,Azure,Read,Alice Johnson,False,2025-10-13 16:29:28.699310
AR004736,EMP00268,Justin Blankenship,Human Resources,ServiceNow,Read,Bob Smith,False,2026-01-09 16:29:28.699310
AR004737,EMP00150,Kyle Cain,Security,GitHub,Read,Carol Davis,True,2026-06-22 16:29:28.699310
AR004738,EMP00155,Kenneth Miranda,Engineering,ServiceNow,Admin,David Brown,True,2026-05-03 16:29:28.699310
AR004739,EMP00203,Colleen Walker,Engineering,AWS,Read,David Brown,True,2026-03-25 16:29:28.699310
AR004740,EMP00204,Charles Wilcox,Human Resources,Active Directory,Read,Carol Davis,True,2026-07-22 16:29:28.699310
AR004741,EMP00043,Danielle Silva,Operations,ServiceNow,Admin,Bob Smith,True,2026-04-29 16:29:28.699310
AR004742,EMP00396,Brittany Lynn,IT,AWS,Write,Bob Smith,False,2026-04-04 16:29:28.699310
AR004743,EMP00176,Anthony Burns,Security,ServiceNow,Admin,Carol Davis,True,2026-05-22 16:29:28.699310
AR004744,EMP00010,Teresa Booth,Engineering,AWS,Read,Carol Davis,True,2026-05-08 16:29:28.699310
AR004745,EMP00396,Brittany Lynn,IT,ServiceNow,Admin,Alice Johnson,False,2026-02-07 16:29:28.699310
AR004746,EMP00286,Andrea Rice,Security,Azure,Read,Bob Smith,False,2026-06-07 16:29:28.699310
AR004747,EMP00384,Stephanie Cook,Finance,Active Directory,Write,Alice Johnson,True,2025-12-25 16:29:28.699310
AR004748,EMP00087,Steven Schneider,Operations,Azure,Admin,David Brown,False,2026-04-16 16:29:28.699310
AR004749,EMP00130,Michele Thomas,IT,Azure,Write,David Brown,True,2026-07-06 16:29:28.699310
AR004750,EMP00462,Michael Graham,Engineering,Salesforce,Read,Carol Davis,True,2025-11-17 16:29:28.699310
AR004751,EMP00126,Isabel Perez,Engineering,Salesforce,Read,David Brown,False,2026-04-22 16:29:28.699310
AR004752,EMP00313,Darren Middleton,Human Resources,Azure,Write,Carol Davis,True,2026-07-18 16:29:28.699310
AR004753,EMP00279,Christian Gomez,Finance,Active Directory,Admin,Alice Johnson,False,2026-04-21 16:29:28.699310
AR004754,EMP00466,Jody Hoffman,Security,Azure,Write,Bob Smith,True,2025-09-15 16:29:28.699310
AR004755,EMP00078,Deborah Cooper MD,Security,ServiceNow,Read,David Brown,False,2025-08-19 16:29:28.699310
AR004756,EMP00150,Kyle Cain,Security,Azure,Write,Bob Smith,False,2026-04-09 16:29:28.699310
AR004757,EMP00269,Travis Johnson,Security,AWS,Read,David Brown,True,2025-10-04 16:29:28.699310
AR004758,EMP00314,Charles Tucker,Human Resources,GitHub,Write,Bob Smith,False,2026-05-31 16:29:28.699310
AR004759,EMP00378,Norman Jackson,Human Resources,Azure,Read,Carol Davis,False,2025-11-18 16:29:28.699310
AR004760,EMP00239,Jimmy Hernandez,Operations,ServiceNow,Read,David Brown,False,2026-06-20 16:29:28.699310
AR004761,EMP00142,Brian Gilmore,Legal,GitHub,Admin,David Brown,False,2026-03-24 16:29:28.699310
AR004762,EMP00067,Jennifer Richardson,Engineering,Active Directory,Admin,Bob Smith,False,2026-02-18 16:29:28.699310
AR004763,EMP00046,Jorge Fisher,Legal,ServiceNow,Write,Alice Johnson,True,2026-02-20 16:29:28.699310
AR004764,EMP00162,Erica Garcia,Legal,Salesforce,Admin,Carol Davis,False,2026-01-27 16:29:28.699310
AR004765,EMP00093,Cody Taylor,Legal,Salesforce,Read,Bob Smith,False,2026-01-21 16:29:28.699310
AR004766,EMP00254,Larry Garcia,IT,ServiceNow,Write,Carol Davis,False,2026-06-24 16:29:28.699310
AR004767,EMP00499,Ryan Cummings,Human Resources,AWS,Write,Bob Smith,False,2026-07-16 16:29:28.699310
AR004768,EMP00093,Cody Taylor,Legal,Active Directory,Admin,Alice Johnson,True,2025-08-04 16:29:28.699310
AR004769,EMP00323,Tyler Grant,Security,ServiceNow,Write,David Brown,True,2026-07-06 16:29:28.699310
AR004770,EMP00052,Joshua Jones,Engineering,Active Directory,Admin,Carol Davis,True,2026-03-08 16:29:28.699310
AR004771,EMP00019,Alan Yu,IT,AWS,Admin,Alice Johnson,True,2026-03-11 16:29:28.699310
AR004772,EMP00216,Elizabeth Sellers,Legal,Salesforce,Read,Alice Johnson,False,2025-10-25 16:29:28.699310
AR004773,EMP00459,Katrina Murphy,Legal,ServiceNow,Write,Bob Smith,False,2025-12-18 16:29:28.699310
AR004774,EMP00017,Taylor Mccormick,Engineering,AWS,Write,Carol Davis,False,2025-10-14 16:29:28.699310
AR004775,EMP00355,Terry Alexander,IT,ServiceNow,Write,Alice Johnson,False,2026-06-26 16:29:28.699310
AR004776,EMP00182,Megan Harris,Finance,Azure,Admin,Bob Smith,False,2025-09-06 16:29:28.699310
AR004777,EMP00205,Michael Hunt,Operations,Salesforce,Admin,Alice Johnson,False,2025-11-14 16:29:28.699310
AR004778,EMP00491,Melissa Knight,Engineering,ServiceNow,Read,Bob Smith,True,2025-10-24 16:29:28.699310
AR004779,EMP00328,Stacey Barajas,Engineering,Salesforce,Admin,Carol Davis,True,2025-08-26 16:29:28.699310
AR004780,EMP00495,Sarah Woods,Finance,Salesforce,Read,Alice Johnson,False,2026-03-05 16:29:28.699310
AR004781,EMP00296,Richard Richardson,Finance,GitHub,Write,Bob Smith,True,2026-06-20 16:29:28.699310
AR004782,EMP00327,Joel Peters,Legal,ServiceNow,Admin,Carol Davis,True,2026-03-17 16:29:28.699310
AR004783,EMP00078,Deborah Cooper MD,Security,AWS,Write,Carol Davis,False,2025-12-12 16:29:28.699310
AR004784,EMP00155,Kenneth Miranda,Engineering,AWS,Write,Alice Johnson,False,2026-05-31 16:29:28.699310
AR004785,EMP00145,Michael Adams,Finance,ServiceNow,Read,Carol Davis,False,2025-08-02 16:29:28.699310
AR004786,EMP00220,Daniel Smith,Finance,Active Directory,Write,David Brown,True,2025-11-19 16:29:28.699310
AR004787,EMP00305,Benjamin Stewart,Human Resources,AWS,Read,David Brown,True,2026-01-01 16:29:28.699310
AR004788,EMP00125,Felicia Rocha,Human Resources,Salesforce,Read,Bob Smith,False,2026-06-30 16:29:28.699310
AR004789,EMP00276,Christopher Cuevas,Engineering,Salesforce,Admin,Carol Davis,False,2026-04-14 16:29:28.699310
AR004790,EMP00452,Maurice Martinez,Engineering,AWS,Write,David Brown,True,2026-03-30 16:29:28.699310
AR004791,EMP00203,Colleen Walker,Engineering,Azure,Write,Alice Johnson,True,2025-11-28 16:29:28.699310
AR004792,EMP00429,Jessica Nunez,Engineering,Azure,Write,Bob Smith,False,2026-01-22 16:29:28.699310
AR004793,EMP00151,Paige Harrington,Operations,ServiceNow,Write,David Brown,False,2026-07-21 16:29:28.699310
AR004794,EMP00178,Kelsey Long,Finance,Active Directory,Admin,David Brown,False,2025-10-09 16:29:28.699310
AR004795,EMP00485,Anthony Gaines,Operations,Salesforce,Read,David Brown,False,2025-09-14 16:29:28.699310
AR004796,EMP00306,Kristi Atkins,Security,Active Directory,Admin,Alice Johnson,False,2026-03-13 16:29:28.699310
AR004797,EMP00290,Emily Nelson,Human Resources,Azure,Read,Carol Davis,True,2025-08-05 16:29:28.699310
AR004798,EMP00139,Pamela Howard,Finance,Active Directory,Read,Alice Johnson,True,2026-04-10 16:29:28.699310
AR004799,EMP00301,Craig Simpson,Security,ServiceNow,Write,Bob Smith,False,2025-10-22 16:29:28.699310
AR004800,EMP00106,Gloria Thomas,Operations,ServiceNow,Read,Carol Davis,False,2026-01-31 16:29:28.699310
AR004801,EMP00413,John Foster,IT,Active Directory,Read,Carol Davis,False,2025-12-30 16:29:28.699310
AR004802,EMP00125,Felicia Rocha,Human Resources,Azure,Admin,Bob Smith,False,2025-10-04 16:29:28.699310
AR004803,EMP00480,Joshua Davis,Engineering,Active Directory,Read,Alice Johnson,False,2026-02-21 16:29:28.699310
AR004804,EMP00017,Taylor Mccormick,Engineering,GitHub,Read,David Brown,False,2026-06-05 16:29:28.699310
AR004805,EMP00145,Michael Adams,Finance,Azure,Admin,David Brown,True,2026-01-04 16:29:28.699310
AR004806,EMP00174,Emily Church,Human Resources,GitHub,Read,Bob Smith,False,2026-03-15 16:29:28.699310
AR004807,EMP00277,Jonathan Davis,Operations,ServiceNow,Read,Bob Smith,True,2025-11-15 16:29:28.699310
AR004808,EMP00116,Penny Frazier,Human Resources,ServiceNow,Write,David Brown,False,2025-12-17 16:29:28.699310
AR004809,EMP00128,Harry Green,Security,GitHub,Admin,Carol Davis,False,2025-10-16 16:29:28.699310
AR004810,EMP00385,Beth Nichols,Security,ServiceNow,Read,David Brown,False,2025-11-23 16:29:28.699310
AR004811,EMP00163,Misty Rice,IT,Salesforce,Admin,David Brown,True,2026-03-10 16:29:28.699310
AR004812,EMP00453,Steven Lee,Human Resources,Active Directory,Write,Bob Smith,False,2026-05-29 16:29:28.699310
AR004813,EMP00249,Deborah George,Finance,GitHub,Admin,Carol Davis,False,2026-04-02 16:29:28.699310
AR004814,EMP00435,Ronald Rogers,Legal,GitHub,Read,Carol Davis,True,2026-03-09 16:29:28.699310
AR004815,EMP00448,Michelle Cole,Security,Active Directory,Admin,Alice Johnson,False,2025-12-11 16:29:28.699310
AR004816,EMP00223,Michelle Miller,Finance,Azure,Write,Alice Johnson,True,2025-08-23 16:29:28.699310
AR004817,EMP00312,Rachael Fisher,Engineering,Active Directory,Write,Carol Davis,False,2026-01-10 16:29:28.699310
AR004818,EMP00184,Courtney Lewis,Finance,Azure,Admin,Alice Johnson,True,2026-02-27 16:29:28.699310
AR004819,EMP00337,Jared Reyes,Human Resources,GitHub,Read,David Brown,False,2026-05-30 16:29:28.699310
AR004820,EMP00075,James White,Legal,AWS,Write,Carol Davis,True,2026-01-19 16:29:28.699310
AR004821,EMP00369,Robert French,Human Resources,AWS,Write,Carol Davis,False,2026-06-15 16:29:28.699310
AR004822,EMP00255,Monica Lee,IT,Active Directory,Write,Carol Davis,True,2025-07-31 16:29:28.699310
AR004823,EMP00300,Nicole Reed,Finance,AWS,Read,David Brown,True,2025-12-07 16:29:28.699310
AR004824,EMP00499,Ryan Cummings,Human Resources,Azure,Write,David Brown,True,2025-09-26 16:29:28.699310
AR004825,EMP00441,Anthony Zimmerman,Security,Salesforce,Admin,Bob Smith,True,2026-02-20 16:29:28.699310
AR004826,EMP00259,Margaret Allen,Legal,Salesforce,Read,David Brown,True,2025-12-21 16:29:28.699310
AR004827,EMP00125,Felicia Rocha,Human Resources,Active Directory,Read,David Brown,True,2025-08-20 16:29:28.699310
AR004828,EMP00057,Tyler Levine,Operations,GitHub,Read,Carol Davis,True,2026-06-30 16:29:28.699310
AR004829,EMP00148,Jeremy Bailey,Human Resources,Salesforce,Admin,Carol Davis,False,2026-03-22 16:29:28.699310
AR004830,EMP00490,Brandon Bradford,Human Resources,GitHub,Admin,Bob Smith,False,2026-05-05 16:29:28.699310
AR004831,EMP00371,Karen Harper,Finance,ServiceNow,Write,David Brown,True,2026-01-10 16:29:28.699310
AR004832,EMP00478,Charles Henderson,IT,AWS,Admin,Carol Davis,True,2026-01-27 16:29:28.699310
AR004833,EMP00139,Pamela Howard,Finance,ServiceNow,Write,Alice Johnson,False,2026-01-21 16:29:28.699310
AR004834,EMP00194,Samantha Whitaker,IT,Salesforce,Admin,Alice Johnson,False,2025-08-16 16:29:28.699310
AR004835,EMP00428,Jaime Baker,Legal,Azure,Write,David Brown,True,2026-01-18 16:29:28.699310
AR004836,EMP00260,Thomas Allen,Human Resources,Salesforce,Admin,David Brown,True,2026-04-22 16:29:28.699310
AR004837,EMP00332,David Francis,Security,GitHub,Read,Alice Johnson,False,2026-03-07 16:29:28.699310
AR004838,EMP00179,Miguel Weber,Engineering,Active Directory,Write,Bob Smith,True,2025-08-14 16:29:28.699310
AR004839,EMP00373,David Oneill,Security,Active Directory,Write,David Brown,False,2025-11-02 16:29:28.699310
AR004840,EMP00368,Melissa Michael,Finance,ServiceNow,Write,David Brown,False,2025-12-04 16:29:28.699310
AR004841,EMP00356,Veronica Diaz,Human Resources,Active Directory,Read,David Brown,False,2025-10-10 16:29:28.699310
AR004842,EMP00069,Molly Schaefer,Operations,Active Directory,Read,Bob Smith,True,2026-06-16 16:29:28.699310
AR004843,EMP00084,Stephanie Wyatt,Security,ServiceNow,Write,Carol Davis,True,2025-12-26 16:29:28.699310
AR004844,EMP00053,Daniel Durham,Finance,Salesforce,Read,Alice Johnson,True,2026-04-26 16:29:28.699310
AR004845,EMP00017,Taylor Mccormick,Engineering,Salesforce,Admin,Carol Davis,False,2026-05-13 16:29:28.699310
AR004846,EMP00254,Larry Garcia,IT,AWS,Admin,Alice Johnson,True,2025-11-24 16:29:28.699310
AR004847,EMP00119,Misty Brandt,Finance,Active Directory,Admin,Bob Smith,True,2026-02-05 16:29:28.699310
AR004848,EMP00007,Jessica Atkins,Finance,Salesforce,Read,Bob Smith,False,2026-05-24 16:29:28.699310
AR004849,EMP00298,Patricia Potter,Human Resources,Azure,Admin,Alice Johnson,True,2026-04-06 16:29:28.699310
AR004850,EMP00060,Lydia Huffman,Finance,ServiceNow,Admin,Carol Davis,False,2025-11-19 16:29:28.699310
AR004851,EMP00260,Thomas Allen,Human Resources,Salesforce,Admin,Bob Smith,True,2025-09-21 16:29:28.699310
AR004852,EMP00104,Leonard Davis,Security,Active Directory,Admin,Alice Johnson,True,2025-11-15 16:29:28.699310
AR004853,EMP00468,Angela Irwin,IT,GitHub,Admin,Bob Smith,False,2025-10-01 16:29:28.699310
AR004854,EMP00338,Alexander Dudley,Security,Active Directory,Admin,David Brown,True,2025-09-27 16:29:28.699310
AR004855,EMP00371,Karen Harper,Finance,GitHub,Admin,Carol Davis,True,2026-05-31 16:29:28.699310
AR004856,EMP00318,Traci Edwards,Security,Azure,Write,Alice Johnson,True,2026-04-28 16:29:28.699310
AR004857,EMP00355,Terry Alexander,IT,Active Directory,Read,Carol Davis,False,2026-05-27 16:29:28.699310
AR004858,EMP00025,David Everett,Human Resources,GitHub,Read,Alice Johnson,False,2025-10-20 16:29:28.699310
AR004859,EMP00400,Cheryl Ballard,Human Resources,Azure,Admin,Carol Davis,False,2025-11-30 16:29:28.699310
AR004860,EMP00010,Teresa Booth,Engineering,Active Directory,Write,Bob Smith,False,2025-09-19 16:29:28.699310
AR004861,EMP00316,Richard Carter,Security,AWS,Write,David Brown,False,2025-09-28 16:29:28.699310
AR004862,EMP00491,Melissa Knight,Engineering,ServiceNow,Admin,Carol Davis,True,2026-02-27 16:29:28.699310
AR004863,EMP00156,Michelle Thompson,Human Resources,AWS,Read,Bob Smith,True,2025-12-07 16:29:28.699310
AR004864,EMP00252,Nicholas Taylor,Security,GitHub,Read,Bob Smith,True,2026-05-19 16:29:28.699310
AR004865,EMP00440,Tiffany Brown,Legal,AWS,Read,Alice Johnson,False,2025-11-20 16:29:28.699310
AR004866,EMP00300,Nicole Reed,Finance,ServiceNow,Write,Carol Davis,False,2025-09-09 16:29:28.699310
AR004867,EMP00432,Jennifer Torres,Human Resources,Azure,Write,Bob Smith,True,2025-09-08 16:29:28.699310
AR004868,EMP00417,Ashley Taylor,IT,Salesforce,Write,Bob Smith,False,2025-12-06 16:29:28.699310
AR004869,EMP00484,Joseph Gomez,Finance,Azure,Write,Alice Johnson,False,2026-01-28 16:29:28.699310
AR004870,EMP00318,Traci Edwards,Security,Salesforce,Read,Alice Johnson,True,2026-01-29 16:29:28.699310
AR004871,EMP00208,Kimberly Walker,Operations,ServiceNow,Write,Bob Smith,True,2026-02-14 16:29:28.699310
AR004872,EMP00024,Michael Roberts,Human Resources,Active Directory,Admin,Bob Smith,True,2026-05-30 16:29:28.699310
AR004873,EMP00071,William Maldonado,Human Resources,ServiceNow,Read,David Brown,True,2025-09-30 16:29:28.699310
AR004874,EMP00495,Sarah Woods,Finance,ServiceNow,Write,David Brown,False,2025-08-24 16:29:28.699310
AR004875,EMP00031,Jack Sims,Legal,Salesforce,Admin,Bob Smith,True,2026-03-02 16:29:28.699310
AR004876,EMP00471,Daniel Harris,Engineering,Active Directory,Admin,Bob Smith,True,2025-08-26 16:29:28.699310
AR004877,EMP00051,Richard Velez,Legal,ServiceNow,Read,David Brown,True,2026-07-28 16:29:28.699310
AR004878,EMP00160,Tammy Rodriguez,Legal,Active Directory,Write,David Brown,True,2025-10-04 16:29:28.699310
AR004879,EMP00139,Pamela Howard,Finance,Azure,Read,David Brown,False,2026-03-21 16:29:28.699310
AR004880,EMP00126,Isabel Perez,Engineering,Azure,Write,Bob Smith,False,2026-01-27 16:29:28.699310
AR004881,EMP00160,Tammy Rodriguez,Legal,Azure,Read,David Brown,False,2025-12-23 16:29:28.699310
AR004882,EMP00310,Lauren Tanner,Finance,Active Directory,Read,Carol Davis,True,2026-02-16 16:29:28.699310
AR004883,EMP00194,Samantha Whitaker,IT,ServiceNow,Read,Alice Johnson,True,2026-01-20 16:29:28.699310
AR004884,EMP00462,Michael Graham,Engineering,Active Directory,Read,David Brown,True,2025-12-05 16:29:28.699310
AR004885,EMP00356,Veronica Diaz,Human Resources,Active Directory,Read,Carol Davis,True,2026-05-30 16:29:28.699310
AR004886,EMP00461,Daniel Harris,IT,Salesforce,Write,Carol Davis,True,2026-06-22 16:29:28.699310
AR004887,EMP00244,William Jackson,IT,Salesforce,Admin,Carol Davis,True,2025-12-21 16:29:28.699310
AR004888,EMP00175,Janice Alvarez,Finance,ServiceNow,Read,Carol Davis,True,2025-12-31 16:29:28.699310
AR004889,EMP00157,Nicole Knox,Legal,Salesforce,Read,Carol Davis,True,2026-04-17 16:29:28.699310
AR004890,EMP00203,Colleen Walker,Engineering,Active Directory,Read,Alice Johnson,False,2025-11-28 16:29:28.699310
AR004891,EMP00454,Sarah Phillips,Human Resources,GitHub,Read,Carol Davis,False,2026-02-14 16:29:28.699310
AR004892,EMP00147,Jeffery Moore,Operations,Active Directory,Admin,Bob Smith,True,2025-12-22 16:29:28.699310
AR004893,EMP00090,Leonard Brown,IT,ServiceNow,Write,Bob Smith,False,2026-06-30 16:29:28.699310
AR004894,EMP00307,Theresa Summers,Engineering,GitHub,Read,David Brown,False,2026-01-06 16:29:28.699310
AR004895,EMP00392,Shannon Fernandez,Operations,GitHub,Admin,Carol Davis,True,2026-05-06 16:29:28.699310
AR004896,EMP00395,Darlene Padilla,Engineering,AWS,Admin,David Brown,True,2026-01-12 16:29:28.699310
AR004897,EMP00177,Brett Murray,Finance,AWS,Write,David Brown,True,2025-09-06 16:29:28.699310
AR004898,EMP00100,Terry Rios,Legal,AWS,Read,Carol Davis,True,2025-08-16 16:29:28.699310
AR004899,EMP00011,Justin White,Security,ServiceNow,Admin,Bob Smith,True,2025-12-11 16:29:28.699310
AR004900,EMP00079,Michael Oliver,Operations,ServiceNow,Admin,Carol Davis,True,2025-10-09 16:29:28.699310
AR004901,EMP00095,Steven Gardner,Engineering,Azure,Write,David Brown,False,2025-09-19 16:29:28.699310
AR004902,EMP00303,Judith Wright,Security,AWS,Write,Carol Davis,False,2026-07-08 16:29:28.699310
AR004903,EMP00347,Carlos Smith,Legal,Salesforce,Read,Bob Smith,True,2025-11-25 16:29:28.699310
AR004904,EMP00141,William Durham,Finance,Salesforce,Read,Bob Smith,True,2026-01-09 16:29:28.699310
AR004905,EMP00420,Jeremy Lopez,Legal,Active Directory,Admin,Carol Davis,False,2026-03-19 16:29:28.699310
AR004906,EMP00069,Molly Schaefer,Operations,Active Directory,Admin,Bob Smith,False,2025-11-21 16:29:28.699310
AR004907,EMP00050,Mr. Ronald Wright,IT,Active Directory,Read,Carol Davis,True,2025-10-24 16:29:28.699310
AR004908,EMP00356,Veronica Diaz,Human Resources,GitHub,Read,Bob Smith,True,2026-03-01 16:29:28.699310
AR004909,EMP00200,Matthew Warren,Security,ServiceNow,Admin,Carol Davis,False,2026-06-21 16:29:28.699310
AR004910,EMP00052,Joshua Jones,Engineering,AWS,Write,Carol Davis,False,2026-02-23 16:29:28.699310
AR004911,EMP00136,Luke Marshall,Finance,Salesforce,Write,Carol Davis,False,2025-11-16 16:29:28.699310
AR004912,EMP00115,Benjamin Thompson,IT,ServiceNow,Admin,Carol Davis,True,2025-08-29 16:29:28.699310
AR004913,EMP00456,Alexander Miller,Human Resources,ServiceNow,Read,Bob Smith,True,2025-12-14 16:29:28.699310
AR004914,EMP00374,Patricia Patel,Security,Azure,Read,Alice Johnson,False,2025-08-12 16:29:28.699310
AR004915,EMP00420,Jeremy Lopez,Legal,Active Directory,Admin,David Brown,False,2026-05-20 16:29:28.699310
AR004916,EMP00073,William Velasquez,Human Resources,GitHub,Write,Alice Johnson,True,2025-12-29 16:29:28.699310
AR004917,EMP00297,Jonathan Hampton,Finance,Salesforce,Admin,Alice Johnson,False,2026-02-20 16:29:28.699310
AR004918,EMP00290,Emily Nelson,Human Resources,Azure,Admin,Bob Smith,True,2026-03-13 16:29:28.699310
AR004919,EMP00452,Maurice Martinez,Engineering,AWS,Read,Alice Johnson,False,2025-11-22 16:29:28.699310
AR004920,EMP00085,Kathleen Lynch,Human Resources,Active Directory,Write,Carol Davis,False,2026-02-15 16:29:28.699310
AR004921,EMP00247,David Shah,Finance,ServiceNow,Read,Alice Johnson,True,2026-05-25 16:29:28.699310
AR004922,EMP00062,Mariah Duncan,Finance,AWS,Read,Carol Davis,True,2026-04-06 16:29:28.699310
AR004923,EMP00332,David Francis,Security,ServiceNow,Write,Carol Davis,True,2026-07-20 16:29:28.699310
AR004924,EMP00129,Leslie Preston,Security,Azure,Admin,Alice Johnson,True,2026-06-21 16:29:28.699310
AR004925,EMP00466,Jody Hoffman,Security,GitHub,Admin,David Brown,True,2026-06-17 16:29:28.699310
AR004926,EMP00104,Leonard Davis,Security,GitHub,Write,Alice Johnson,True,2025-08-12 16:29:28.699310
AR004927,EMP00261,Michael Carpenter,Human Resources,Active Directory,Read,David Brown,True,2026-05-05 16:29:28.699310
AR004928,EMP00035,Jonathan Solis,Human Resources,ServiceNow,Admin,Alice Johnson,False,2026-05-20 16:29:28.699310
AR004929,EMP00262,Lisa White,Human Resources,Active Directory,Admin,David Brown,True,2025-12-09 16:29:28.699310
AR004930,EMP00189,Joseph Austin,Legal,Azure,Write,Carol Davis,False,2025-10-04 16:29:28.699310
AR004931,EMP00355,Terry Alexander,IT,Active Directory,Write,Carol Davis,True,2025-12-22 16:29:28.699310
AR004932,EMP00135,Steven Dunn,Engineering,Azure,Write,Carol Davis,False,2025-11-18 16:29:28.699310
AR004933,EMP00290,Emily Nelson,Human Resources,Salesforce,Write,David Brown,True,2026-02-18 16:29:28.699310
AR004934,EMP00215,Jenny Mckinney,Security,ServiceNow,Read,Bob Smith,True,2025-12-31 16:29:28.699310
AR004935,EMP00398,Jonathan Torres,Human Resources,Salesforce,Read,David Brown,True,2026-06-05 16:29:28.699310
AR004936,EMP00470,Teresa Guerrero,Finance,ServiceNow,Write,Alice Johnson,False,2026-05-21 16:29:28.699310
AR004937,EMP00154,Robert Howell,Legal,GitHub,Admin,David Brown,True,2026-02-09 16:29:28.699310
AR004938,EMP00339,Paul Jenkins,Finance,AWS,Read,David Brown,False,2026-04-04 16:29:28.699310
AR004939,EMP00001,John Lopez,Human Resources,Active Directory,Read,Bob Smith,True,2025-12-19 16:29:28.699310
AR004940,EMP00129,Leslie Preston,Security,Active Directory,Read,David Brown,True,2025-10-08 16:29:28.699310
AR004941,EMP00120,Scott Lopez,Engineering,AWS,Write,Alice Johnson,False,2026-06-30 16:29:28.699310
AR004942,EMP00350,Brandon Allison,Engineering,GitHub,Admin,David Brown,False,2026-05-08 16:29:28.699310
AR004943,EMP00354,Monica Craig,Human Resources,Azure,Write,Alice Johnson,True,2025-08-24 16:29:28.699310
AR004944,EMP00393,Omar Williams,Finance,AWS,Read,Alice Johnson,False,2025-08-03 16:29:28.699310
AR004945,EMP00260,Thomas Allen,Human Resources,Active Directory,Admin,Bob Smith,True,2026-01-15 16:29:28.699310
AR004946,EMP00277,Jonathan Davis,Operations,Active Directory,Write,Alice Johnson,False,2026-05-18 16:29:28.699310
AR004947,EMP00425,Kara Parker,Human Resources,AWS,Read,Bob Smith,False,2026-05-27 16:29:28.699310
AR004948,EMP00390,Sherri Vance,Legal,Azure,Read,Alice Johnson,False,2025-08-07 16:29:28.699310
AR004949,EMP00366,Stacey Jimenez,Security,Salesforce,Write,Carol Davis,True,2026-03-22 16:29:28.699310
AR004950,EMP00340,Brett Turner,Engineering,Active Directory,Write,Bob Smith,True,2026-02-15 16:29:28.699310
AR004951,EMP00129,Leslie Preston,Security,ServiceNow,Admin,Bob Smith,False,2026-04-27 16:29:28.699310
AR004952,EMP00212,Sean Franco,IT,ServiceNow,Admin,Carol Davis,False,2025-08-27 16:29:28.699310
AR004953,EMP00311,Mark Deleon,Security,ServiceNow,Write,Carol Davis,False,2026-07-10 16:29:28.699310
AR004954,EMP00452,Maurice Martinez,Engineering,Active Directory,Write,Carol Davis,False,2026-03-26 16:29:28.699310
AR004955,EMP00124,Raymond Mullen,Finance,AWS,Write,Bob Smith,True,2026-07-04 16:29:28.699310
AR004956,EMP00334,Kelly Reese,Human Resources,AWS,Write,Bob Smith,True,2026-02-23 16:29:28.699310
AR004957,EMP00390,Sherri Vance,Legal,Salesforce,Write,Carol Davis,True,2025-10-20 16:29:28.699310
AR004958,EMP00115,Benjamin Thompson,IT,ServiceNow,Admin,Bob Smith,False,2025-08-20 16:29:28.699310
AR004959,EMP00324,Donna Smith,Finance,Azure,Admin,Bob Smith,True,2026-03-13 16:29:28.699310
AR004960,EMP00153,Jennifer Freeman,Security,ServiceNow,Admin,David Brown,False,2025-10-24 16:29:28.699310
AR004961,EMP00237,Deborah Hall,Security,ServiceNow,Admin,David Brown,True,2026-02-28 16:29:28.699310
AR004962,EMP00433,Tyler Garcia,Operations,Salesforce,Admin,Carol Davis,False,2026-04-29 16:29:28.699310
AR004963,EMP00329,Danielle Anderson MD,Engineering,ServiceNow,Admin,Carol Davis,True,2025-09-07 16:29:28.699310
AR004964,EMP00084,Stephanie Wyatt,Security,Salesforce,Read,David Brown,True,2025-09-18 16:29:28.699310
AR004965,EMP00368,Melissa Michael,Finance,Salesforce,Write,David Brown,False,2026-07-04 16:29:28.699310
AR004966,EMP00168,Maxwell Munoz,IT,Salesforce,Admin,Carol Davis,True,2026-05-17 16:29:28.699310
AR004967,EMP00481,Gene Bryant,Human Resources,Salesforce,Write,Alice Johnson,False,2026-04-15 16:29:28.699310
AR004968,EMP00302,Breanna Hester,Finance,ServiceNow,Read,Bob Smith,False,2026-01-19 16:29:28.699310
AR004969,EMP00191,Kristy Cruz,Security,Azure,Admin,David Brown,False,2026-04-15 16:29:28.699310
AR004970,EMP00169,Joseph Young,Security,Salesforce,Read,David Brown,True,2026-01-21 16:29:28.699310
AR004971,EMP00236,Heidi Chambers,Engineering,Salesforce,Read,Carol Davis,True,2026-03-04 16:29:28.699310
AR004972,EMP00096,Lauren Jensen,Human Resources,Active Directory,Write,Carol Davis,True,2025-08-07 16:29:28.699310
AR004973,EMP00239,Jimmy Hernandez,Operations,Salesforce,Write,Bob Smith,False,2025-11-19 16:29:28.699310
AR004974,EMP00298,Patricia Potter,Human Resources,Active Directory,Read,Carol Davis,True,2026-01-06 16:29:28.699310
AR004975,EMP00439,Mia Davis,IT,AWS,Read,Carol Davis,True,2025-11-15 16:29:28.699310
AR004976,EMP00347,Carlos Smith,Legal,Azure,Read,Carol Davis,True,2025-12-05 16:29:28.699310
AR004977,EMP00388,Kari Pace,Legal,Active Directory,Write,David Brown,False,2026-06-20 16:29:28.699310
AR004978,EMP00232,David Henson,Engineering,Azure,Admin,Alice Johnson,True,2025-10-19 16:29:28.699310
AR004979,EMP00098,Susan Mckay,Human Resources,Active Directory,Write,Carol Davis,True,2026-04-10 16:29:28.699310
AR004980,EMP00158,Cassie Hoffman,Security,ServiceNow,Write,Bob Smith,True,2025-08-04 16:29:28.699310
AR004981,EMP00016,Stacey Jenkins,Engineering,Azure,Write,Bob Smith,False,2025-10-29 16:29:28.699310
AR004982,EMP00063,Tricia Moody,Operations,AWS,Admin,Bob Smith,False,2025-11-06 16:29:28.699310
AR004983,EMP00156,Michelle Thompson,Human Resources,Salesforce,Admin,Carol Davis,False,2025-12-08 16:29:28.699310
AR004984,EMP00029,Jeffrey Sullivan,IT,Salesforce,Admin,David Brown,True,2025-12-05 16:29:28.699310
AR004985,EMP00226,Lynn Mercado,Operations,GitHub,Read,David Brown,False,2026-03-25 16:29:28.699310
AR004986,EMP00225,Sarah Anthony,Operations,ServiceNow,Read,David Brown,True,2025-11-04 16:29:28.699310
AR004987,EMP00428,Jaime Baker,Legal,Azure,Write,Bob Smith,False,2026-05-10 16:29:28.699310
AR004988,EMP00184,Courtney Lewis,Finance,GitHub,Write,Alice Johnson,True,2026-01-09 16:29:28.699310
AR004989,EMP00074,Melissa Monroe,Human Resources,ServiceNow,Read,David Brown,True,2026-07-14 16:29:28.699310
AR004990,EMP00196,Melissa Dudley,Engineering,ServiceNow,Admin,Bob Smith,False,2025-09-16 16:29:28.699310
AR004991,EMP00327,Joel Peters,Legal,ServiceNow,Write,Carol Davis,False,2025-12-07 16:29:28.699310
AR004992,EMP00438,Michael Fisher,IT,AWS,Write,Bob Smith,False,2025-12-27 16:29:28.699310
AR004993,EMP00429,Jessica Nunez,Engineering,ServiceNow,Write,Carol Davis,True,2026-05-11 16:29:28.699310
AR004994,EMP00355,Terry Alexander,IT,GitHub,Read,Alice Johnson,True,2025-09-09 16:29:28.699310
AR004995,EMP00280,Benjamin Gray,Legal,AWS,Write,Alice Johnson,False,2025-10-30 16:29:28.699310
AR004996,EMP00275,Michael Gutierrez,IT,Azure,Read,Carol Davis,True,2026-06-20 16:29:28.699310
AR004997,EMP00312,Rachael Fisher,Engineering,Azure,Write,Bob Smith,True,2026-07-19 16:29:28.699310
AR004998,EMP00386,Shawn Leblanc,Human Resources,Azure,Write,Alice Johnson,False,2025-08-23 16:29:28.699310
AR004999,EMP00481,Gene Bryant,Human Resources,ServiceNow,Read,David Brown,False,2025-11-20 16:29:28.699310
AR005000,EMP00194,Samantha Whitaker,IT,Active Directory,Admin,Carol Davis,True,2025-12-07 16:29:28.699310
